:020000022000DC
:1070000000000420617D0300A17D0300A37D030037
:10701000A57D0300A77D0300A97D030000000000FB
:10702000000000000000000000000000DD7C030004
:10703000AD7D030000000000FD7C0300B17D030076
:10704000B57F0300B37D0300B37D0300B37D030070
:10705000B37D0300B37D0300B37D0300B37D030064
:10706000B37D0300B37D0300B37D0300B37D030054
:10707000B37D0300B37D0300B37D0300B37D030044
:10708000B37D0300617A0300B37D0300B37D030089
:10709000B37D0300B37D030039490300B37D0300D2
:1070A000B37D0300B37D0300B37D0300B37D030014
:1070B000B37D0300B37D030000000000000000006A
:1070C000B37D0300B37D0300B37D0300B37D0300F4
:1070D000B37D0300B37D0300B37D0300F17B0200A9
:1070E000B37D0300B37D0300B37D03000000000007
:1070F00000000000B37D030000000000B37D03002A
:10710000000000000000000000000000000000007F
:10711000000000000000000000000000000000006F
:10712000000000000000000000000000000000005F
:10713000000000000000000000000000000000004F
:10714000000000000000000000000000000000003F
:10715000000000000000000000000000000000002F
:10716000000000000000000000000000000000001F
:10717000000000000000000000000000000000000F
:1071800000000000000000000000000000000000FF
:1071900000000000000000000000000000000000EF
:1071A00000000000000000000000000000000000DF
:1071B00000000000000000000000000000000000CF
:1071C00000000000000000000000000000000000BF
:1071D00000000000000000000000000000000000AF
:1071E000000000000000000000000000000000009F
:1071F000000000000000000000000000000000008F
:10720000F1EE103A43F08073E1EE103A704700BFA0
:1072100010B5054C237833B9044B13B10448AFF3D0
:1072200000800123237010BD606300200000000077
:10723000AC39040008B5034B1BB103490348AFF355
:10724000008008BD0000000064630020AC39040029
:10725000154B002B08BF134B9D46A3F5803A002128
:107260008B460F461348144A121A16F04AFB0F4B6E
:10727000002B00D098470E4B002B00D098470020E1
:10728000002104000D000D48002802D00C48AFF387
:10729000008016F0B9FA2000290010F0B3FD16F0B6
:1072A0008DFA00BF0000080000000420000000006C
:1072B0000000000060630020149600200000000021
:1072C000000000000146014800F0EEB99C63002078
:1072D00038B500F02FF940B10024054620460134AE
:1072E00000F0B4FDE0B28542F9D838BD70B592B077
:1072F0001D460C46164601A84222002116F001FB4D
:10730000412D02D8002012B070BD621CD2B20223FF
:107310008DF806408DF80E408DF826408DF81E2021
:107320008DF827208DF8312040F20945052240F2E2
:1073300001248DF807308DF808308DF809308DF86C
:1073400012308DF821308DF822308DF833308DF8E1
:107350003B30ADF80C502423ADF810408DF81520CB
:107360008DF823201B4D8DF81630042201248DF852
:1073700020308DF8243006958DF81C408DF81F20A4
:107380008DF830203046144D0A9540F60836082313
:107390004FF411640A22ADF804608DF82C30ADF87A
:1073A0002E4040238DF8342001A9062640F20755CF
:1073B0000A4C8DF825604222ADF838508DF83C30EB
:1073C0008DF84330CDF83F4016F077FA422012B0E6
:1073D00070BD00BF2001052407058003070580025A
:1073E000A0F11000FFF782BF007EFF2806D010B585
:1073F00000F08EFC044618B1204610BD00207047F6
:1074000010F02CFF204610BD007EFF280ED000B5E6
:1074100083B00DF1070100F0BFFC20B19DF807001B
:1074200003B05DF804FB4FF0FF30F9E74FF0FF3099
:10743000704700BF007EFF2811D000B583B0012245
:107440000DF1070100F070FC20B94FF0FF3003B0E0
:107450005DF804FB9DF8070003B05DF804FB4FF0F6
:10746000FF307047007EFF2801D000F0EFBC70476E
:10747000007EFF2801D000F02FBD0020704700BF24
:10748000F8B50646007EFF281CD017465AB10D46B7
:10749000144600F017FC2946224680B1307E00F0E9
:1074A00085FC241A01D13846F8BD054410F0D6FEFB
:1074B000307E00F007FC294622460028EED13F1B13
:1074C0003846F1E70020F8BD70B50368184A5B68DC
:1074D00082B093428DF8071024D10546007EFF2824
:1074E0001DD000F0EFFB0DF10706012431462246C6
:1074F00088B1287E00F05AFC241A02D1012002B083
:1075000070BD064410F0AAFE287E00F0DBFB314679
:1075100022460028EDD1C4F1010002B070BD002068
:1075200002B070BD01220DF10701984702B070BD95
:1075300081740200014B1878704700BF98630020E7
:10754000037EFF2B00D07047064B1A78002AFAD131
:10755000054902764161012200F1100103481A70C9
:1075600000F042B898630020300C04009C630020B7
:10757000007EFF2807D000B583B000F0A3FB20B148
:1075800003B05DF804FB00207047019010F066FE28
:10759000019803B05DF804FB01B900B1704700B574
:1075A00083B0694600F0A4FB009BB3F5966F02D050
:1075B00003B05DF804FB00F031FBF9E730B4084B91
:1075C000084AFF2002F108054FF47A740021303296
:1075D00018761D609C601A615960596130BC704713
:1075E0007C630020400C0400F8B5B0F81821446911
:1075F000B0F81A31054608680E469B1A144407680D
:1076000095F81C119BB222463046B84750B3221859
:10761000944229D2766806E0052B32D023780BB34A
:107620001C44A24220D96378042BF5D1E378002BC7
:10763000F4D195F81C11013185F81C11002EEDD004
:1076400095F840110729E9D801F1480745F8276066
:10765000217295F84011013185F840111E462378BA
:10766000002BDDD10020F8BDB5F818216B6910445E
:1076700080B2A5F81801588095F81C211A710120D4
:10768000F8BD94F90230002B08DB95F81E31591C27
:1076900085F81E11A1780B43A370BFE795F81D3143
:1076A000591C85F81D11F5E72DE9F0472A4DDFF843
:1076B000B490DFF8B4A0AC4604468846BCE80F009E
:1076C00088B003AF0FC703AE0FCE05F1140E2546E9
:1076D0000FC59EE80700DCF800303B806B4636683B
:1076E0002E8003C36B4603CB04F1180700234FF42D
:1076F000807E012640F2094CA06184F82020676159
:1077000040F2EF22154FE1610420C4F818914FF4C4
:10771000E131A4F81CE1C4F82C31C4F83031C4F8CC
:107720003431C4F83831C4F83C31C4F820C184F88D
:107730004001A28084F81E61A671C4F824A1C4F897
:1077400028710748FFF7FCFE404600F055FA304626
:1077500008B0BDE8F08700BF740C0400B40C04004E
:107760007C63002009000001A40C04002DE9F04F07
:1077700005468BB0002900F0E480032930D090F852
:1077800040318B4240F2EE8001F14803774F50F8D0
:1077900023400021084605F5A276235C04EB000C8B
:1077A000B3B103F14002D2B2012A0BD9F42B09D8AC
:1077B0001A064CD44FF00108A3F55842B2F5006FF9
:1077C00080F09A80013004EB000C235C002BE8D1A0
:1077D000CBB201335B0043F4407305F5A17C30E08C
:1077E00002A800F01DFA05F5A17C019010B3431E1C
:1077F000DBB205F5A37B5E4F0DF1080A0BEB830BA3
:10780000E64606AE97E80F001AF8018B86E80F00EF
:1078100008F00F090AACA14404EB181819F8109CE1
:1078200018F8103CAEF80490AEF802300EF1040ED9
:10783000DE45E7D1019B5B00DBB201335B0043F423
:107840004073A5F8423160460BB0BDE8F08F03F0FD
:10785000E002C02A5ED003F0F002E02A7AD003F002
:10786000F802F02AAED103F007024FF004089CF8AA
:10787000013003F0C00EBEF1800FA3D19CF802E0EE
:107880000EF0C00903F03F03B9F1800F43EA821301
:1078900098D10EF03F0EB8F1030F4EEA831332D0A9
:1078A0009CF8032002F0C00CBCF1800F8AD102F0DA
:1078B0003F0242EA8313A3F58032BA4282D8A3F58D
:1078C000584CBCF5006FFFF47DAFB3F5803F00F17D
:1078D000040012D31E293FF77BAF4B004FEA922CD6
:1078E0003344C2F30902ACF5205CA2F5105226F82D
:1078F00011C05A80023150E7404420292FD026F889
:107900001130013149E7A3F50062B2F5784FFFF479
:1079100053AF57E79CF8012002F0C00CBCF1800F78
:1079200003F01F037FF44EAF02F03F0242EA8313DD
:10793000A3F18002B2F5F06FBFF444AF4FF002083C
:107940003AE7D0F82031A0F8443100F5A17C4FF49B
:10795000417376E703F00F024FF0030887E740F228
:1079600042333AE74FF0000C6DE700BFFFFF0F0016
:10797000940C0400004870479C630020014B586938
:10798000704700BF9C6300200A4601460148FFF78C
:10799000EDBE00BF9C630020024B186800B1006977
:1079A000704700BF2065002030B40848BDF808507B
:1079B000046844B1646934B10846A44611461A46C5
:1079C0002B4630BC6047002030BC7047206500204B
:1079D00030B40848BDF80850046844B1A46934B113
:1079E0000846A44611461A462B4630BC604730BCB8
:1079F000704700BF2065002000207047024B1868C8
:107A000008B190F850007047246500202DE9F04738
:107A1000244C2468002C3FD04FEAC0091E4609EBD5
:107A2000000304EB83031746D3F818A088460546E5
:107A3000BAF1000F32D0504616F052FE4D4404EB1E
:107A40008504D4E90754DFF864C0174B08280246C0
:107A5000514628BF08224046002D08BF6546002C2D
:107A600008BF1C4615F029FF284616F039FE1028DD
:107A70000246294628BF1022384615F01EFF204630
:107A800016F02EFE042802462146304628BF042266
:107A9000BDE8F04715F011BFBDE8F087DFF810A092
:107AA0000820CBE724650020E00C0400D00C040083
:107AB000C40C0400F8B50B4F3B6883B1C5002E1809
:107AC00003EB8606044672691AB190473B6886F854
:107AD0002A002C4403EB840393F82A00F8BD1846CF
:107AE000F8BD00BF24650020054B1B683BB100EBCF
:107AF000C00003EB8003586A1B8D08601380704739
:107B0000246500200A781E2A01D10020704710B594
:107B100020221C460521002300F0AEFF204610BDA8
:107B200070B40A4C039A24685CB100EBC00504EB06
:107B30008504A4682CB10E4630461946234670BC15
:107B400018474FF0FF3070BC704700BF246500201D
:107B500070B40A4C039A24685CB100EBC00504EBD6
:107B60008504E4682CB10E4630461946234670BCA5
:107B700018474FF0FF3070BC704700BF24650020ED
:107B8000054B1B6833B100EBC00003EB80031B699E
:107B900003B11847704700BF2465002000B5114BA2
:107BA000402283B083F8272304F062F84FF080432B
:107BB00002A80024D3F8385400F8084D10F07CF9DE
:107BC00002A8094B40F8043D10F0C6F910F0D6F9B0
:107BD000EB0702D401F0F2FEFCE7204603F08CFE36
:107BE000F8E700BF00E100E0ED7B020003F084BE97
:107BF000002003F0D9BA00BF00B5002383B00322F0
:107C0000CDE9002303490448C8220EF059FE03B011
:107C10005DF804FBE40C04009D7B020010F0B4BC92
:107C20004FF08052536E1BBA0360136E1BBA436051
:107C30000820704700487047EC0C040070B51F4CDA
:107C40002368E3B1C9B91578C5F34115012D11D0E9
:107C5000022D16D15478012C25D0022C0DD19388F9
:107C6000072B0ED1164C114623892246BDE87040E1
:107C700002F06ABE5178222905D0012070BD184655
:107C800070BD084670BD11465288003218BF0122EF
:107C90001A7602F041FE2268136A002BEDD0107EA6
:107CA0009847284670BDDC6934B1114623782246D6
:107CB000BDE8704002F048BE204670BD2865002037
:107CC0000460002010B5044601F0DAFD08B9002078
:107CD00010BD01F0DDFD0028F9D1044B4FF45A72BC
:107CE00002FB0434207900F0010010BD2C65002057
:107CF000064A4FF45A7303FB002050F8063F0B600E
:107D0000838882798A718B80704700BF2C65002040
:107D100008B5044A4FF45A7303FB0020103001F0F9
:107D200027FC08BD2C6500202DE9F0414FF45A7561
:107D300005FB00F5174E05F11004344492B22046BD
:107D400001F040FC0746204601F02AFC3F2802D8FB
:107D50003846BDE8F08106EB0508002098F80310CE
:107D600002F016FD0028F3D0204601F019FC3F2850
:107D700005D898F80310002002F03CFDE8E705F56F
:107D80003A72324498F803104023002002F05EFD5E
:107D9000DEE700BF2C650020034A4FF45A7303FB53
:107DA0000020103001F07CBC2C6500202DE9F84348
:107DB0004FF45A7505FB00F5224E05F12C043444AE
:107DC00092B2204601F0AAFC0746204601F0D0FB03
:107DD0003F2802D83846BDE8F88301F051FD00285D
:107DE000F8D001F055FD80460028F3D1204601F07F
:107DF000BFFB0028EED006EB0509404699F80210BB
:107E000002F0C6FC0028E5D005F54A753544204649
:107E10002946402201F0D6FB034668B12A4699F86C
:107E20000210404602F012FD0028D3D1064B1B6819
:107E3000DB07CFD500BECDE799F8021002F0DAFCDF
:107E4000C8E700BF2C650020F0ED00E02DE9F0410F
:107E5000054601F015FD10B90020BDE8F08101F0E4
:107E600017FD06460028F7D14FF45A7404FB05F4B9
:107E7000174F04F12C053D44284601F079FB0028FA
:107E8000EAD007EB0408304698F8021002F080FCB4
:107E90000028E1D004F54A74274428463946402298
:107EA00001F090FB044668B13A4698F8021030465B
:107EB000234602F0CBFC48B9064B1B68DB07CBD549
:107EC00000BECAE798F8021002F094FC2046C4E70E
:107ED0002C650020F0ED00E008B5044A4FF45A7319
:107EE00003FB00202C3001F05BFB08BD2C6500205B
:107EF000F0B51B4C83B000214FF45A722046012587
:107F00000E4615F0FEFCFF234FF4424204F14801F7
:107F10006371E2802B460827009604F110004FF4AD
:107F200080722773258101F0E7FA2B464FF48072A7
:107F300004F5A471009504F12C0001F0DDFA04F5BC
:107F4000127128460DF00AFF04F52671A06228463A
:107F500066620DF003FFC4E9100603B0F0BD00BF78
:107F60002C65002010B5094B002203F12C0403F10D
:107F700010001A601A7101F03BFC204601F038FC39
:107F800020460121BDE8104001F05ABC2C650020BC
:107F90002DE9F0414B79022B82B004D00025284610
:107FA00002B0BDE8F0818B79022BF7D1304EB37867
:107FB0002BB1304B1B68DB07F0D500BEEEE78B78AA
:107FC00033700C780C4407466378242B4FF0090576
:107FD0000BD1082A02D822E0AA4220D323781C44DD
:107FE0001D446378242BADB2F6D0052B2CD0042B86
:107FF00015D163790A2B12D11F4A94F8008001929F
:10800000022301320092384604EB08011A4602F0BE
:1080100023FB0028CDD00E3518FA85F5ADB21748F0
:1080200001F0BEFA3F28BAD9F178002002F0B0FB87
:108030000028B4D0114801F0B3FA3F28F17811D8E4
:10804000002002F0D7FBAAE72146384602F080FB69
:108050000028AED0A378737023781C441D44ADB2C1
:108060006378C4E7064A4023002002F0EFFB96E75E
:108070002C650020F0ED00E02E6500203C6500201E
:108080001468002038B5137803F06003202B01D06A
:10809000002038BD254C938825789D42F8D153782F
:1080A000203B032BF4D8DFE803F0271E070281B33F
:1080B000022933D0012038BD59B30229FAD155889D
:1080C0001B482571E94301F0010101F0B9FB194B8F
:1080D000002BEFD0C5F3400205F001010020FFF7AF
:1080E0005BFA012038BD0029E4D111460723124A6A
:1080F00002F02AFC012038BD0029F6D00229D9D18E
:108100000E4B002BD6D00C490020AFF3008001208D
:1081100038BD114602F000FC012038BD084B002B91
:10812000C8D051880020AFF30080C3E72C65002041
:10813000586500209975020032650020000000009B
:10814000000000002DE9F047574CE2788A420D46C6
:1081500007461E4656D19AB204F53A7104F1100052
:1081600001F0DCFA514BD3B16379FF2B17D0B6B1D4
:1081700004F2E72808EB060AA8F2D72902E0C24574
:108180000DD0637918F8012F9A42F8D1484601F0D2
:10819000FFF90028F3D16179AFF30080EFE7444B9A
:1081A00023B1444801F0F4F900285DD0414801F0C2
:1081B000F7F93F285BD8A378AB4203D001252846C6
:1081C000BDE8F0873C4B13B10020AFF3008001F015
:1081D00057FB20BB394801F0CBF90028EED1002E27
:1081E000ECD016F03F06E9D1A178384602F0D0FA7B
:1081F00005460028E2D0A17838463346324602F0E0
:1082000025FBDCE7A3788B42DCD02D4B1D6815F0F5
:108210000105D4D000BE00252846BDE8F08701F056
:1082200037FB05460028D5D1244801F0A1F90028E4
:10823000D0D0A178284602F0ABFA0028CAD0214954
:108240004022A1F53F7001F0BDF9034638B328463E
:108250001C4AA17802F0FAFA0028AFD1184B1B682B
:10826000DB07B7D500BEB5E7AFF300809EE7E17846
:10827000002002F08DFA00289DD00E4801F090F900
:108280003F2804D8E178002002F0B4FA93E74023B5
:108290000D4AE178002002F0D9FAA3788CE7A178A2
:1082A00002F0A8FA96E700BF2C650020000000004D
:1082B000000000003C650020000000005865002020
:1082C000F0ED00E054680020146800208C220021AA
:1082D000014815F016BB00BF946800208C220021D5
:1082E000014815F00EBB00BF946800202DE9F04155
:1082F0004B79032B82B004D00024204602B0BDE8A5
:10830000F0810D79C5EBC5041234A4B2944205D9AD
:10831000224B1B68DA07EFD500BEEDE7204F7A78D5
:10832000002AF5D191F800E001EB0E0C9CF80180D9
:10833000B8F1210FECD1C7F888C0884611F80E10AB
:1083400007F1010E614407F1020C2A46CDE900CE87
:10835000064602F081F90028DAD098F80630B9789C
:10836000012B04BF98F80730FB700122D7F8883042
:108370003A7198F80220B3F807303A70FB80002970
:10838000BBD030464023074A02F060FA0028B4D13F
:10839000024B1B68DB07B0D500BEAEE7F0ED00E096
:1083A00094680020DC6800202DE9F041137803F088
:1083B0001F04012C82B003D0002002B0BDE8F08180
:1083C000DFF8D881968898F80070F6B2B742F3D1FA
:1083D00013F0600305460F46164617D100293BD11E
:1083E0005378062BE8D153881B0A212B00F090808C
:1083F000222BE1D10846FFF7CFFAB8F80630024643
:108400003146284602F0A0FA2046D6E7202BD3D1E9
:108410005378013B0A2BCFD801A252F823F000BFBA
:10842000C9840200B78402004D840200B9830200AF
:10843000B9830200B9830200B9830200B983020044
:10844000A18402007B8402005D84020021B93146D0
:108450000123494A02F078FA0120AEE7D1B102299E
:10846000FAD17188454BC9B288F80410002BF3D0BB
:108470000020AFF3008001209FE70029ECD1718834
:108480003F4B090A88F8051023B13846AFF3008046
:10849000002891D03146284602F03EFA01208CE7B0
:1084A000002941D1F388402B86D83146354A02F065
:1084B0004BFA012081E70029CED131460123324A0F
:1084C00002F042FA012078E70029C5D1F4887388C8
:1084D000402C204628BF402013F0FF014FEA132212
:1084E0003CD0012C3AD90138284B88F8081080B2CA
:1084F000012700900020FFF757FA3B189BB27BBB87
:10850000234A1268D2077FF557AF00BE184654E7DA
:10851000D8F88820002A3FF44FAF1378314602B0D4
:10852000BDE8F04102F010BA022995D1F4887388B1
:10853000402C204628BF402013F0FF014FEA1322B1
:1085400005D0012C03D998F848308B420FD00D4B41
:1085500000900020FFF73CFA01202EE70D4BC8E702
:10856000314628460B4A02F0EFF9012025E7013891
:1085700080B2094BECE700BF9868002000000000C3
:1085800000000000DC680020996800209D68002041
:10859000F0ED00E09C680020DD6800209468002079
:1085A000F0B51C4CA57866788D4283B00BD1B542EE
:1085B00016D1194A22B1DAB218490020AFF300806F
:1085C000012003B0F0BDB142F3D0154B1B68DB07AF
:1085D00003D500BE002003B0F0BD002003B0F0BD05
:1085E00000229BB2114607460093104604F148034F
:1085F000FFF7EEF93846402304F14802A17802F073
:1086000025F90028DCD1064B1B68DA07E5D500BE4A
:10861000D7E700BF94680020000000009C6800209D
:10862000F0ED00E030B5154C83B000210D464FF45D
:108630001A72204615F065F904F1480104F11000A2
:1086400000950123802200F057FF0123802204F1CE
:10865000C801009504F12C0000F04EFF04F5A47150
:1086600001200DF07BFB04F5CC71A0620120656256
:108670000DF074FBC4E9100503B030BD6C9300200D
:1086800010B5084C002304F11000C4E90033C4E91C
:10869000023301F0ADF804F12C00BDE8104001F008
:1086A000A7B800BF6C9300202DE9F0474B79012B50
:1086B00003D000242046BDE8F0878B79012BF8D148
:1086C000CB79002BF5D10B78CD1899B26C78242C8E
:1086D0000BD1914202D9ECE78A42EAD32B781D44B0
:1086E0000B446C78242C99B2F6D0042CE1D16B7930
:1086F000012BDED1AB79032BDBD1EB79002BD8D169
:10870000DFF8B88098F8013013B998F802702FB1EB
:10871000274B1B68DB07CCD500BECAE7AB7888F8CF
:1087200000302E7892462A798B1981469CB22E44CD
:1087300032B91FE0337897421C44A4B21E4419D2C8
:10874000A24517D37378052BF4D13146484601F082
:10875000FFFF0028DCD0B378DA0914BF88F80130B5
:1087600088F8023033782A7901371C44FFB2A4B26A
:108770001E44DFE70F4800F013FF3F289AD998F80E
:108780000210002002F004F8002893D0094800F0FD
:1087900007FF3F2898F8021003D8002002F02AF8BB
:1087A00088E7054A4023002002F050F882E700BF26
:1087B000F0ED00E07C930020549500206C930020A5
:1087C00000207047F8B53D4CA2788A421F4613D16D
:1087D0009AB204F5F47104F1100000F09FFF384BD9
:1087E00013B10020AFF30080364800F0D9FE3F28D7
:1087F0002CD801252846F8BD63788B4208D0324B2F
:108800001D6815F00105F5D000BE00252846F8BD0D
:10881000064604F12C0000F0ABFE40BB2B4800F0F4
:10882000A7FE0028E5D1002FE3D017F03F07E0D1E5
:108830006178304601F0ACFF05460028D9D0617858
:1088400030463B463A4602F001F8D3E7A1780020D3
:1088500001F09EFF05460028CBD01A4800F0A0FE8C
:108860003F28A17820D8002001F0C4FFC2E761783A
:10887000002001F08DFF0028D0D0402204F50A71BD
:1088800004F12C0000F09EFE034698B104F50A7234
:108890006178002001F0DAFF0028AAD10A4B1B689A
:1088A000DB07BBD500BEB9E7094A4023002001F031
:1088B000CDFF9FE7617801F09DFFAFE76C9300204B
:1088C000000000007C930020F0ED00E09893002071
:1088D0005495002030B4114B9C689A6B93F83C502F
:1088E00083F82C10A21A022183F830109A6225B95D
:1088F00042F2050183F83E50998744B13AB11A7BA0
:10890000D20906D193F82F1030BC01F0DBBF30BC88
:10891000704793F82E1030BC01F0D4BF206B0020BC
:1089200038B5214B214C05461BB1607BAFF300806D
:10893000A8B1A06BA36894F82F101D4A1B1AB3F5B9
:10894000007F28BF4FF4007328469BB201F07EFFE2
:1089500020B9184B1B68DB0700D500BE38BDA268E4
:10896000A36B84F83E0042F20771D31A0120A1875D
:108970000221A36284F82C0084F83010002AEDD084
:10898000002BEBD0237BDB0906D194F82F1028466F
:10899000BDE8384001F096BF94F82E102846BDE897
:1089A000384001F08FBF00BF00000000206B0020A6
:1089B00020690020F0ED00E070B52C4CE28AA3683D
:1089C00052BA92B282B0054612B1B3FBF2F292B241
:1089D000A66BD4F81110607B9B1BB3F5007F28BFFA
:1089E0004FF4007309BA0093B6FBF2F302FB136273
:1089F00019441F4BFFF794F8031E16DB94F82E1052
:108A00000CD09BB228461A4A01F020FF58B9194BE6
:108A10001B68DB0707D500BE02B070BD0093284677
:108A20001A4601F0E5FD02B070BDA268A36B43F2E7
:108A300003300021D31AA08784F83E1001200221C0
:108A4000A36284F82C0084F83010002AEBD0002BAD
:108A5000E9D0237BDB0914BF94F82E1094F82F1073
:108A6000284602B0BDE8704001F02CBF206B00200A
:108A700020690020F0ED00E010B4054C012084F8DE
:108A80003C1084F83D2084F83E305DF8044B70477C
:108A9000206B002040220021014814F032BF00BFAB
:108AA000206B002040220021014814F02ABF00BFA3
:108AB000206B00204B79082B01D0002070478B7968
:108AC000062BFAD1CB79502BF7D1162A06D81C4B9E
:108AD0001B68D907F1D500BE0020704770B5194D4D
:108AE0008B7885F82D300B7882B005F12F0205F1D7
:108AF0002E0619440223CDE900261A46044601F049
:108B0000ABFD48B90E4B1B68DA0702D500BE02B0B8
:108B100070BD002002B070BD20461F2300242A46ED
:108B200095F82F1085F8304001F090FE30B9044BD5
:108B30001B68DB0702D500BE1720E8E71720E6E731
:108B4000F0ED00E0206B002079B970B50B4611788C
:108B500001F07F04022C84B0054608D001F06001CA
:108B6000202938D0002004B070BD0120704754780F
:108B7000012CF3D151880029F4D13E4E918896F80A
:108B80003030042BC9B270D096F82E208A425AD0C9
:108B900096F82F408C4253D1002B51D1214601F041
:108BA00083FE00284CD12146284601F0A7FE00286C
:108BB00046D1002386F83030284696F82F102D4AEB
:108BC0001F2301F043FE00283AD12B4B1B68DB0723
:108BD000C8D500BEC7E75178FE2916D0FF29C1D1FC
:108BE0005388002BBED1D488A3B2002BBAD1214E1A
:108BF0001146284686F83030C6E90D33B48786F82A
:108C00003E3001F089FE0120ADE751880029A9D14D
:108C1000D1880129A6D119488DF80F1038B10192D9
:108C2000FEF7ECFE019A00289CD0431EDBB204AC98
:108C3000114604F8013D28462246012301F084FE36
:108C4000012004B070BD022BFAD1B46BB3681B1BBA
:108C500011460324B36206F120020D2386F830404A
:108C600001F0F4FD0028B0D0EAE701F02BFE204629
:108C700079E700BF206B0020F0ED00E0FD790200F5
:108C8000F0B5A24C94F83050012D8FB01E46074627
:108C900044D02AD3032D04D0022D5FD001200FB081
:108CA000F0BD94F82E308B42F8D10D2EF6D1E37B37
:108CB000282B00F022812A2B40F01581944B13B110
:108CC000607BFEF75DFF002084F830001F238F4A91
:108CD00094F82F10384601F0B9FD002872D18D4B61
:108CE0001B68DA0771D500BED9E794F82F208A42B5
:108CF000D4D11F2B03D1884B2168994267D004231C
:108D000094F82E1084F83030384601F0DBFD3846F8
:108D100094F82F1001F0D6FD0020C0E7E27BA36B92
:108D2000282A12D02A2A00F08A80217B626B1E44F6
:108D3000CB09A66377D0B2420DD9764B1B68DB070F
:108D400040D500BE94F83050A6E7626B1E449642B0
:108D5000A663C0F0B880022384F8303094F82E1057
:108D6000384601F0CBFD002898D1A368A26B94F897
:108D70002E10934202D9207BC00950D19A1A0325A4
:108D8000A26238460D23654A84F8305001F05EFD3A
:108D90000028A4D082E704AA05A9FEF7A5FE059B3A
:108DA00023B1BDF81020002A40F0928294F83C30A4
:108DB00023B940F2024284F83E30A28701213846AE
:108DC000FFF788FD94F8305066E7002067E7544BC2
:108DD000E57B6168236200236162A362012184F85C
:108DE0002C30A363282DA36884F83010636300F04F
:108DF000C0802A2D53D0002B00F01481217BC9099B
:108E000040F01081B3F5007F00F22B8211469BB237
:108E1000444A01F01BFD00283FF461AFD2E7384619
:108E200001F050FD3AE793B2607B3E4A04F10F0136
:108E3000FEF768FE00287BDBA66B626B7BE7E28AAD
:108E400052BA92B21AB1A168B1FBF2F292B2D4F85E
:108E50001110344DB3FBF2FC09BA02FB1C32607BEB
:108E6000009661442B46FEF773FE0028C0F2B680E0
:108E700086422DD9361A38B1A36B291803443246DD
:108E80002846A36314F024FD002394F82F100093C8
:108E90003246384601F0ACFB94F83050FCE6E18AEB
:108EA00049BA89B2002B68D0207BC00940F08B8082
:108EB000002900F0EC81B3FBF1F1002900F00482FD
:108EC000282D38460CD1FFF777FD94F83050E3E6B3
:108ED000D4E90D231E449642A663BFF43CAF384646
:108EE000FFF71EFD6EE7104B002B3FF4ECAE04F1D4
:108EF0000F01607BAFF30080E5E60C4B002B3FF4E5
:108F0000E2AE607BAFF30080DDE600BF206B0020A7
:108F1000817B0200F0ED00E055534243406B00209E
:108F2000555342532069002000000000000000005B
:108F3000A368A66B94F83C1084F82C509A1B02206E
:108F4000A26284F8300021B942F2050084F83E1094
:108F5000A087002B3FF471AF002A3FF46EAF237B54
:108F6000DB0940F0A98194F82F10384601F0AAFCE3
:108F700062E7E18A49BA89B20BBB00293FF4EBAE44
:108F800094F83C00A362022184F82C1084F830107D
:108F900000287FF4E3AE42F205000021A08784F8A8
:108FA0003E10002B3FF4DAAE237BDB0940F07C81DE
:108FB0001146384601F086FC94F830506CE6207B70
:108FC000C0097FF475AF94F83C00A362022184F8D5
:108FD0002C1084F830100028DDD0E5E7A36BA268E0
:108FE0001E4443F203300021931BA08784F83E10F7
:108FF00001200221A663A36284F82C0084F83010BB
:10900000002A3FF4ABAE002B3FF4A8AE237BDB0974
:1090100040F04A8194F82F10384601F053FC94F840
:10902000305039E6607B252D00F2228101A252F8F2
:1090300025F000BF5192020071920200719202006D
:10904000FD91020071920200719202007192020081
:1090500071920200719202007192020071920200FC
:1090600071920200719202007192020071920200EC
:10907000719202007192020071920200B791020097
:1090800071920200719202007192020071920200CC
:1090900071920200719202007192020071910200BD
:1090A0003B910200719202007192020071920200E3
:1090B000719202007192020071920200719202009C
:1090C000CD90020071920200978D020005AD002341
:1090D0000DF10E0204A96B600593AB60FEF704FD71
:1090E000049A002A3FF462AEBDF80E30002B3FF424
:1090F0005DAE12BA5BBA08200221ADF81E300692AE
:109100008DF817008DF81C1095E80700744B83E864
:1091100007000C20A368002B00F0A380984228BF12
:10912000184683B260636E4A94F82E10384601F0F8
:109130008DFB00283FF4D3AD44E66A4B002B00F0D2
:109140008C80E17CC1F3400301F001020909AFF317
:109150000080002840F0818094F83C30002B7FF4A0
:109160002DAE40F202420023A28784F83E3025E66D
:109170009DF816305C49002203F0800362F3C713A8
:109180008DF8163003238DF815208DF817208DF8F3
:109190001430002900F09A80AFF300809DF816305B
:1091A0004F4A80F0010060F3C7138DF81630059B1D
:1091B00013600420AEE74FF0203302250022CDE9F2
:1091C000052207A909AA08938026079309930D93FE
:1091D000CDE90A330C938DF816500DAB8DF817506E
:1091E00005AD8DF81560FEF711FC0FCD3C4E0FC696
:1091F0000FCD0FC62B68336024208BE794F83C20FA
:1092000094F83D0094F83E10354E4FF0000C4FF0AE
:109210000003CDE905CCCDE907CC62F303038DF85B
:109220001630F0220A23ADF824C08DF820008DF806
:1092300021108DF814208DF81B3005AD0FCD0FC611
:109240002B68A4F83CC084F83EC03380122061E74C
:10925000FEF730FC00283FF47FAFA368002B3FF4FB
:109260007AAD01213846FFF735FB94F8305013E50D
:1092700094F83C20002A7FF4A1AD9BB2184A1B4908
:10928000FEF740FC0028FFF699ADE6D042E7012149
:1092900094F83C0084F82C100221A36284F830106A
:1092A00000287FF47EAE76E694F82E10384601F062
:1092B00009FB94F83050EFE494F82E10384601F092
:1092C00001FBD4E90D2636E50221E1E7012065E73F
:1092D000013B03491BBA12BAC1E90032082019E761
:1092E0002069002000000000000000002F6B00201B
:1092F00030B5154C83B000210D464FF4EE72204678
:1093000014F0FFFA04F13C01201D009501234022D6
:1093100000F0F2F80123402204F17C01009504F1F1
:10932000200000F0E9F804F1BC0101200CF016FD6A
:1093300004F58671E0610120A5610CF00FFDC4E920
:109340000D0503B030BD00BF606B002010B5064CAA
:109350002046002340F8043B00F04AFA04F12000C4
:10936000BDE8104000F044BA606B00204B79FF2B41
:1093700001D0002070472DE9F041324D6B7882B06A
:109380000BB9AB781BB1002002B0BDE8F0810C78BE
:109390008B782B70074608790E460C4418B3637817
:1093A000052B0AD0A3189C4202D306E0A34204D99D
:1093B00021780C4461780529F8D1DFF89480CDF844
:1093C000048008F101030246009321460223384637
:1093D00001F042F9A0B13379A978C3EBC3031C446F
:1093E00031B9697891B9A01B80B202B0BDE8F081B3
:1093F00008F25B123846402301F028FA0028F0D129
:10940000114B1B68DA07BED500BEBDE7002001F096
:109410004BFA07460028E6D10C494022A1F5BE7060
:1094200000F0D0F80028DED003466978074A3846B5
:1094300001F00CFA0028D6D1034B1B68DB07D2D50C
:1094400000BED0E7606B0020F0ED00E0FC6C002077
:10945000616B002038B5234CA5788D420AD0637823
:109460008B424FF0000004D101F01EFA054600B314
:10947000012038BD9AB204F5AE71201D00F04EF9FE
:10948000194B13B10020AFF30080A178002001F048
:109490000BFA05460028EBD1144800F081F83F286C
:1094A000E6D9A178124A2846402301F0CFF90120DD
:1094B00038BD402204F5CE7104F1200000F082F89E
:1094C0000028D5D0034604F5CE722846617801F015
:1094D000BDF90028CCD1074B1B68DB07C8D500BEFF
:1094E000C6E700BF606B002000000000646B002036
:1094F000BC6C0020F0ED00E02DE9F041B2F5004F2A
:109500009DF8188030D8044640691E460F4615461F
:1095100018B14FF0FF310CF08FFEA06918B14FF079
:10952000FF310CF089FE6A0092B260692760511E1B
:1095300000235242E381A580E68084F80880A1815F
:109540006281238218B11A4619460CF02DFAA069DF
:1095500038B100231A4619460CF026FA0120BDE85E
:10956000F0810120BDE8F0810020BDE8F08100BF5E
:10957000C189028A89B292B28B1A91429BB202D2FD
:1095800042899B1A9BB28088984228BF1846704730
:10959000C289038A9BB2981AB0FA80F040097047DA
:1095A000C189028A89B292B28B1A914210B49BB2DD
:1095B000848802D240891B1A9BB2E01A80B25DF8FF
:1095C000044B70472DE9F843044680690E46174660
:1095D00018B14FF0FF310CF02FFEE089218A80B2E4
:1095E00089B2451A8842ADB202D26389ED1AADB292
:1095F000A388AB420AD2C21A984292B245D261897C
:10960000521A92B22282218A1D4689B2002D40D080
:10961000BD4228BF3D468B4203D8C91A89B28B424E
:10962000FBD95B1AB4F8068022689FB2BD4208FBE2
:10963000012124D917FB08F91FFA89F94A46304657
:1096400014F03BF9EA1B12FB08F206EB090092B298
:10965000216814F032F9228A92B253199BB29A42CD
:1096600019D9628913449BB2A069238220B10023D7
:109670001A4619460CF098F92846BDE8F88308FB0D
:1096800005F2304614F019F9E5E7A1899142B9D203
:10969000B5E7238A9BB2A2899A42E5D2E1E700BFEF
:1096A00070B5054680690E4618B14FF0FF310CF0D9
:1096B000C3FDEC892B8AA4B29BB2E01A9C4280B213
:1096C00002D26A89801A80B2AA88824208D2A11A7C
:1096D000944289B21CD26889091A89B2298210463B
:1096E000D0B1934203D39B1A9BB29A42FBD9EA882A
:1096F0002968304602FB031114F0DFF80124A86941
:1097000020B100231A4619460CF04EF9204670BDD0
:10971000A8898842E2D2DEE70446F0E72DE9F04767
:10972000154612B92846BDE8F087044640690F4641
:1097300018B14FF0FF310CF07FFDE689227A218AC3
:10974000A388B4F80680B6B289B282B39D4204D32E
:10975000ED1A08FB05770E461D469E42304603D3A0
:10976000C01A80B29842FBD21B1A22681FFA83F9F2
:109770004D4508FB002027D808FB05F2394614F0B8
:109780009CF8AB199BB29E4202D8A2899A4202D29F
:10979000628913449BB26069E3810028C2D0002330
:1097A0001A4619460CF000F92846BDE8F087721AEF
:1097B0008E4292B202D26189521A92B29A1A92B22F
:1097C000954228BF1546C8E719FB08FA1FFA8AFA1E
:1097D0005246394614F071F8A5EB090212FB08F263
:1097E00007EB0A0192B2206814F067F8C9E700BFDE
:1097F00010B50446406918B14FF0FF310CF01CFD64
:10980000A06918B14FF0FF310CF016FDA388606914
:109810005B009BB2591E5A420023E381A181628101
:10982000238218B11A4619460CF0BEF8A06920B17F
:1098300000231A4619460CF0B7F8012010BD00BFEE
:1098400038B5044640690D4618B14FF0FF310CF0B1
:10985000F3FCA06918B14FF0FF310CF0EDFC60692A
:10986000257220B100231A4619460CF09DF8A06914
:1098700020B100231A4619460CF096F8012038BD95
:10988000024B5878003018BF01207047946D0020BB
:10989000024B1878C0F38000704700BF946D002021
:1098A000014B1878704700BFCB6D00202DE9F043C5
:1098B000374D2C7883B01CB1204603B0BDE8F0834F
:1098C000372221460646334814F01BF8324901205E
:1098D0000CF044FA314B1860002832D030490B4666
:1098E0004A6833F8080B498800940BF0B9FF2D4BF8
:1098F000186030B32C4B6BB32C4FDFF8B880DFF817
:10990000B8903846AFF300803B78C8F800000DE00F
:10991000D8F8003004EB440203EBC2031B689847FD
:109920003B780134E4B21A1DA24225DBA342EFD8F2
:10993000E31ADBB2042B1CD803EB430309EBC3038C
:10994000ECE71B4B1B68DB07B6D500BE204603B017
:10995000BDE8F083DFF86080144F012458F8183B0D
:1099600098473A780432A24204F1010404DB062C41
:10997000F4D100231B68FFDE304601F05FF930466A
:1099800001F05EF9012420462C7003B0BDE8F0839D
:10999000CB6D0020946D0020446D0020CC6D002024
:1099A000B8600020D06D002000000000406D002055
:1099B000F0ED00E03C6D0020280D04002DE9F04F93
:1099C0008BB002F063F9002800F0DC81DFF85C83E3
:1099D000DFF85C93DFF850A3DFF858B3D8F8000045
:1099E0004FF0FF3207A90CF095FA002800F0CA8169
:1099F0009DF81D30013B072B00F2B881DFE813F022
:109A00001F01FA00C800B900AD0040000E000800B8
:109A1000089B002BE2D009989847DFE79DF82010BB
:109A2000BC4B01F07F0403EB440303EBD11393F829
:109A300025006FF3000083F8250093F825006FF3ED
:109A4000820083F82500002C00F0CC81B24ADB7C38
:109A5000002A00F0C081B14A1278934280F0B981A7
:109A6000DBF8002003EB430312EBC30300F0858116
:109A70001C699DF82120099B9DF81C00A047ADE7BB
:109A8000A44C9DF81C60237843F00103237094F8E4
:109A900025306FF3000384F8253094F825306FF3F8
:109AA000820384F8253094F826306FF3000384F89D
:109AB000263094F826306FF3820384F82630002095
:109AC00000F0ACFF9DF8203003F06002602A00F047
:109AD0006A81402A00F06E8103F01F03012B00F021
:109AE000C581C0F0A281022B40F05D819DF8241059
:109AF00001F07F03082B00F2568158002318CF098C
:109B00003B44854DDB7C002D00F0F481834D2D78A6
:109B1000AB4280F0ED81DBF8005003EB430305EB33
:109B2000C3030093002A00F0EC815BB1009CE06865
:109B300000F074FFE368304608AA00219847002827
:109B40007FF44CAF9DF81C00002101F0CDFA80217C
:109B50009DF81C0001F0C8FA40E76E4B1B78D9074E
:109B60007FF53CAF6E4B002B3FF438AFAFF3008076
:109B700034E7684B1A78D0077FF530AF694A002A7E
:109B80003FF42CAF1878C0F3C000AFF3008025E796
:109B9000624D614A2B78002A00F085800024A342A0
:109BA000194614D9DBF8003004EB440203EBC2037E
:109BB0005B69BBB19DF81C00984729780134E4B279
:109BC0000B1D9C423FF70AAF0B46A342EAD8E31AAB
:109BD000DBB2042B7BD803EB43030AEBC3035B69C3
:109BE000002BE7D10134E4B20B1DA342FFF6F6AE21
:109BF0000B46EAE7494D484A2B789DF81C40002A5D
:109C000000F0F88000260FE0DBF8003006EB46029B
:109C100003EBC2035B68204698472B780136F6B207
:109C20001A1DB242C0F28880B342EDD8F31ADBB2FB
:109C3000042B35D803EB43030AEBC303EAE7374DA4
:109C4000354A2B789DF81C40DAB100260EE0DBF88F
:109C5000003006EB460203EBC2035B6820469847E0
:109C60002B780136F6B21A1DB24233DBB342EED87E
:109C7000F31ADBB2042B13D803EB43030AEBC30341
:109C8000EBE7294F01267B68204698472B78043361
:109C90009E4207F1180706F101061BDC062EF2D1E1
:109CA00000235B68FFDE204E01247269002A00F069
:109CB000B3809DF81C0090472B78191D8C4206F14B
:109CC000180604F101043FF789AE062CEDD10023FC
:109CD0005B69FFDE0F4C37220021204613F011FE96
:109CE0004FF0FF33C4F80730C4F80B30C4F80F301E
:109CF000C4F80330C4F81330C4F81730C4F81B306C
:109D0000C4F81F30A4F8233000F07EFE9DF8203008
:109D1000A37063E6946D002000000000406D0020F9
:109D20000000000000000000280D0400D06D00209D
:109D3000F0ED00E03C6D002037220021BE4813F01A
:109D4000E0FDBE4A4FF0FF3353619361D36113844A
:109D5000136053609360D360136100F055FEB84BFD
:109D6000002B3FF43BAEAFF3008037E6D9F800306C
:109D7000DA077FF533AE00BE30E6B24B1B68DC0776
:109D800000D500BE0BB0BDE8F08F581EC0B2FDF785
:109D9000F5FD18B14378022B00F06382D9F800304A
:109DA000DB0700D500BED9F80030DD077FF5CAAE6D
:109DB00000BEC7E6A44800283FF4C4AE00F02EFE63
:109DC000304608AA0021FDF739FF00287FF406AECF
:109DD000B8E69B1ADBB2042BCFD803EB43030AEBA4
:109DE000C30345E6099B9DF821209DF81C0000F067
:109DF0002BFEF3E5954F01267B68204698472B788C
:109E000004339E4207F1180706F1010694DC062E82
:109E1000F2D100235B68FFDE1A1D944206F118069A
:109E200004F101047FF751AFD8E5202A00F07A81D0
:109E3000002AB8D19DF82130092BB4D801A252F8DC
:109E400023F000BF59A002001BA00200A79D020042
:109E500079A00200A79D020001A00200AF9F0200AE
:109E6000A79D02009B9F02006D9F02009DF8243079
:109E70000F2B3FF667AE2344754ADB7882B3754AF1
:109E8000127893422AD2DBF8004003EB430314EB31
:109E9000C3043FF457AEE06800F0C0FDE36808AAD1
:109EA00000213046984700287FF498AD9DF8203077
:109EB00013F060047FF446AE9DF821300A3B012B7D
:109EC0003FF640AE00F0AAFD9DF821300A2B00F0CD
:109ED0006E8108A9304600F01FFD7FE59B1ADBB2BA
:109EE000042B3FF62FAE03EB43030AEBC304D2E788
:109EF0005B1BDBB2042B40F22D81002A7FF422AEE3
:109F000000929DF82130012B04D0C0F02C81032B4E
:109F10007FF449AFBDF822509DB9012B00F0348188
:109F200025183D4420356B799B070AD4304601F053
:109F3000DBF86B7943F002036B716B7943F001033B
:109F40006B71009D002D3FF449ADE86800F066FD9F
:109F5000EB6808AA002130469847002000F05EFD1B
:109F600094F82630DF073FF539ADB2E79DF822308F
:109F700003931A4663789A4207D06378002B40F027
:109F80001F81039B002B7FF400AF9DF80C306370A2
:109F9000304608A900F0C0FC20E50AAA637802F860
:109FA0000E3D3046012308A900F0CEFC16E5BDF8B1
:109FB0002200030A5A1EC0B20E2A3FF6C3AD01A109
:109FC00051F822F00DA10200F1A00200E1A0020070
:109FD000459B0200459B0200BBA00200F1A00200CD
:109FE000459B0200459B0200459B0200459B0200E9
:109FF000459B0200459B0200459B020095A0020084
:10A0000008A800F011FD30469DF8221000F01EFE59
:10A01000237843F002032370E0E4BDF82230012BE3
:10A020007FF490AD237830466FF3C30308A9237003
:10A0300000F072FCD2E400BF946D0020976D002008
:10A0400000000000F0ED00E03D7C0200280D04005F
:10A0500000000000406D00202378990801F0020103
:10A06000C3F340130AAA0B4322F80E3D30460223E5
:10A0700008A900F069FCB1E4BDF82230012B7FF49F
:10A0800061AD2378304643F0080308A9237000F03F
:10A0900043FCA3E4B14B002B3FF454ADFDF7CAFDE4
:10A0A000024600283FF47FAE3046538808A900F0EE
:10A0B0004BFC00287FF492AC44E5A94B002B3FF405
:10A0C00041ADAFF30080024600283FF43BAD30467F
:10A0D000137808A900F038FC00287FF47FAC31E544
:10A0E000BDF82410FDF750FC02460028EFD129E509
:10A0F000022B00F06D819B4B002B3FF423ADAFF39F
:10A1000000800246002A3FF44EAECDE7FDF732FC58
:10A110001223024608A9304600F016FC00287FF4FE
:10A120005DAC0FE59DF824300F2B3FF60BAD2344BB
:10A130008D4ADB782AB18D4A127893421BD39B1A41
:10A14000DBB2042B3FF6FEAC03EB43030AEBC30484
:10A15000E068EDE403EB43030AEBC3030093002A3A
:10A160007FF4E4ACCDE623183B4420330AAA5B79A4
:10A17000C3F3400378E7DBF8004003EB430314EB41
:10A18000C3043FF4DFACE3E723181F4420377B7997
:10A190009A077FF5D6AE304600F0ECFF7B7965F389
:10A1A00041037B717B7965F300037B71C9E60AAAE1
:10A1B00008A902F80E4D3046012300F0C5FB0DE45E
:10A1C000304600F0E7FD694D674AA1782B78009191
:10A1D0008AB300270EE0DBF8003007EB470203EB01
:10A1E000C2035B68304698472B780137FFB21A1DCF
:10A1F000BA420BDBBB42EED8FB1ADBB2042B3FF6B4
:10A200004FAD03EB43030AEBC303EAE73722002118
:10A21000574813F076FB574A9DF80030A3704FF073
:10A22000FF3353619361D361138413605360936070
:10A23000D3601361A5E6504B2A4601271D461346FD
:10A240006A68019330469047019B19780431B942FE
:10A2500005F1180507F10107D8DB062F3FF420AD03
:10A26000EEE7C2792378511161F30413921162F37E
:10A270004513237043880496C318059300F109071A
:10A28000059BBB4240F29C807B780B2B00F09380B7
:10A29000012300937B78042B7FF480AD059B324A29
:10A2A000DB1B9BB20293314B1B7842B3002201921D
:10A2B000164619E0DBF8005006EB460305EBC30534
:10A2C000AB68029A049839469847082803D9029B3C
:10A2D000834280F08480254B1B780136F6B21A1D2C
:10A2E000B2420196FFF65AAD9E42E3D3F31ADDB2B5
:10A2F000042D21D805EB45050AEBC505E0E71E4D09
:10A30000019215E0AB68029A0498394698470828EC
:10A310002B4602D9029A824211D2144B019A1B7821
:10A32000013204339342019205F11805FFF636AD70
:10A33000019B052BDEB2E5D100239B68FFDE0546BD
:10A34000009A012A4ED0009B33B3B97862180B46AD
:10A35000D278FF2A7FF422AD002216E0357C02007D
:10A36000000000000000000000000000406D002020
:10A37000946D0020976D0020280D04005318DBB267
:10A38000E018C078FF287FF409AD23440132DE7065
:10A39000009BD2B29342F1D833462A463946184838
:10A3A00001F0A8FC174B019A1B7804339A422F4402
:10A3B0007FF766AFF2E43B78FA7800921F4469E7D2
:10A3C000114B049E002B3FF4E0ADAFF30080DCE5C1
:10A3D000FDF7D4FA0246002A3FF4E5AC64E62B46CA
:10A3E0000546ADE79B6809490098094A8B4208BFBA
:10A3F00002200146934208BF02210091A5E700BF59
:10A40000A76D0020406D002000000000917F020039
:10A41000A986020030B589B000248D1E8DF8091080
:10A420008DF80800CDF80E40CDF80A40ADF8124086
:10A43000032D62D8DFE805F0264108023A4B19786F
:10A44000C90760D409B030BD374B1978C807F9D5B2
:10A450001978364841F00401197000682AB30023C6
:10A4600005AA02A90BF0B0FC059B002BEAD0304BEB
:10A470004FF080525A6040BFBFF34F8FBFF36F8FD2
:10A4800009B030BD284929480B7800686FF30003F4
:10A490000B700C7800236FF341040C704B700C7838
:10A4A00063F382040C70002ADAD1134602A94FF03C
:10A4B000FF320BF079FA09B030BD1B490B785B070E
:10A4C000C0D50B788DF8140018466FF38200174C36
:10A4D000087000230521CDF81A30CDF81630ADF8FC
:10A4E0001E3020688DF81510B2B101AA05A90BF035
:10A4F0006BFC019B002BA5D0B9E70C4B1868002A18
:10A50000D3D00023ACE7197808486FF382011970A3
:10A510000068002AA3D1C8E7134605A94FF0FF320F
:10A520000BF042FA8EE700BF946D0020D06D002042
:10A5300000ED00E030B5154D85B0002301248DF805
:10A540000400CDF80630CDF80A308DF80810ADF8CB
:10A550000E3028688DF8054082B16A4601A90BF0DB
:10A5600033FC009B43B10A4B4FF080525A6040BF0E
:10A57000BFF34F8FBFF36F8F05B030BD134601A9F6
:10A580004FF0FF320BF010FAF6E700BFD06D00205D
:10A5900000ED00E030B50B4685B049688DF8040049
:10A5A0001868114D02AC03C4002306212868ADF8D9
:10A5B00006308DF8051082B16A4601A90BF004FC43
:10A5C000009B43B1094B4FF080525A6040BFBFF32C
:10A5D0004F8FBFF36F8F05B030BD134601A94FF009
:10A5E000FF320BF0E1F9F6E7D06D002000ED00E05E
:10A5F00070B584B0164E9DF82040039207250022C6
:10A60000CDF806208DF80400ADF80A208DF808106A
:10A610008DF8093030688DF805508CB1134601A9CA
:10A620006A460BF0D1FB009B43B10A4B4FF08052BE
:10A630005A6040BFBFF34F8FBFF36F8F04B070BD40
:10A6400023464FF0FF3201A90BF0AEF9F6E700BF49
:10A65000D06D002000ED00E02DE9F84FDDE90A673C
:10A66000002A46D093464A78052A0C460FD191F825
:10A6700003A00AF0030A534509D18B7803F07F0346
:10A68000082B0DD91C4B1B68DA0700D500BE1A4BEE
:10A690001B68DB0702D40020BDE8F88F00BEFAE794
:10A6A00081460025DFF854800CE06378052BEED15D
:10A6B000E37803F003035345E9D1A37803F07F0364
:10A6C000082BDFD898F80210204601F0E1FA0028A4
:10A6D000D8D02146484600F0CBFA0028D7D0A3783E
:10A6E000DA0914BF3B703370237801355D451C4493
:10A6F000DBD10120BDE8F88FF0ED00E0946D002083
:10A7000030B5114D85B000230824029001930391C8
:10A7100028688DF8054082B16A4601A90BF054FB08
:10A72000009B43B1094B4FF080525A6040BFBFF3CA
:10A730004F8FBFF36F8F05B030BD134601A94FF0A7
:10A74000FF320BF031F9F6E7D06D002000ED00E0AC
:10A7500038B58B7803F07F03082B06D90A4B1B68AA
:10A76000DB0700D500BE002038BD084B05460C466F
:10A770000846997801F08CFA0028EFD02146284647
:10A78000BDE8384000F074BAF0ED00E0946D0020B0
:10A7900070B5164C01F07F0304EB430404EBD114B5
:10A7A0002034607910F0010504D16379590704D58C
:10A7B000284670BD0025284670BD0D4E4FF0FF3174
:10A7C00030680BF039FD6379DA0707D463795B07EA
:10A7D00004D4637943F004036371012500233068D6
:10A7E0001A4619460BF0E0F8284670BD946D00201B
:10A7F000CC6D002038B5134D0C4628684FF0FF3162
:10A800000BF01AFD104904F07F0301EB430101EB4B
:10A81000D41120314B7913F0010310D14C79C4F3DA
:10A82000800424B14A7963F382024A71012400232F
:10A8300028681A4619460BF0B7F8204638BD0024A0
:10A84000F5E700BFCC6D0020946D002070B5144C6E
:10A8500001F07F0604EB460404EBD1142034657943
:10A86000ED0706D50F4B1B68DA0700D500BE0020A8
:10A8700070BD657945F00105657100F0DBFA0028CF
:10A88000F6D16379074A60F300036371637960F37B
:10A89000820363711368DB07E9D500BE70BD00BF9A
:10A8A000946D0020F0ED00E0054B01F07F0203EB1A
:10A8B000420303EBD11191F8250000F0010070472D
:10A8C000946D002010B50C4C01F07F0204EB4204A3
:10A8D00004EBD11494F825309B0700D510BD20342B
:10A8E00000F002FC637943F002036371637943F083
:10A8F0000103637110BD00BF946D0020054B01F092
:10A900007F0203EB420303EBD11191F82500C0F362
:10A9100040007047946D00200A4630B4094C4968E5
:10A9200005461068234603C30023C4E9023392F9A5
:10A9300000209A422846ACBF802119461A4630BCF6
:10A94000FFF784BF946E0020F0B50E462B4C49688B
:10A9500007463068A260254603C50021E181F588DD
:10A96000AB4228BF2B4683B0A381ADB13BB3002AD5
:10A970003DD094F90000402B28BF402300282CDB59
:10A980001F4A3846FFF762FF98B91E4B1B68DB076A
:10A9900012D500BE03B0F0BD96F90030002BACBF5D
:10A9A0008021002138462B462A46FFF74FFF00281A
:10A9B000EBD0012003B0F0BD002003B0F0BD94F94E
:10A9C0000020002AACBF194680211A463846FFF7FE
:10A9D0003DFF0028D9D00120ECE71146084801933B
:10A9E0001A4612F06AFF064A019B8021EEE7054BEA
:10A9F0001B68D907E0D500BE1046CBE7946E002057
:10AA0000A86E0020F0ED00E0034B0022C3E9002215
:10AA1000C3E902221A617047946E0020014B18614D
:10AA2000704700BF946E00200346064A59680068CC
:10AA300010B41346002403C3C2E902445DF8044B7A
:10AA4000704700BF946E002070B5424C2278C9094F
:10AA5000B1EBD21F82B0064616D033B13E4B1B6815
:10AA6000DA0743D4002002B070BD3C4B13B121463D
:10AA7000AFF300802369002B42D03046354A0221D3
:10AA80009847012002B070BD94F90020A068002A08
:10AA900008DB0028E6D01A463149019312F00DFF79
:10AAA000A068019BE589E2881D44ADB21844AA4222
:10AAB000A060E58101D03F2B25D8236923B1254A29
:10AAC00001213046984798B194F9002000239A421A
:10AAD000ACBF8021194630461A46FFF7B7FE78B959
:10AAE0001D4B1B68DB07BDD500BEBCE700BEB9E748
:10AAF0000146304600F0F8FA3046802100F0F4FAC2
:10AB0000012002B070BDA28994F90010531B9BB2C2
:10AB1000402B28BF402300290ADB95424FF000015B
:10AB200012D00F4A3046FFF791FE0028D8D0E7E751
:10AB300095420BD001461A460948019312F0BDFE1A
:10AB40008021074A019BEDE70A46EBE780210022BE
:10AB5000E8E700BF946E0020F0ED00E00000000088
:10AB6000A86E002042DF704743DF704744DF704724
:10AB700012DF70472C4B5B68C3F3080313B9EFF384
:10AB800010839BB1294B93F8D820002A36D101229B
:10AB900083F8D8200260BFF36F8FBFF34F8F244A32
:10ABA000904227D0043A904224D07047214A5368FB
:10ABB0001B06E7D5802110B4C2F88410BFF34F8F75
:10ABC000BFF36F8F194B93F8D840E4B9012283F893
:10ABD000D8200260BFF36F8FBFF34F8F144A9042AB
:10ABE0001DD0043A90421AD0124B80225A605DF870
:10ABF000044B7047002283F8D82070470146012299
:10AC00000D48FFF77DBD5160C2F88410BFF34F8F30
:10AC1000BFF36F8F93F8D840002CF4D1D6E7002211
:10AC200083F8D820E0E700BF00ED00E0E86E0020E8
:10AC30005070024000E100E075AB0200704700BFB9
:10AC4000014B80225A60704700E100E0074BD3F8C7
:10AC50000014D3F8002400200A434FF48001C3F805
:10AC60000024C3F85801C3F8041370470070024071
:10AC7000F0B488788D88CC78424FC10900F07F020B
:10AC800002EB42034E00DB000E4403EB86033B4421
:10AC900004F00304C5F30A05012C1D812BD0012308
:10ACA00003FA02F5B9B1384902329340C1F80433CE
:10ACB000D1F810352B43C1F81035334B40F4807276
:10ACC000C3F81805C3F80C25BFF36F8FBFF34F8F80
:10ACD0000120F0BC70472C4C02F10C06B340C4F8C4
:10ACE0000433D4F8143502F594722B43C4F81435A8
:10ACF00044F82210E1E7082A08D0244B186810F025
:10AD00000100E6D000BE0020F0BC7047E9B9B7F8FA
:10AD1000D4301BB11C4B8022C3F81C251A4A0023D7
:10AD2000C2F85031D2F8003313F4001308BFC2F850
:10AD30005431154B4FF44012C3F80423D3F81425B3
:10AD400042F48072C3F81425B7E7B7F8C8200E4B59
:10AD50000021C3F82C1112B18022C3F81C250A4A25
:10AD6000D2F8003313F4001308BFC2F85431064B75
:10AD7000074AC3F80423D3F8102542F48072C3F8BD
:10AD800010259AE7E86E002000700240F0ED00E028
:10AD900000082000214B8022F0B4C3F88420BFF3C8
:10ADA0004F8FBFF36F8F1E4A1E4E0D2101250023CA
:10ADB0001D4CA1F10A004FEA810C05FA01F7644429
:10ADC00005FA00F0013138431429C6F8080363601E
:10ADD000A362C2E90033C2E90233C2E9043302F1DB
:10ADE0001802E5D11149124AC6F80823C6F81C35E5
:10ADF000C1F8C0307362C1F8C430B364C1F8C83060
:10AE0000C6F81455C1F8CC30C6F81055C1E9343332
:10AE1000024B80225A60F0BC704700BF00E100E0A6
:10AE2000006F002000700240D06F0240E86E0020EA
:10AE30000008300001F07F00F0B54FEA400CCE0969
:10AE40000F460CEB000571009D4CED00314405EB05
:10AE5000810104EB010E6250002283B0AEF8043091
:10AE6000AEF80620002832D1002B39D1954BD3F80B
:10AE70008034C3F3C0139E4232D0934B5B68C3F35C
:10AE80000803002B4DD1EFF31083002B49D18F4BDA
:10AE90005A68150645D58022C3F88420BFF34F8F2A
:10AEA000BFF36F8F94F8D810002940F0E980884AEA
:10AEB000012384F8D8301360BFF36F8FBFF34F8F37
:10AEC000002384F8D830814B80225A603AE04EB992
:10AED00063199A7A002A40F08580012003B0F0BD02
:10AEE000002E40D0844404EBCC0400EB8003618A44
:10AEF000228AA58AE468521A9B0092B203F1804329
:10AF000003F51C337349C3F80046AA4228BF2A46FA
:10AF100001EB8000C3F80426FFF72CFE012003B0EC
:10AF2000F0BD94F8D83003F0FF02002B42D16849FD
:10AF3000012384F8D8300B60BFF36F8FBFF34F8FBE
:10AF400084F8D820604B5A68C2F30802003218BF58
:10AF5000012200230092184639461A46FFF748FBA3
:10AF6000012003B0F0BD584B5B68C3F308033BBB43
:10AF7000EFF3108323BB554B5A68100620D580226F
:10AF8000C3F88420BFF34F8FBFF36F8F94F8D810AE
:10AF9000002977D1504A012384F8D8301360BFF3D9
:10AFA0006F8FBFF34F8F002384F8D830474B802238
:10AFB0005A6092E7012246494848FFF7A1FBC1E7E2
:10AFC00094F8D83003F0FF02002B5DD142490123F1
:10AFD00084F8D8300B60BFF36F8FBFF34F8F84F8C6
:10AFE000D8207AE708289E722ED1364BD3F8C02499
:10AFF000D1033FF572AFD4F8C0003349C3F8A007BE
:10B00000C3F8A4274B68C3F30803002B42D1EFF326
:10B010001083002B3ED12D4B5A6812063AD5802260
:10B02000C3F88420BFF34F8FBFF36F8F94F8D8100D
:10B0300000293CD12A4A012384F8D8301360BFF399
:10B040006F8FBFF34F8FB1E765591E499A8800F59E
:10B05000947400EB800651F82440DB88D21A93B236
:10B06000A4B201EB86011F4AC1F80057A34228BFD2
:10B070002346C1F8043702EB8000FFF77BFD2CE785
:10B080005A6009E75A607BE7012213491348FFF72A
:10B0900037FB22E794F8D8305BB9114A012384F8D2
:10B0A000D8301360BFF36F8FBFF34F8F15E75A602F
:10B0B000B6E701220A490948FFF722FB0DE700BF66
:10B0C000E86E00200070024000ED00E000E100E0CA
:10B0D00050700240047002404C70024075AB020098
:10B0E0004870024028700240F8B511F07F0314D078
:10B0F000082B0DD01C4C41F48072C909C4F81825E6
:10B1000006D103EB4302194DD200A818867A66B91E
:10B11000BFF36F8FBFF34F8FF8BD134B01225A65FA
:10B12000BFF36F8FBFF34F8FF8BD03F59476817235
:10B1300054F826608188B0F806C0AF580C48A1EBDF
:10B140000C018AB2B5B203EB830C04EB8C04AA4267
:10B1500028BF2A46C4F8007700EB8300C4F8042710
:10B16000FFF708FDD4E700BF00700240E86E002042
:10B170002870024011F0770F12D00A4B41F4807210
:10B18000C3F80C15C3F80C25CA09C3F8181504BF79
:10B1900001F5947143F82120BFF36F8FBFF34F8FF8
:10B1A000704700BF007002402DE9F04F8C4B8D4C72
:10B1B000D3F80003002387B01E461F46012520FA5E
:10B1C00003F11A19C9074FEA820209D5116839B18A
:10B1D00005FA03F117600E43BFF36F8FBFF34F8F74
:10B1E0000133192BEBD1F70700F1CE81DFF80C8288
:10B1F000350508D57A4BD3F8A83601229BB2A8F8BA
:10B20000D23088F8D720B40214D5754BD3F8142562
:10B21000D00500F11082D3F81025D00540F1F0815F
:10B2200098F8D730002B40F0128201220321002031
:10B23000FFF7F0F871021FD5694BD3F8004404F40E
:10B24000E062C3F80024E20500F1EA81670510D549
:10B25000634B0122C3F808259A65D3F8002312F442
:10B26000001208BFC3F854215D4B4FF40012C3F81D
:10B270000423A50500F1CE8134022BD5584BD3F819
:10B280008024D2B28DF81020D3F88414C9B28DF87E
:10B290001110D3F888048DF81200D3F88C048DF8BF
:10B2A0001300D3F890048DF81400D3F894048DF8AB
:10B2B0001500D3F898048DF81600D3F89C348DF857
:10B2C0001730500601D1052904D0012204A900201D
:10B2D000FFF760F9444B33404BB198F8D830002B5E
:10B2E00040F03C81414B1B68DA0700F1AE81DFF88A
:10B2F0000C91DFF8ECA0DFF808B1C8464D460024F9
:10B3000010E0224408EBC2020123D188A980D28830
:10B310000093002318463946FFF76AF9082F45D0F5
:10B320000134183504F10C0326FA03F3DB07E7B206
:10B33000F4D504EB84030AEB83032968D3F80837B8
:10B340006200DBB21019194408EBC0002960C18803
:10B350009BB2194489B2082CC180D2D02989994264
:10B36000CFD1C388A9889942CBD9002FD6D1204B01
:10B370005B68C3F30803002B40F07282EFF3108385
:10B38000002B40F06D821B4B5A68100640F168821A
:10B390008022C3F88420BFF34F8FBFF36F8F98F8DC
:10B3A000D810002900F08E825A60F2E7124B334029
:10B3B000002B00F0C3800A4BD3F86C74C3F86C7494
:10B3C000BFF36F8FBFF34F8F16F4806640F0B980E4
:10B3D000CDE90266024EDFF82CA000241CE000BF7D
:10B3E00000700240409C0010FCFB1F00F0ED00E0EC
:10B3F00000ED00E000E100E000040001E86E002044
:10B400004C700240019C0010002C00F0AD81072D13
:10B410003BD0013409F1180927FA04F304EB840C3A
:10B4200004EB4402D90706EB8C0C08EBC202E5B230
:10B43000EAD5DCF80836D9F80C10DBB201EB030EC4
:10B44000C9F80CE0518A0B449BB25382518AB9F877
:10B4500010B004EB0A008B454FF000034FEA800068
:10B4600045F080017ED9538AB9F81420CCF800E663
:10B47000ABEB030B1FFA8BF3934228BF1346CCF8B8
:10B480000436FFF777FB072DC3D1FB0371D4039B71
:10B49000002B6ED1BE0309D5B8F81E20B8F81C30B9
:10B4A000934200F26681012388F822307D0309D59A
:10B4B000B8F83620B8F83430934200F20181012305
:10B4C00088F83A303C0309D5B8F84E20B8F84C302B
:10B4D000934200F21F81012388F85230F80209D507
:10B4E000B8F86620B8F86430934200F2598101231D
:10B4F00088F86A30B90209D5B8F87E20B8F87C30EF
:10B50000934200F26281012388F882307A0209D5E1
:10B51000B8F89620B8F89430934200F26B8101237A
:10B5200088F89A303B0209D5B8F8AE20B8F8AC30AC
:10B53000934200F27481012388F8B23007B0BDE86D
:10B54000F08FD3F88024D3F8803483F08003C3F3E2
:10B55000C0130393C2F3C01302933BE7002388F8A0
:10B56000D830C4E60120528A00901846FFF740F810
:10B570004DE7B8F80620B8F80430934200F2DF80B7
:10B58000012388F80A3085E7BE4BBF4ADFF83083D5
:10B59000BE4800240125C2F81455C2F81055546065
:10B5A00094625C609C629C60DC62DC601C631C6179
:10B5B0005C635C619C639C61DC63DC611C64546261
:10B5C0009464C2F85841D2F80034D2F800140B4306
:10B5D000C2F80034D2F80033C2F808332146C2F86A
:10B5E00004034046DC2212F08CF940232A4621460F
:10B5F0002046A8F81430A8F80830FEF79BFFF7E5BE
:10B600004FF40012C3F80823032101220020FEF7A3
:10B6100001FF0FE6012205210020FEF7FBFE2BE6CD
:10B620000122C3F82C2504210020FEF7F3FE670554
:10B630007FF51FAE0CE6D3F8C024D10314D5D3F8A0
:10B640001035DF057FF5F1ADEAE500BE4FE60024D9
:10B650000121B8F8D220009123462046882188F89D
:10B66000D740FEF7C5FFE0E5D8F8C0008849C3F829
:10B67000A007C3F8A4274B68C3F30803002B34D1F9
:10B68000EFF310838BBB834B5A6812062DD58022B3
:10B69000C3F88420BFF34F8FBFF36F8F98F8D81093
:10B6A00000297BD17C4A012388F8D8301360BFF38E
:10B6B0006F8FBFF34F8F774B80225A60724BBEE77C
:10B6C000714AD8F83040D2F8A814B8F83600C2F859
:10B6D00028471B1A9BB289B28B4228BF0B46C2F87F
:10B6E0002C376E48FFF746FAECE698F8D830002B76
:10B6F00040F0AA80684A012388F8D8301360BFF36D
:10B700006F8FBFF34F8F604BD3F81035DC053FF5DB
:10B7100087AD8AE55C4AD8F84840D2F8AC14B8F84E
:10B720004E00C2F83C471B1A9BB289B28B4228BF1D
:10B730000B46C2F840375A48FFF71CFACEE6524A89
:10B74000D8F80040D2F8A014B8F80600C2F80047B4
:10B750001B1A9BB289B28B4228BF0B46C2F8043732
:10B760005048FFF707FA95E6029B002B3FF451AED5
:10B770005FE6454AD8F81840D2F8A414B8F81E007D
:10B78000C2F814471B1A9BB289B28B4228BF0B46E2
:10B79000C2F818374448FFF7EDF987E65A6077E7B3
:10B7A000394AD8F86040D2F8B014B8F86600C2F848
:10B7B00050471B1A9BB289B28B4228BF0B46C2F876
:10B7C00054373A48FFF7D6F994E62F4AD8F878402C
:10B7D000D2F8B414B8F87E00C2F864471B1A9BB2C2
:10B7E00089B28B4228BF0B46C2F868373048FFF752
:10B7F000C1F98BE6244AD8F89040D2F8B814B8F8CA
:10B800009600C2F878471B1A9BB289B28B4228BFB8
:10B810000B46C2F87C372748FFF7ACF982E61A4A94
:10B82000D8F8A840D2F8BC14B8F8AE00C2F88C47DB
:10B830001B1A9BB289B28B4228BF0B46C2F89037C5
:10B840001D48FFF797F979E6012213491B48FEF7D7
:10B8500057FF0D4BD3F81035DD053FF5E1ACE4E4BF
:10B8600098F8D83003F0FF02002B3BD1012388F871
:10B87000D830CBF80030BFF36F8FBFF34F8F88F80D
:10B88000D8204DE504700240007002400514C0014C
:10B8900000ED00E000E100E048700240307002403E
:10B8A00034700240287002402C7002403870024010
:10B8B0003C700240407002404470024075AB020090
:10B8C000E86E0020012388F8D830CBF80030BFF3B1
:10B8D0006F8FBFF34F8F002388F8D830044B80223E
:10B8E0005A601DE5012259460248FEF709FF17E597
:10B8F00000E100E075AB020030B5012883B000F034
:10B900009B8053D302283CD1B44BD3F80435002B91
:10B9100040F0CB80B14AD2F800341C05FBD54FF47F
:10B920000063C2F80034BFF36F8FBFF34F8FAC4A90
:10B93000AC4B12681B68082A00F0CB80A749AA4AC2
:10B9400080230120C1F81C35C1F80403C2F88431FA
:10B950005360A64D43F204044FF080432268AA428C
:10B9600011D0D3F80C14D3F80C24D003F6D5CA07A1
:10B97000F4D59A4B0122C3F80425BFF36F8FBFF3B0
:10B980004F8F03B030BD02AA002102F8041D1046FB
:10B99000FFF7EEF89DF804000028E2D01046019170
:10B9A000FFF7E4F8019A002AD8D0E2E78B4BD3F8EE
:10B9B0000025002AE5D14FF480014FF40062C3F85E
:10B9C0000813C3F80024BFF36F8FBFF34F8F844B6E
:10B9D0001B68082B00F0AC80804B0122C3F80025C7
:10B9E000BFF36F8FBFF34F8F43F2040203F18D5308
:10B9F00003F57723126803F2DB539A4200F0BF800D
:10BA00004FF08043D3F80C24D3F80C34D90301D57C
:10BA1000D207B6D443F20402744B12689A4200F083
:10BA20000C81734B00221A601B6801934FF0804316
:10BA3000012201991A60A4E7684BD3F80025002A77
:10BA40009FD00022C3F80425BFF36F8FBFF34F8F41
:10BA500065498020C1F88400BFF34F8FBFF36F8F1B
:10BA6000D3F80013C3F80813C3F80025BFF36F8F92
:10BA7000BFF34F8F43F2040103F18D5303F5772396
:10BA8000096803F2DB53994200F08E80594B012282
:10BA90001A60594B5A68C2F30802003218BF0122DB
:10BAA00002210020FEF7B6FC6BE743F204024F4B85
:10BAB00012689A4200F0AC804FF08043D3F80C2417
:10BAC000D3F80C34DB037FF525AFD5077FF522AF24
:10BAD00057E7032B09D8494A1168002979D1484C06
:10BAE00049F275301060216010605A1E022A10D889
:10BAF000424A1168002964D1424D3948394B0068E7
:10BB00001B6849F2753414602960146008287FF4BA
:10BB100015AF032B3FF612AF3B493C4B40F2E370AD
:10BB2000402208601A60BFF36F8FBFF34F8F05E7A5
:10BB30002C4B1B685A1E022A12D8304B1A68002A56
:10BB400040F08D802F4949F2753203201A60086059
:10BB50001A60234A234B12681B68082A7FF43CAF03
:10BB6000032B3FF639AF254B1A68002A73D12449BD
:10BB700049F27532C0201A6008601A602CE702ABE7
:10BB8000002203F8042D1846FEF7F2FF9DF804107A
:10BB900000293FF435AF18460192FEF7E7FF019BFD
:10BBA000002B7FF4EEAE35E702A800F8042DFEF777
:10BBB000DFFF9DF80430002B3FF468AFFEF7D4FFA1
:10BBC00067E70749074B0F4A08681B6800211160A7
:10BBD0009CE70B4A0021116087E700BF007002401C
:10BBE000300100103401001000E100E0DBE5B1514C
:10BBF000000100400400004000ED00E000EC0640C1
:10BC000014EC064014ED064000780240047802402F
:10BC100002AB002203F8042D1846FEF7A9FF9DF899
:10BC2000041000293FF448AF18460192FEF79EFF2A
:10BC3000019B002B7FF4A5AE6CE602A8002300F860
:10BC4000043DFEF795FF9DF80430002B3FF4E9AE6C
:10BC5000FEF788FF95E6044BC0221A60BCE6034B52
:10BC600003221A6075E700BF14EC064014ED06408D
:10BC700008B50020FDF71AFE20B9034B1B68DB074F
:10BC800000D500BE08BD00BFF0ED00E0FDF708BE26
:10BC9000C378828803F003000228C2F30A021DD091
:10BCA00013D801280FD1022940F2FF3308BF4FF407
:10BCB0008063934211D20E4B186810F001000CD033
:10BCC00000BE002070470020704702290CBF4FF4CF
:10BCD000806340239342EED301207047022902D0B3
:10BCE000402AE8D8F8E7B2F5007FE4D1F4E700BFD6
:10BCF000F0ED00E00A44914216D230B44C78052CA5
:10BD000005D00C7821448A42F8D830BC70478C7832
:10BD100004F07F0500EB4505E4092B550C78214420
:10BD20008A42EBD830BC7047704700BF38B590F8F6
:10BD3000E8500DB1284638BD012380F8E8300446AC
:10BD40000EF08CFB0028F5D12046BDE8384000F00D
:10BD5000AFB800BF10B5044C204600F0A5F8002392
:10BD600084F8E83010BD00BFC46F002003680A6883
:10BD70009A4201D00020704770B5054684B04FF458
:10BD800053700C4609F01CFD0646A8B10C4800F0A3
:10BD9000ADF8211D00242A6800912B1D0294094949
:10BDA00001960EF0F5F90446304609F023FDB4FA89
:10BDB00084F0400904B070BD002004B070BD00BF25
:10BDC000C46F00206D8F0300F0B585B006464FF4B8
:10BDD00053700D461746039309F0F2FC78B1044600
:10BDE00000903A46281D311D03AB0EF04FFA054670
:10BDF000204609F0FFFC15B9039805B0F0BD0020FE
:10BE000005B0F0BD00220260704700BF10B50446C7
:10BE100008460EF0ADFA2060003018BF012010BDBA
:10BE200000220260704700BF10B5044608460EF0BD
:10BE30009FFA2060003018BF012010BD002303606E
:10BE4000704700BF00B583B002AB043043F8042D47
:10BE50000A4604210EF016F918B9019803B05DF8EE
:10BE600004FB002003B05DF804FB00BFF0B50546FD
:10BE700083B04FF463700E46174609F0A1FC0446E8
:10BE800078B1019055F8040B00953A4631460123EC
:10BE90000EF034F80546204609F0ACFCB5FA85F002
:10BEA000400903B0F0BD00BF002280F8E4207047D5
:10BEB00070B590F8E4400CB1204670BD012380F8C5
:10BEC000E43005464FF4BF5009F07AFC06460028DE
:10BED000F2D0314628460DF035FA0446B4FA84F41F
:10BEE0003046640909F086FC204670BD704700BFEB
:10BEF000704700BF10B504460BF0C6FF204610BDCA
:10BF000038B50A4B04460D46442240F80C3B00214C
:10BF100011F0F7FC0023A560237104F15401012006
:10BF200009F01CFF2065204638BD00BFA80D0400A5
:10BF300070B504460E46006D4FF0FF310AF07CF9F3
:10BF4000257955B98EB1A660314604F10C0003F095
:10BF50001DFEB0FA80F56D0925710023206D1A468B
:10BF6000194609F021FD284670BDA668002EF4D0C0
:10BF7000EAE700BF70B505464FF0FF31006D0AF0EB
:10BF80005BF92B7905F10C06F3B100232B713046D8
:10BF900003F0FEFE044668B9A968304604F070FE5E
:10BFA000044638B93046A96803F0F0FD044608B9E4
:10BFB00001232B710023286D1A46194609F0F4FC61
:10BFC000B4FA84F0400970BD3046A96804F058FE08
:10BFD0000446EFE730B5044695B00D46006D4FF0CE
:10BFE000FF310AF029F9294601AA04F10C0003F0F7
:10BFF00087FD002305461A46206D194609F0D4FC3A
:10C00000B5FA85F0400915B030BD00BF2DE9F04FFD
:10C0100083B00B7800AF2F2B78600CBF4C1C0C4604
:10C0200005460E46006D4FF0FF310AF005F905F1A7
:10C030000C084FF0000918E0ADEB000D8A456D4685
:10C040008DF800900DF1010001DD11F05AFC314630
:10C050005246284611F031FC2946404605F0DCF8EE
:10C0600008B1113028D10134DD4620462F2112F0CD
:10C0700006FBA0EB060A0AF108020446EB4622F092
:10C08000070000215246002CD6D13146404605F02B
:10C09000C3F878B1113014BF002401247A6800235A
:10C0A000106D19461A4609F07FFC20460C37BD4634
:10C0B000BDE8F08F0124F1E70024DD46EEE700BF84
:10C0C00038B504460D46006D4FF0FF310AF0B4F864
:10C0D000294604F10C0005F0BDFA002305461A4676
:10C0E000206D194609F060FCB5FA85F0400938BDAD
:10C0F00070B5036904460D46186D4FF0FF311646C2
:10C100000AF09AF8237D4BB1002522690023106DB7
:10C1100019461A4609F048FC284670BD2069A169F5
:10C120002A4633460C3002F0D3FD20EAE075ECE7F6
:10C1300070B50369044682B04FF0FF31186D0AF004
:10C140007BF8257D45BB2069A1690C3003F0CCFC50
:10C1500002AA0646206902F8015D0123A1690C309C
:10C1600003F020FC00282069A169C8BF9DF8075092
:10C17000324600F10C004FF00003D8BF4FF0FF35FE
:10C1800003F080FC22690023106D19461A4609F05D
:10C190000BFC284602B070BD4FF0FF35F2E700BF40
:10C1A00038B5036904464FF0FF31186D0AF044F8C2
:10C1B000237D4BB1002522690023106D19461A46D4
:10C1C00009F0F2FB284638BD2069A1690C3003F064
:10C1D0008DFC05462069A1690C3003F085FC2D1A01
:10C1E000E9E700BF10B5036904464FF0FF31186D51
:10C1F0000AF022F8237D23B92069A1690C3005F0EB
:10C200001FF922690023106D19461A46BDE8104037
:10C2100009F0CABB70B50369044682B04FF0FF3124
:10C22000186D0AF009F8257D55B122690023106DBB
:10C2300019461A4609F0B8FB4FF0FF3002B070BD46
:10C240002069A1690DF1070201230C3003F0AAFB5C
:10C25000226906462B46106D29462A4609F0A4FBA2
:10C26000002ECCBF9DF807004FF0FF3002B070BD2C
:10C2700030B50368164A5B6883B093428DF80710A7
:10C280001ED1036904464FF0FF31186D09F0D4FF49
:10C29000237D53B1002522690023106D19461A46EB
:10C2A00009F082FB284603B030BD2069A1690C303B
:10C2B00001230DF1070202F00BFD20EAE075EAE729
:10C2C00001220DF1070198470546284603B030BD0D
:10C2D000F1C0020030B4074C016100224FF47A75BE
:10C2E0008560C0E90042027580F82020C0E906227E
:10C2F00030BC7047C00D04002DE9F04104465B4896
:10C30000236100254FF47A7684E86100C4E906557C
:10C31000257584F8205094B00E46186D4FF0FF310B
:10C32000174609F089FFA16991B1206994F814803A
:10C330000C30B8F1000F4FD002F05CFBA06909F09F
:10C3400059FAE069A56108B109F054FA0023E361E4
:10C35000206901AA0C30314603F0D2FBE0B99DF808
:10C3600004302569112B3FD02C2009F029FAA06157
:10C3700040B10146324605F10C0002F08DFA00286A
:10C3800043D02569286D00231A46194609F00CFB95
:10C39000204614B0BDE8F08102302569F2D1012FAA
:10C3A000F0D1382009F00CFAA0610028EAD001464B
:10C3B00040F2031305F10C00324604F08DFF0746EE
:10C3C0000028DED12069A1690C3002233A4603F02F
:10C3D00059FB256927750AE005F0ACF8A06909F05A
:10C3E00009FAC4F81880B3E7EFB1012F32D02F213A
:10C3F000304612F092F904F1200300B1461C314698
:10C400001846402212F074F9BCE701232375304628
:10C4100012F066F9013009F0D3F93146E06112F00B
:10C4200045F92569E3E74FF00108382009F0C8F91C
:10C43000A0610028A6D00146434605F10C00324613
:10C4400004F04AFF256900289CD1012F05D0002364
:10C450002375CCE740F20318E7E70246022305F113
:10C460000C00A16903F00EFB2569F0E7C00D040084
:10C470002DE9F0410369044694B00D46186D4FF064
:10C48000FF31904609F0D8FEA16989B12069267D67
:10C490000C30002E38D002F0ADFAA06909F0AAF9EC
:10C4A000E0690023A36108B109F0A4F90023E36166
:10C4B000206901AA0C30294603F022FB074698B9EF
:10C4C0009DF804302669112B43D02C2009F078F90F
:10C4D000A061B8B101462A4606F10C0002F0DCF971
:10C4E00000284AD0266903E0871C266913D000275C
:10C4F0000023306D1A46194609F056FA384614B032
:10C50000BDE8F0810746F3E705F014F8A06909F0EB
:10C5100071F9A661CCE7B8F1010FE8D1382009F034
:10C520004FF9A0610028EDD0014640F2031306F157
:10C530000C002A4604F0D0FE0746002845D12069A9
:10C54000A1690C3002233A4603F09CFA266927754C
:10C5500005E0B8F1000F1ED0B8F1010F32D02F2145
:10C56000284612F0DAF8203400B1451C294620464E
:10C57000402212F0BDF80127BAE7012323752846AF
:10C5800012F0AEF8013009F01BF92946E06112F013
:10C590008DF82669E3E70127382009F011F9A06139
:10C5A0000028AFD001463B4606F10C002A4604F0B5
:10C5B00093FE266900289AD1B8F1010F08D0002314
:10C5C0002375CCE740F20317E6E7266900278FE7DB
:10C5D0000246022306F10C00A16903F053FA266912
:10C5E000EDE700BFF0B504460D460069A16995B0BE
:10C5F00016460C3089B1277D002F44D002F0FAF99D
:10C60000A06909F0F7F8E0690023A36108B109F017
:10C61000F1F8206900230C30E36101AA294603F0F8
:10C620006FFA58BB9DF80430112B52D02C2009F022
:10C63000C7F8A06120B3236901462A4603F10C0024
:10C6400002F02AF9E0B901232375284612F048F8D0
:10C65000013009F0B5F82946E06112F027F82F21E2
:10C66000284612F05AF8203400B1451C29462046CD
:10C67000402212F03DF8012015B0F0BD02300BD081
:10C68000002015B0F0BD04F055FFA06909F0B2F824
:10C690002069A7610C30C0E7012EF1D1382009F0E4
:10C6A0008FF8A0610028EBD0236901462A4603F1E8
:10C6B0000C0040F2031304F00FFE06460028DFD101
:10C6C0002069A1690C300223324603F0DBF926759C
:10C6D000C5E726B1012EC2D140F2031700E00127C1
:10C6E000382009F06DF8A0610028C9D02269014600
:10C6F0003B4602F10C002A4604F0EEFD0028BFD1B3
:10C70000012E02D000232375A9E72369A1690246FF
:10C7100003F10C00022303F0B5F9F3E770B50369E8
:10C7200004460D46186D4FF0FF31164609F084FDA2
:10C73000237D4BB1002522690023106D19461A464E
:10C7400009F032F9284670BD2069A1692A463346AE
:10C750000C3003F027F90546EDE700BF38B5036953
:10C7600004460D46186D4FF0FF3109F065FD237D3D
:10C770004BB1002522690023106D19461A4609F0B5
:10C7800013F9284638BD2069A1692A460C3003F008
:10C7900079F9C543ED0FEDE738B5036904464FF06D
:10C7A000FF31186D09F048FD237D4BB1002522694A
:10C7B0000023106D19461A4609F0F6F8284638BDD0
:10C7C0002069A1690C3003F08FF90546EFE700BF3F
:10C7D00038B5036904464FF0FF31186D09F02CFDA0
:10C7E000237D4BB1002522690023106D19461A469E
:10C7F00009F0DAF8284638BD2069A1690C3003F049
:10C8000075F90546EFE700BF70B5036904464FF0C0
:10C81000FF31186D09F010FDA16981B12069257DF6
:10C820000C30ADB102F0E6F8A06908F0E3FFE06972
:10C830000023A36108B108F0DDFF0023E361226952
:10C840000023106D19461A46BDE8704009F0ACB8D7
:10C8500004F070FEA06908F0CDFFA561EFE700BF0E
:10C860008069003018BF0120704700BF2DE9F047F4
:10C8700094B00B690C4605464FF0FF31186D00AFC0
:10C88000914609F0D9FC2369304A2B610023C5E9A0
:10C890000023C5E906334FF47A71A9602B7585F83A
:10C8A0002030237D002B44D0294EDFF8AC80206956
:10C8B000A1690C303A1D02F0B1F8012807F10C0112
:10C8C000304636D111F0E8FE07F10C010028EED019
:10C8D000404611F0E1FE0028E9D0D4F81C80404623
:10C8E00011F0FEFE064607F10C0011F0F9FE3318B8
:10C8F000093323F00703EA46ADEB030D721C6846CB
:10C90000414610F0DAFF98F800202F2A6B4602D13A
:10C9100098F8012012B10F4A12889A5307F10C01BE
:10C92000184611F09DFE4A4601462846FFF75AFE7A
:10C93000D54622690023106D19461A4609F034F8CD
:10C9400028465037BD46BDE8F08700BFC00D040043
:10C95000E0120400B40D0400B00D04002DE9F0470E
:10C96000804600681646026A82B0B2420B9F4AD9DE
:10C970000C461D468FB92DE0B5FBF1F201FB1252BA
:10C98000D0F8049052B3AA1AA3682660626000919E
:10C990003146C847F8B9D8F80000236841699E427B
:10C9A000EAD163689D42E7D3CA189542E4D2A2EB6C
:10C9B0000509B945A1680A9828BFB946EB1A194478
:10C9C0004A46BF1A10F079FF0A9B4B444D440A9324
:10C9D000002FE0D1002002B0BDE8F087B942D2D8E4
:10C9E000B7FBF1FA01FB1A7AA7EB0A0700970A9B3B
:10C9F0002A463146C8470028EDD10A9B3B443D44B6
:10CA00000A935746E4E7034B034A0448122110F007
:10CA1000A3FE00BF600E0400DC0D0400800E0400C5
:10CA20002DE9F04F85B00392002B5AD0884601685B
:10CA3000C9695C1EA1F108090E9BB4FBF9F5074614
:10CA4000B3FBF9F6BDB3681E029210F009FD851C18
:10CA5000A4EB8505029AB5FBF9F56EBBB5424AD940
:10CA60000DF10C0A4FF004094FF0010B0AE0012A06
:10CA70004BD93B681B6A9A4247D80BFA04F42D1B2A
:10CA8000B54238D9AC1BB4FA84F495FAA5F3C4F1D5
:10CA90001F04B3FA83F39C4228BF1C46CDE900A9CA
:10CAA000A30041463846FFF759FF039A0028DED01D
:10CAB00005B0BDE8F08FF6B1701E029210F0D0FC08
:10CAC0000E9B861CA3EB8606B6FBF9F6304610F0EB
:10CAD000C7FC0E9B029A06FB1939A9EB80030E9343
:10CAE000BCE70F994FF0FF320A60109A18461360A6
:10CAF00005B0BDE8F08F0F9B1A60109B1A460E9B85
:10CB00001360002005B0BDE8F08F034B034A0448D2
:10CB10004FF48F6110F020FEF80E0400FC0D0400AD
:10CB2000800E04002DE9F04F0446D2E900038FB0D7
:10CB3000002608900291099304F11409B3460DF1FF
:10CB4000280A08AB494653F826701023CDE900A304
:10CB50003A4600232046FFF701FF002839D1BBF1F8
:10CB6000000F63D10B9B23F00043132B54D9226891
:10CB7000D269934250D80EAB4FF0FF3143F81C1DE1
:10CB8000102218465146039304F0A2FE0B9B23F09B
:10CB90000042102A25D0CDE904B610250DF11B085E
:10CBA0001646DDF80CB004E0584604F091FEAE42A3
:10CBB00015D00123CDE900833A462B46494620464D
:10CBC000FFF7CCFE0122414615440028ECD0DDE9F8
:10CBD00004B610F1340F1FD00FB0BDE8F08FDDE9BF
:10CBE00004B6079B751CBBB905F001050DF1380CA7
:10CBF0000CEB850C029D03959AE80F006F605CF8C2
:10CC0000187CAF602F46BC461C351027CCF80C7042
:10CC100085E80F004FF0010B7EB1BBF1000F14BF90
:10CC200000206FF033000FB0BDE8F08F029A0A9B2E
:10CC3000D2699B1A002B95DAEEE7012681E700BF47
:10CC40002DE9F04F984603681B6A87B04345109E54
:10CC5000DDE911A740F2D780002F4AD081468B46EC
:10CC60001546DBF8003043454ED0013340F0C58017
:10CC7000D9F800008269B6FBF2F302FB1363002BC4
:10CC80003BD1BA4239D8B7FBF2F302FB13730393DB
:10CC9000FB1A009302938468534632464146A047EC
:10CCA000002840F0A380029B002D00F09B80DBB1A8
:10CCB0005446371B9A4408E014F8013B9DF81720AE
:10CCC0009A4240F09180A2450ED0012301930DF1CC
:10CCD0001703009342463B1929464846FFF73EFE9C
:10CCE0000028E9D0C0F28280029B039F1E44002FDF
:10CCF000B7D1002007B0BDE8F08FF31ACBE900836D
:10CD0000DBF800304345B0D1DBF80420B242ACD8A8
:10CD1000D9F800108C691444B442A6D9A41BBC42B3
:10CD2000DBF8080028BF3C46B21A104451462246A0
:10CD300010F0C3FDD9F80000D0F818C02644B6FBA7
:10CD4000FCF30CFB13633F1BA244002BCFD1DBF899
:10CD500000104B1CCBD0DBE90123CDF800C0846868
:10CD6000A047002842D1D9F80030DBF808009A69C2
:10CD70006DB3DBE9001352B382181B1ACDF808B06B
:10CD8000CDF80C801096044693460E46984607E070
:10CD900014F8013B9DF817209A4225D1A34528D0CD
:10CDA000012301930DF117030093324608EB0403AE
:10CDB00029464846FFF7D2FD0028E9D0DDE902B850
:10CDC000109E13DBD9F80030DBF808009A69FF21C8
:10CDD00010F097FD4FF0FF33CBF80030002F7FF4B9
:10CDE00040AF86E79A447FE76FF0330007B0BDE8B5
:10CDF000F08FDDE902B8109EE4E7064B064A0748CB
:10CE0000B72110F0A9FC064B034A04489C2110F0FE
:10CE1000A3FC00BF440E0400EC0D0400800E0400CF
:10CE2000600E04002DE9F04F90460268126A83B04C
:10CE30004245DDF830900D9E6CD91EB382460F46F8
:10CE40001D463B68984527D001335DD1DAF80000D4
:10CE50008269B5FBF2F302FB1353BBB9B24215D89A
:10CE6000B6FBF2F402FB1464361B0096D0F808B04F
:10CE70004B462A464146D84728B9B1443544264650
:10CE8000002EDED1002003B0BDE8F08FEB1AC7E919
:10CE900000833B689845D7D17968A942D4D8DAF89D
:10CEA000002092690A44AA42CED9541BB442B86801
:10CEB00028BF3446691A08442246494610F0FDFC52
:10CEC000DAF8000082692544B5FBF2F302FB135344
:10CED000361BA144002BD3D139684B1CD0D0D7E9E5
:10CEE00001C3009284686246A0470028CBD1DAF8DB
:10CEF0000030B8689A69FF2110F003FD4FF0FF334E
:10CF00003B60002E9DD1BDE7054B064A0648B72180
:10CF100010F022FC054B034A03489C2110F01CFC36
:10CF2000440E0400EC0D0400800E0400600E0400AA
:10CF30002DE9F04F934691B000240122CDE905314F
:10CF40005B46CBE909429A468346DAF8283001333A
:10CF500000F00F810AF1240251465846FFF7E2FD26
:10CF6000079000287AD15246DAF80C30DA46934618
:10CF7000DBF8201021F00042043A03F10C00824259
:10CF800028BF0AF1140980F0AA80002980F2ED8000
:10CF90000AF11409DBE909234FF000080A920B9308
:10CFA00047460AAB494653F82860102301930CAB5F
:10CFB0000093324600235046FFF7D0FC00283FD1B3
:10CFC0002FB10C9BDBF81C209B1A002B65DB0D9B03
:10CFD00023F00043132B60D9DAF80020D269934282
:10CFE0005BD810AB4FF0FF3143F81C1D10221846E0
:10CFF0000CA9029304F06CFC0D9B23F00042102A54
:10D0000032D00397CDF8108010240DF12305174678
:10D01000DDF8088004E0404604F05AFCA74221D025
:10D020000123CDE900533246234649465046FFF7D7
:10D0300095FC0122294614440028ECD0DDE9037850
:10D0400010F1340F29D05B46D3469A46831C40F03A
:10D050009380DAF8243001337FF477AF079811B06A
:10D06000BDE8F08FDDE90378099B08F10104A3B95D
:10D070000CAB10AD0FCB04F0010405EB84041025BC
:10D0800054F8184CCBF808400BF11C04CBF80460A2
:10D09000CBF80C5084E80F000127B8F1000F1AD02C
:10D0A000002F5BD0DBF82010DBF8182021F00043C4
:10D0B000043B143210201B2BCBF81820CBF80C00AB
:10D0C0000CD80029FFF666AF5B46D3469A46034666
:10D0D000059A1360BDE74FF0010862E70346059D1E
:10D0E000DBF80420281D0C24CDE9000449465046F5
:10D0F000FFF734FC0028A6D16B79A979EA79DBF82F
:10D100000C00286004330B4413440344CBF80C3068
:10D110006A79AC79E879DBF81810043222440244C9
:10D120000A44CBF818202A7902F07002202A7FF4F2
:10D130001FAF0598069C81682268914208D0C0689C
:10D140006468A04204D0A14202D082427FF410AFB2
:10D1500001230793079811B0BDE8F08F6FF03303F8
:10D160000793079811B0BDE8F08F5A46D346924610
:10D17000AEE70023079371E707906FE72DE9F04FC3
:10D18000A3B001230691002417A90BAACDE90B43F4
:10D190008346FFF7C7FC079000287DD1209B013311
:10D1A0007AD0219B013377D020AA17A95846FFF7E0
:10D1B000B9FC00286FD11A9CDA461F9A22F000436E
:10D1C000043B04F10C018B4228BF0AF1140B80F0E0
:10D1D0009380002A80F28B800AF1140BDDE9202372
:10D1E00000250D920E93A8464FF010090DAB59463D
:10D1F00053F82560CDF8049013AB0093324600231A
:10D200005046FFF7ABFB00283FD1B8F1000F04D028
:10D21000139B1E9A9B1A002B57DB149B23F0004391
:10D22000132B52D9DAF80020D26993424DD822ABA1
:10D230004FF0FF3143F8601D102213A918460393E5
:10D2400004F046FB149F27F00042102A2AD0CDE9B3
:10D25000048510240DF127071546DDF80C8004E045
:10D26000404604F035FBA5421AD00123CDE90073F6
:10D270003246234659465046FFF770FB0122394695
:10D2800014440028ECD0DDE9048510F1340F1CD0E3
:10D29000831CD34682D00790079823B0BDE8F08F57
:10D2A000DDE904850A9B6C1C7BB913AB0FCB22AF65
:10D2B00004F0010407EB840407E90F0054F8543C20
:10D2C0001896CDE919394FF001089DB1B8F1000F5A
:10D2D00041D01F991D9A21F00043043B14321024C1
:10D2E0001B2B1D921A9407D80029FFF677AFD3465F
:10D2F0000F9453E7012579E710A80C25CDE9000527
:10D30000189A234659465046FFF728FB0028BFD1FC
:10D310009DF841209DF842509DF843001A9C1D99AC
:10D320009DF940300F9404322A4402441444002BE7
:10D330000A441A941D92FFF640AF0822069911A8DC
:10D3400010F0ACFA00287FF438AF01230793079858
:10D3500023B0BDE8F08F6FF033030793079823B035
:10D36000BDE8F08F2DE9F04F97B01C460C9340F6C6
:10D37000220382462468536010460892DAE90123AA
:10D38000D3460A948260C3608A460A9DBF492846F4
:10D3900011F0D7F92B4603440446BC4909931846BB
:10D3A00011F08CF90128079000F07281022800F03A
:10D3B0007881099B079A9D18CDE90A550124B34944
:10D3C000284611F0BEF905442846B04911F076F917
:10D3D00078B1022802D001340544F0E72B782E2BD7
:10D3E000F9D16B782E2BF6D1013CF5D1AB1C0A9309
:10D3F000CBE7099B1878002800F088800C9A13600E
:10D40000089A1379222B40F05B8102F108031A4637
:10D41000514658460D93FFF785FB002876D15246BA
:10D42000DAF80C30DA469346DBF8201021F000429F
:10D43000043A03F10C00824228BF0AF1140980F07B
:10D44000A480002980F294800AF1140912ABD0461E
:10D450000393CA46DBE9092300255F461092119326
:10D46000A946AB4610AB514653F82B5010230193FD
:10D47000039B00932A4600234046FFF76FFA0028DB
:10D4800041D1B9F1000F04D0129BFA699B1A002B0D
:10D4900058DB139B23F00043132B53D9D8F80020FB
:10D4A000D26993424ED816AB4FF0FF3143F81C1DA2
:10D4B000102218460399049304F00AFA139B23F0F0
:10D4C0000042102A27D0CDF81490CDF818B01024BF
:10D4D0000DF13B069146DDF810B004E0584604F02B
:10D4E000F7F9A14515D00123CDE900632A4623466B
:10D4F00051464046FFF732FA0122314614440028D3
:10D50000ECD0DDE9059B10F1340F1BD017B0BDE85E
:10D51000F08FDDE9059B0F9B0BF1010493B9039B91
:10D520007D600FCB04F0010416AE06EB84041025D9
:10D5300054F8184CBC6007F11C04FD6084E80F002F
:10D540004FF00109BBF1000F19D0BB46B9F1000F34
:10D5500076D0396ABA6921F00043043B14321020B6
:10D560001B2BBA61F8600DD80029FFF673AF034694
:10D57000089A6FF00100136017B0BDE8F08F4FF00C
:10D58000010B6FE7D1460346C246089FDBF8042033
:10D590000C20391DCDE9001049465046FFF7DEF951
:10D5A0000028B3D17B79BA79F879DBF80C403C607C
:10D5B0000433134403442344CBF80C307D79B87909
:10D5C000FE79DBF818102A1D024432440A44CBF8D5
:10D5D00018203A7902F07F01112902D022297FF424
:10D5E00023AF07998E427FF41FAF04342C440444C8
:10D5F000DBF8046000295FD0099DCDF80CB012ABB8
:10D60000641B0127DDF82CB0984607E015F8013BB4
:10D610009DF848209A4216D15D4519D0CDE9008782
:10D620006319324649465046FFF798F90028EDD075
:10D63000D346DDF80CA0FFF669AF089B1A790CE021
:10D640006FF0330062E7DDF80CB0DBF80C30EBE68E
:10D65000089BD3461A79DDF80CA013067FF595AE2A
:10D66000DBF8043001330BD0DBF80830013307D08E
:10D670000D995846FFF782FD002824D1089B1A799E
:10D68000089B02F07F021A717FE600BFB40D040010
:10D690002B5D2E2B7FF48DAE099B079A13440A93C2
:10D6A00073E6099B1B782E2B7FF483AE099B5B7876
:10D6B0002E2B7FF47EAEEFE75B46D3469A46CCE74F
:10D6C0006FF0130022E7FFF621AF6FF001001DE7B6
:10D6D0002DE9F04F4468013493B000F08B808468EA
:10D6E0000134824600F0868090468946002101235D
:10D6F0000A910AAA41460B93FFF714FA00287AD13F
:10D7000043460AF1140BC8469946D9F82430581CF0
:10D7100070D0D9F82820511C6CD0D8F8001099424C
:10D720006CD0D8F80400904268D0834266D0914211
:10D7300064D0CDE90C32002503950EAFCDF81080F2
:10D740000CAB594653F825601023CDE900733246DF
:10D7500000235046FFF702F9002840D1039B2BB16C
:10D760000E9BD9F81C209B1A002B3BDB0F9B23F050
:10D770000043132B36D9DAF80020D269934231D80E
:10D7800012AB4FF0FF3143F8241D102218463946E2
:10D79000059304F09DF80F9B23F00042102A33D02C
:10D7A0000695CDF81C9010240DF123081546DDF8E0
:10D7B000149004E0484604F08BF8A54222D00123DF
:10D7C000CDE900833246234659465046FFF7C6F856
:10D7D0000122414614440028ECD0DDE9065910F13D
:10D7E000340F08D165B3DDE90338002B8DD16FF01C
:10D7F000330000E0002013B0BDE8F08F012013B02B
:10D80000BDE8F08FDDE90659099B6C1C002BE9D1BE
:10D8100097E80F0004F001040DF1480C0CEB8404B0
:10D82000C9F8046054F8184CC9F80840102609F1EA
:10D830001C04C9F80C6084E80F0001230393D1E7AE
:10D8400001257DE72DE9F04F4FF0010BA1B0814696
:10D850008A464FF00008D9E90C52D9F8384013E055
:10D860005109531C601ED9F83C60C9F83430C9F81E
:10D87000380056F8217002F01F010BFA01F139420D
:10D8800000F0718104461A469542E9D1002C00F05F
:10D890001383D9F80020D9F82C30D9F83C00D2E90C
:10D8A00008121D44944228BF1446B5FBF1F301FB56
:10D8B0001355C9F83480C9F83040D208C9F82C5043
:10D8C000002110F01EF8D9F804300133C3D0D9F884
:10D8D00008300133BFD015AA01230592524609F141
:10D8E0001407CA46CDF834800E9300249146DAF826
:10D8F0000060DAF82C20316ADAF830508A1A1444C1
:10D90000B4FBF1F001FB1040A84212D2DAF83C104F
:10D91000440900F01F0351F824200BFA03F31343CA
:10D9200041F82430316ADAF82C200E9BDAF83050B6
:10D930008A1A1A44B2FBF1F301FB1322AA420BD25A
:10D940005409DAF83C0002F01F0250F824100BFAD8
:10D9500002F30B4340F824300DAA05995046FFF717
:10D96000E1F8002840F0BA81CDF81C900C26B946A9
:10D97000189B12AC1CE0169ACDE900464946504669
:10D98000FEF7ECFF002840F0A9819DF849309DF892
:10D990004A209DF84B001899043313449DF8482001
:10D9A000034402F070020B44102A189300F089829D
:10D9B0001D9A22F00042043A03F10C019142DAD997
:10D9C000DDE91E43601C4F46CDE90D43DDF81C9098
:10D9D00001D0591C8BD14B46D1469A46D9F80C50F0
:10D9E000002D3FF438AFCDF824A0AA46DAF81C3059
:10D9F000DA0340F19C81DAF81440002C00F09781A2
:10DA0000D9F80010CD69013C083DB4FBF5F306934D
:10DA100053B1581E05910FF023FD05990230A4EB78
:10DA20008004B4FBF5F30693DAF810300593D9F8C7
:10DA30002C400B6AD9F83000059A1A44141BB4FB29
:10DA4000F3F203FB124383420BD25C09D9F83C008A
:10DA500003F01F0350F824200BFA03F3134340F89C
:10DA60002430069B002B00F0608103F00103C3F11A
:10DA700002030A6A07939D00059B934280F012817E
:10DA80000FAF002408461A4620E0D9F81430059A52
:10DA900046699A4200F0CF82B4FBF6F2436806FB77
:10DAA00012429C46002A00F0EC820599D9F81C30FD
:10DAB000C9F81410A21AC9F8182000966646B04793
:10DAC000002840F00B81D9F80000059ADAF82C30D4
:10DAD0009A42DAD1DAF83020A242D6D883691344C8
:10DAE000A342D2D91B1BDAF83410AB4228BF2B4615
:10DAF000A21A11441E461A463846AD1A0FF0DDFE32
:10DB000034443744D9F80000002DDED1079B5D1E58
:10DB1000012D0146036AD9E90B4019D10F9A121B56
:10DB2000D618B6FBF3F203FB1262824210D25409FC
:10DB3000D9F83C0002F01F0350F8242005FA03F343
:10DB4000134340F82430D9F82C400B6AD9F8300040
:10DB500020AA02EB8505DDE90626921B069255F800
:10DB6000442C059269E7D9F80000D9F82C10076A0F
:10DB70000A44AB42B2FBF7F107FB112206921BD01D
:10DB8000590903F01F0256F82110012707FA02F283
:10DB90000A4211D0023C0AE0590903F01F0256F86C
:10DBA00021100BFA02F20A4204F1FF3404D00133CF
:10DBB000AB42C9E90D34EFD1C368069998470346D3
:10DBC000079038B113F1340F3FF443AE184621B03B
:10DBD000BDE8F08FDAF82830D9F80000002B00F00B
:10DBE0008180DAF82440036A09F114029C42089209
:10DBF00058D215AB0593079F09F1200309933D46C1
:10DC0000DDF8148017E0D9F8143041699C424FD0F8
:10DC1000B5FBF1F201FB1252002A54D0D9F81C30A6
:10DC20000091AA1AC9E9054246682146B047002872
:10DC300054D1D9F80000DAF82C309C42E3D1DAF85C
:10DC40003030AB42DFD886691E44AE42DBD9DAF809
:10DC50003410761B012E28BF0126EB1A32464046AF
:10DC600019443544B044C6F101060FF026FE002EDB
:10DC7000DFD101230293059BDDE90821CDE9007383
:10DC80004846069BFEF7DCFF002849D1DAF8283029
:10DC9000D9F800000137BB4224D9DAF82440036ADE
:10DCA0009C42ACD3AC4BAD4AAD4812210FF054FDB1
:10DCB000D9F81830AB42ABD85E18AE42A8D9761B63
:10DCC000D9F81C10C6E70129A8D8012300932146E2
:10DCD00043462A464468A0470028CAD0079021B08E
:10DCE000BDE8F08F8269D9F82810DAF834000FF017
:10DCF000E4FDD9E90813D9F80020D9F82800926981
:10DD0000CAE90B13FF210FF0FCFD4FF0FF33C9F8F8
:10DD100020300798069BCAF8243021B0BDE8F08F68
:10DD200010F1340F3FF495ADD8E7DAF81C309B03BF
:10DD300040F1B980DAF82040002C00F0B480D9F826
:10DD40000010CD69013C083DB4FBF5F3069353B1D7
:10DD5000581E05910FF084FB05990230A4EB800456
:10DD6000B4FBF5F30693DAF824300593D9F82C4088
:10DD70000B6AD9F83000059A1A44141BB4FBF3F26D
:10DD800003FB124383420BD25C09D9F83C0003F039
:10DD90001F0350F824200BFA03F3134340F82430F8
:10DDA000069B002B7FD003F00103C3F102030A6A34
:10DDB00007939D00059B9342BFF474AF0FAF0024FF
:10DDC00008461A4620E0D9F81430059A46699A4266
:10DDD00000F04481B4FBF6F2436806FB12429C4615
:10DDE000002A00F064810599D9F81C30C9F8141094
:10DDF000A21AC9F8182000966646B04700287FF49A
:10DE00006DAFD9F80000059ADAF82C309A42DAD1D1
:10DE1000DAF83020A242D6D883691344A342D2D97B
:10DE20001B1BDAF83410AB4228BF2B46A21A114450
:10DE30001E461A463846AD1A0FF03FFD34443744AB
:10DE4000D9F80000002DDED1079BD9F82C405D1ECB
:10DE5000012D0146036AD9F8300019D10F9A121B1F
:10DE6000D618B6FBF3F203FB1262824210D25409B9
:10DE7000D9F83C0002F01F0350F8242005FA03F300
:10DE8000134340F82430D9F82C400B6AD9F83000FD
:10DE900020AA02EB8505DDE90626921B069255F8BD
:10DEA000442C059268E7DAF800A0BAF1000F7FF47D
:10DEB0009DADDDF824A0CEE46FF01B030793184658
:10DEC00085E6149C002C3FF454ADDAF80010CD69BF
:10DED000013C083DB4FBF5F3089353B1581E06917D
:10DEE0000FF0BEFA0699831CA4EB8303B3FBF5F392
:10DEF0000893139B0693DAF82C500B6ADAF830403B
:10DF0000069ACDF82C9008461A44551BB5FBF3F23F
:10DF100003FB1253A3420BD25C09DAF83C1003F066
:10DF20001F0351F824200BFA03F3134341F8243064
:10DF3000089B002B00F0E78003F00103C3F102030C
:10DF4000026A09939C00069B9342BFF4ABAE0DF1AD
:10DF50003C09002520E000BF600E0400DC0D040039
:10DF6000800E04004368B5FBF1F201FB12529C469F
:10DF7000002A00F0B280069FCAF81470AA1ADAF8D4
:10DF80001C30CAF81820009139466746B847002867
:10DF90007FF4A4AEDAF80000DAF81430069A41698A
:10DFA0009A42DFD1DAF81830AB42DBD85A18AA42CD
:10DFB000D8D9521BDAF81C10A242A5EB030328BFE4
:10DFC0002246484619441746A41A15440FF075FC1A
:10DFD000B944DAF80000002CDED1099BDAF82C50A5
:10DFE000DAF83040591E0129036A19D10F9A521BE1
:10DFF0001A44B2FBF3F703FB1722A24210D2DAF85D
:10E000003C50570902F01F0355F8274001FA03F36B
:10E01000234345F82730DAF82C50036ADAF8304009
:10E0200020AA02EB8101DDE90827D21B089251F8F2
:10E03000442C069268E7D9F81830A3423FF62CAD7D
:10E040009A19A2427FF628AD121BD9F81C10AA42D9
:10E0500028BF2A46E31A164619444DE5D9F8183068
:10E06000A3423FF6B7AE9A19A2427FF6B3AE121B97
:10E07000D9F81C10AA4228BF2A46E31A16461944AA
:10E08000D8E6B542FFF411ADB5FBF6F306FB13532A
:10E09000ED1A089300953B46224605996646B0471F
:10E0A00000287FF41BAE2F442C44089D2AE5B5427E
:10E0B000FFF499AEB5FBF6F306FB1353ED1A089384
:10E0C00000953B46224605996646B04700287FF4F6
:10E0D00005AE2F442C44089DB2E68C42FFF44BAFB2
:10E0E000B4FBF1F701FB1743E41A0A9300944B4683
:10E0F0002A4606996746B84700287FF4EFADA14449
:10E1000025440A9C65E7DDF82C9031E42DE9F04FB9
:10E11000D0E90C63A1B04FF0010901F1040801F14D
:10E120000C0204460392CA460491C3464FF000080D
:10E130002746B96B0FE05A090139581CFD6BB963CA
:10E14000786355F8224003F01F0209FA02F22242D6
:10E1500000F0658103469E42EDD1002900F0BA81AE
:10E160003A68FB6AD2E908021E44914228BF114670
:10E17000B6FBF0F300FB13663963C7F83480D208AE
:10E18000FE620021F86B0FF0BCFB7B68013300F0EE
:10E190009881BB68013300F09481CDE90D8A07F1C5
:10E1A0001406CDF814B001230024B3463E68FA6A81
:10E1B000306A3D6B821A1444B4FBF0F100FB11414C
:10E1C000A9420FD2F86B4C0901F01F0350F824202C
:10E1D00009FA03F3134340F82430FA6A306A0E9BBD
:10E1E0003D6B821A1A44B2FBF0F300FB1323AB42DF
:10E1F0000AD25809F96B03F01F0351F8202009FADD
:10E2000003F3134341F820300DAA15A93846FEF751
:10E2100089FC002840F050815B460C26BB461F4617
:10E22000189B12AC1CE0169ACDE9004639465846B8
:10E23000FEF794FB002840F03F819DF849309DF89F
:10E240004A209DF84B001899043313449DF8482048
:10E25000034402F070020B44102A189300F03D8131
:10E260001D9A22F00042043A03F10C019142DAD9DE
:10E270003B465F469B46DDE91E43601CCDE90D43EE
:10E2800001D0591C92D1FD68DDF814B0002D00F0CA
:10E290001881CDF828B0AB460CE09B0304D5DBF821
:10E2A0002040002C40F0F681DBF800B0BBF1000FFD
:10E2B00000F00581DBF81C30DA03EED5DBF8144002
:10E2C000002CEAD03B68DD69013C083DB4FBF5F267
:10E2D000079252B1501E05930FF0C2F80230A4EB22
:10E2E0008004B4FBF5F30793059BDBF8102005923F
:10E2F000FC6A1A6A386B0599CDF818B011440C1BEA
:10E30000B4FBF2F102FB114282420AD25409F86BCB
:10E3100002F01F0250F8241009FA02F20A4340F8F2
:10E320002420079A002A00F0A28202F00102C2F122
:10E330000202196A08929500059A8A4280F09F822B
:10E340000DF13C0B0024069A0599D26A914222D025
:10E350007A6905985969904200F07181B4FBF1F235
:10E36000586801FB12428446002A00F07B81FE6956
:10E3700005987861A21ABA6118460091334605994A
:10E380006646B047002840F09780069A0599D26A01
:10E390003B689142DCD1069A106BA042D8D89A69AA
:10E3A0000244A242D4D90993069B121B596BAA427C
:10E3B00028BF2A46201A164601445846AD1A0FF0C7
:10E3C0007CFA099B3444B344002DBCD1089A551EF5
:10E3D000012DD7E90B401A6A16D10F99091B114478
:10E3E000B1FBF2F602FB161181420DD2FC6B4E0915
:10E3F00001F01F0254F8260005FA02F2024344F825
:10E400002620D7E90B401A6A20A901EB8505DDE932
:10E410000716891B079155F8441C05916EE739686A
:10E42000FA6A096A1344B3FBF1F201FB12334BF8A9
:10E43000043BD7E90C63B3423C461BD0590903F0B7
:10E440001F0255F821100AFA02F20A4212D0B86BE4
:10E4500001380AE0590903F01F0255F8211009FAA2
:10E4600002F20A4200F1FF3004D00133B342C4E9A2
:10E470000D30EFD1039A5A457FF458AEDDF810B055
:10E4800004210BF11C03DBF804202046CDE9003108
:10E49000002304F11401FEF761FAA8B9DBF81C307F
:10E4A0004FF0FF32CBE90922142001331021CBE9D0
:10E4B0000730CBF80C10002021B0BDE8F08FDDF85C
:10E4C00028B0D7E90C6334E610F1340FE6D021B060
:10E4D000BDE8F08F6FF01B00EEE7149C002C3FF4BA
:10E4E000A0AEDBF80010CD69013C083DB4FBF5F3AC
:10E4F000089353B1581E06910EF0B2FF0699831C83
:10E50000A4EB8303B3FBF5F30893139B0693DBF8AB
:10E510002C500B6ADBF83040069A0B9708461A44D9
:10E52000551BB5FBF3F203FB1253A3420BD25C095C
:10E53000DBF83C1003F01F0351F8242009FA03F321
:10E54000134341F82430089B002B00F08E8103F028
:10E550000103C3F10203026A09939D00069B9342E3
:10E5600080F08D810FAB0793002718E04368B7FB5D
:10E57000F1F201FB12729C46002A00F05E81069CBB
:10E58000CBF81440BA1ADBF81C30CBF818200091F5
:10E5900021466446A04700288ED1DBF80000DBF856
:10E5A0001430069A41699A42E0D1DBF81830BB4238
:10E5B000DCD85A18BA42D9D9D21BDBF81C100798FC
:10E5C000FB1AAA4228BF2A4619441446AD1A17441A
:10E5D0000FF073F9079B23440793DBF80000002D2D
:10E5E000DDD1099BDBF82C50DBF83040591E0129A6
:10E5F000036A19D10F9A521BD718B7FBF3F203FB2A
:10E600001272A24210D25509DBF83C4002F01F0200
:10E6100054F8253001FA02F2134344F82530DBF8B0
:10E620002C50036ADBF8304020AA02EB8101DDE9BF
:10E630000827D21B089251F8442C06926FE7BA695A
:10E64000A2423FF68BAE5018A0427FF687AE001B69
:10E65000F9690993A84228BF2846A21A1144064620
:10E660000246AAE68D42FFF482AEB5FBF1F601FB4D
:10E670001652AD1A0992184600955B462246059936
:10E680006646B04700287FF417AFAB442C443B6884
:10E69000099D99E63B68DD69013C083DB4FBF5F254
:10E6A000069252B1501E05930EF0DAFE0230A4EB32
:10E6B0008004B4FBF5F30693059BDBF82420059258
:10E6C000FC6A1A6A386B0599CDF81CB011440C1B12
:10E6D000B4FBF2F102FB114282420AD25409F86BF8
:10E6E00002F01F0250F8241009FA02F20A4340F81F
:10E6F0002420069A002A00F0BF8002F00102C2F135
:10E700000202196A08929500059A8A4280F0B78041
:10E710000DF13C0B0024079A0599D26A914220D052
:10E720007A690598596990425FD0B4FBF1F2586854
:10E7300001FB12428446002A68D0FE690598786180
:10E74000A21ABA6118460091334605996646B04749
:10E7500000287FF4B1AE079A0599D26A3B689142CE
:10E76000DED1079A106BA042DAD89A690244A2421D
:10E77000D6D90993079B121B596BAA4228BF2A4678
:10E78000201A164601445846AD1A0FF096F8099B18
:10E790003444B344002DBED1089A551E012DD7E94B
:10E7A0000B401A6A16D10F99091B1144B1FBF2F6FE
:10E7B00002FB161181420DD2FC6B4E0901F01F02C3
:10E7C00054F8260005FA02F2024344F82620D7E95D
:10E7D0000B401A6A089E20A901EB85050699891B42
:10E7E000069155F8441C059170E7BA69A2429CD87D
:10E7F0005018A04299D9001BF9690993A84228BF73
:10E800002846A21A114406460246BCE78D4294D31C
:10E81000B5FBF1F601FB1652AD1A099218460095A8
:10E820005B46224605996646B04700287FF444AE11
:10E83000AB442C443B68099DACE78D42FFF49FAE8E
:10E84000B5FBF1F401FB1453ED1A0A930095079BF5
:10E8500006993A466446A04700287FF42DAE079BF0
:10E860002B442F4407930A9DB7E60B9FD8E4DDF8AD
:10E8700018B0DBF81C3010E5DDF81CB014E5034BD4
:10E88000034A044812210EF067FF00BF600E040027
:10E89000DC0D0400800E04002DE9F04F95B014ABA0
:10E8A000054643F8342DD0E90162C1E901620CAAA2
:10E8B0000C46FEF757FD834600285FD19DF83430A3
:10E8C000222B40F08E80DDE90E23CDE90A2305F1ED
:10E8D0001408814602900DF1400A03900AAB4146AC
:10E8E00053F829701023CDE900A33A4600232846A7
:10E8F000FEF734F800283DD1029B23B1109BE2695A
:10E900009B1A002B58DB119B23F00043132B53D988
:10E910002A68D26993424FD814AB4FF0FF3143F8C5
:10E920002C1D102218465146049302F0D1FF119B72
:10E9300023F00042102A27D0CDE9059410260DF1CE
:10E94000230B1446DDF8109004E0484602F0C0FFA7
:10E95000B44217D00123CDE900B33A4633464146CD
:10E960002846FDF7FBFF0122594616440028ECD04B
:10E97000DDE9059410F1340F1ED08346584615B0DA
:10E98000BDE8F08FDDE90594099B09F101069BB90B
:10E990009AE80F0006F001060DF1500C0CEB86060C
:10E9A000676056F8286CA660102704F11C06E76023
:10E9B00086E80F0001230293B9F1000F14D0DDE9BE
:10E9C000023BA3B1D4E901122B69216162610E21DE
:10E9D00010225846A161E26023602C6115B0BDE8A9
:10E9E000F08F6FF0130BC9E74FF0010976E76FF076
:10E9F000330BC3E7026942B18A4203D107E099426F
:10EA000007D01A461368002BF9D10020704700F197
:10EA100010020B6813600020704700BF2DE9F04F13
:10EA200093B013468946029282464C221846002132
:10EA30000EF067FFD9F818300E2B00F01E810F2B57
:10EA400000F02881D9F80C30CB46DBF8201021F0FB
:10EA50000042043A03F10C00904298BF0AF11409F5
:10EA600040F2A080002980F294800AF11409D04677
:10EA7000CA46DBE90923002508920993A94608AB99
:10EA8000514653F82560102301930EAB0093324694
:10EA900000234046FDF762FF002840D1B9F1000F86
:10EAA00005D00E9BDBF81C209B1A002B5ADB0F9B1A
:10EAB00023F00043132B55D9D8F80020D269934294
:10EAC00050D812AB4FF0FF3143F82C1D10220EA985
:10EAD0001846039302F0FCFE0F9F27F00042102A15
:10EAE00027D0CDE9049510240DF11B071546DDF85C
:10EAF0000C9004E0484602F0EBFEA54217D001233B
:10EB0000CDE900733246234651464046FDF726FFC5
:10EB10000122394614440028ECD0DDE9049510F1B7
:10EB2000340F1FD0831C34D013B0BDE8F08FDDE963
:10EB30000495079B6C1CABB90EAB0FCB04F0010422
:10EB400012AF07EB8404CBF8046054F8284CCBF8E0
:10EB5000084010260BF11C04CBF80C6084E80F0071
:10EB60004FF00109CDB1B9F1000F00F0A480DBF83E
:10EB70002010DBF8182021F00043043B1432102051
:10EB80001B2BCBF81820CBF80C0008D80029FFF677
:10EB900070AF002013B0BDE8F08F01256FE7D146BC
:10EBA0000346C2460C200BA9DBF80420CDE9001077
:10EBB00049465046FDF7D2FE0028B3D19DF82D50AE
:10EBC0009DF82E409DF82F60DBF80C00DBF8181044
:10EBD0009DF82C700A902A1D2244324483180A445E
:10EBE00007F07F011129CBF80C30CBF8182002D0A8
:10EBF00022297FF42AAF3A0660D5DAF804300133CF
:10EC000034D0DAF80830013330D00CA95046FEF782
:10EC1000B5FA002888DB2DD19DF82C100A989DF8B4
:10EC20002D509DF82E409DF82F605B4601F07F012E
:10EC3000CB4699468DF82C10029B1129197002D1F0
:10EC40001A460D9B53600299D9F804200196031DC2
:10EC50002B4408310091234459465046FDF77EFE6F
:10EC6000002808BF012013B0BDE8F08F5B46CB46FB
:10EC70009946DFE7DBF80C30E7E6134A0299128881
:10EC80000A8122230B70D9F818300133C9F81830E3
:10EC9000012049E702980D4A0346222103F8081B88
:10ECA0001188927801819A70D9F818300133C9F827
:10ECB0001830012038E76FF0330035E75B463946FE
:10ECC000CB469946B8E700BFE0120400B00D04003F
:10ECD0002DE9F04FA9B00992CA690A9302F0030422
:10ECE000012C00F0268454038A46834602F4003344
:10ECF00000F1E882100507D5DAF81420DAF82010C0
:10ED0000914238BFCAF82020002B00F0E5820A9B10
:10ED10001846002B00F0F1810AF12C0305930A9BA1
:10ED20000B93D0464FF00109DA46D8F81C3099030E
:10ED300000F19F81D8F82010002940F0F482D346DA
:10ED40005BF8143B1D6ACAF83850D8E90823CDF89F
:10ED5000308006921493D0464FF0000AD8E90C1484
:10ED600013E06209631C681ED8F83C60C8F83430B0
:10ED7000C8F8380056F8227004F01F0209FA02F2AF
:10ED80003A4200F0C18105461C46A142E9D1002D5E
:10ED900000F0F182D8F80020D8F82C30D2E908022F
:10EDA0001944954228BF1546B1FBF0F300FB13113F
:10EDB000C8F82C10C8F834A0C8F83050D208002188
:10EDC000D8F83C000EF09DFDD8F80430013300F077
:10EDD0002082D8F80830013300F01B8201231DADDA
:10EDE000CDF854A0169300240C272E46D8F800C066
:10EDF000D8F82C20DCF82000D8F83050821A1444BF
:10EE0000B4FBF0F100FB1141A94213D2D8F83C0049
:10EE10004C0901F01F0350F8242009FA03F31343AF
:10EE200040F82430DCF82000D8F82C20169BD8F8C5
:10EE30003050821A1A44B2FBF0F300FB1323AB42AA
:10EE40000BD25809D8F83C1003F01F0351F82020CA
:10EE500009FA03F3134341F8203015AA314640461E
:10EE6000FDF760FE002840F0BD811AAC0D96209B96
:10EE70001CE01E9ACDE9004759464046FDF76EFD5D
:10EE8000002840F0AF819DF869309DF86A209DF818
:10EE90006B002099043313449DF86820034402F06A
:10EEA00070020B44102A209300F06A82259A22F007
:10EEB0000042043A03F10C019142DAD9DDE926431C
:10EEC000621C0D9ECDE9154301D05D1C8ED1D8F892
:10EED0000C50002D00F09D81CDF83CB0AB460CE00D
:10EEE000990304D5DBF82040002C40F03B83DBF88D
:10EEF00000B0BBF1000F00F08A81DBF81C30D803B2
:10EF0000EED5DBF81440002CEAD0D8F80010CD691B
:10EF1000013C083DB4FBF5F3089353B1581E07912B
:10EF20000EF09EFA07990230A4EB8004B4FBF5F3CF
:10EF30000893DBF810300793D8F82C400B6AD8F808
:10EF40003000079A1A44141BB4FBF3F203FB12437C
:10EF500083420BD25C09D8F83C0003F01F0350F841
:10EF6000242009FA03F3134340F82430089B002BB4
:10EF700000F0048403F00103C3F102030A6A0D9355
:10EF80009D00079B934280F0F38317AF002408464F
:10EF9000DBF82C30079A9A4224D0D8F81430079A1C
:10EFA00046699A4200F0AB82B4FBF6F2436806FB76
:10EFB00012429C46002A00F0BF820799D8F81C3004
:10EFC000C8F81410A21AC8F8182000966646B04770
:10EFD000002840F00781DBF82C30079AD8F80000B1
:10EFE0009A42DAD1DBF83020A242D6D883691344A2
:10EFF000A342D2D91B1BDBF83410AB4228BF2B46EF
:10F00000A21A11441E461A463846AD1A0EF055FC97
:10F0100034443744D8F80000002DB9D10D9B5D1E53
:10F02000012D0146036AD8E90B4017D1179A121B2C
:10F03000D618B6FBF3F203FB126282420ED25409D9
:10F04000D8F83C0002F01F0350F8242005FA03F31F
:10F05000134340F82430D8E90B400B6A0D9E28AAD0
:10F0600002EB8505089A921B089255F8442C0792EA
:10F0700068E7D346D8F828505BF8143BDE69B54200
:10F080003FF460AED8F824400B9B059F761B9E4250
:10F0900028BF1E462346099C0CE010F1340F40F0B7
:10F0A000368141465046FEF7CDFB002840F02F81C7
:10F0B000D8E90935CDE9014600955A46394650460A
:10F0C000FDF7BEFD0028E8D1D8F82020D8F8283078
:10F0D000DAF8001032443344096AC8F82020C8F82E
:10F0E0002830099A0B9BCAF8381032449B1B0992AE
:10F0F0000B937FF41AAE0A98C246DAF81C3023F458
:10F100000023CAF81C3075E0D8F80000D8F82C208D
:10F11000076A14448B42B4FBF7F207FB124420D079
:10F120004FEA531C03F01F0256F82CC04FF0010E9B
:10F130000EFA02F212EA0C0F13D0023D0CE04FEA75
:10F14000531C03F01F0256F82CC009FA02F212EA0F
:10F150000C0F05F1FF3504D001338B42C8E90D35A2
:10F16000EDD1012C40F2F282A742C0F0EF82C368D9
:10F1700021469847002840D1069BD8F80070002B04
:10F1800000F0D0811A46FB69561EA3F1080AB6FBAF
:10F19000FAF5002D40D1721C9342069251D01346CD
:10F1A000002A00F0A7819A4600251DAE059F0EE0BB
:10F1B0000123CDE90163009523465A46394640466E
:10F1C000FDF73EFDC8B90135AA4500F0CC8001230A
:10F1D000CDE90063149A2B4659464046FDF7BEFB25
:10F1E0000028E5D0DDF830A0DAF81C3043F4002325
:10F1F000CAF81C3029B0BDE8F08F10F1340FF1D1FE
:10F200004FF0FF33C8F82030D8F83850A4E5DDF8C7
:10F210003CB0D8F83850A1E5681E06930EF020F9EE
:10F22000851CA6EB8505B5FBFAF528460EF018F906
:10F2300005FB1A66069BA6EB8006721C934206929B
:10F24000ADD16E1C96FAA6F3B3FA83F3079301339C
:10F2500000250DF1500A08930426AF005A46CDE967
:10F2600001A60097234605994046FDF7E9FC149A4C
:10F270000028C2D1079BAB4209D0CDE900A63B468E
:10F2800059464046FDF76AFB0028ABD1149A012A83
:10F2900040F26382D8F800703B6A9342C0F05D820E
:10F2A000089B0135AB42D8D8C246DDF830809D00BE
:10F2B000C8E90945D8F81C30FE6943F40033C8F8A2
:10F2C0001C30E1E64FF0FF3522F48024CD62CC61A2
:10F2D000FBB912053FF510ADDAF82040DAF814302A
:10F2E0009C427FF614ADCAF82030002501230DF1B1
:10F2F0004F02514658468DF84F50FFF7E9FC002861
:10F30000FFF678AFDAF820309C42EFD8FFE4C2462F
:10F310006AE700F043FA00287FF46CAFDAF81C20AB
:10F3200002F40033E6E4013908F1240008F128046E
:10F33000D8E904230091CDE9010405995046FDF771
:10F340006FFB0028E3D1DAF80030D8F834009A696E
:10F35000D346FF210EF0D5FA4FF0FF325BF8143B95
:10F36000C8F82C20EEE4C246DDF83080DAF80070F0
:10F37000C8E909459EE7DDF830A06FF01B0033E7D0
:10F380001C9E002E3FF492ADD8F80010CD69013ECE
:10F39000083DB6FBF5F30E9353B1581E07910EF0DE
:10F3A0005FF80799831CA6EB8303B3FBF5F30E9379
:10F3B0001B9B0793D8F82CC0D8F83050079A0B6ADB
:10F3C000CDF844B0084661461A44511AB1FBF3F235
:10F3D00003FB1213AB420BD25D09D8F83C1003F0CB
:10F3E0001F0351F8252009FA03F3134341F8253090
:10F3F0000E9B002B00F0B88103F00103C3F1020360
:10F40000026A0F939E00079B934280F0B18117AB75
:10F4100008934FF0000B1AE04368BBFBF1F201FBCD
:10F4200012B29C46002A00F07981079DC8F814505A
:10F43000ABEB0202D8F81C30C8F81820009129461E
:10F440006546A84700287FF4CDAED8F80000D8F86C
:10F450001430079A41699A42DED1D8F818305B45DA
:10F46000DAD85A185A45D7D9A2EB0B02D8F81C1093
:10F470000898ABEB0303B24228BF32461944154645
:10F48000B61A93440EF019FA089B2B440893D8F847
:10F490000000002EDBD10F9BD8F82C10D8F830508C
:10F4A0005E1E012E036A1AD1179A521A02EB030C40
:10F4B000BCFBF3F203FB12C2AA4210D25509D8F8E2
:10F4C0003C1002F01F0251F8253006FA02F21343F5
:10F4D00041F82530D8F82C10036AD8F8305028AA03
:10F4E00002EB860CDDE90E26921B0E925CF8442C92
:10F4F000079269E7C2461546DDF8308038E7D8F84C
:10F500001830A3423FF650AD9A19A2427FF64CAD97
:10F51000121BD8F81C10AA4228BF2A46E31A164626
:10F52000194471E5C246DDF830801D46C8E909433B
:10F53000C0E66FF008005DE6B542FFF43EADB5FBF6
:10F54000F6F306FB1353ED1A0E9300953B46224645
:10F5500007996646B04700287FF444AE2F442C44F8
:10F560000E9D57E5D8F80010CD69013C083DB4FB6D
:10F57000F5F3089353B1581E07910DF071FF0799E9
:10F580000230A4EB8004B4FBF5F30893DBF82430DD
:10F590000793D8F82C400B6AD8F83000079A1A4421
:10F5A000141BB4FBF3F203FB124383420BD25C093E
:10F5B000D8F83C0003F01F0350F8242009FA03F3A5
:10F5C000134340F82430089B002B3FF490AC03F029
:10F5D0000103C3F102030A6A0D939D00079B934246
:10F5E00080F0C68017AF00240846DBF82C30079A5D
:10F5F0009A4222D0D8F81430079A46699A4267D0C6
:10F60000B4FBF6F2436806FB12429C46002A70D017
:10F610000799D8F81C30C8F81410A21AC8F8182096
:10F6200000966646B04700287FF4DCADDBF82C304E
:10F63000079AD8F800009A42DCD1DBF83020A242C9
:10F64000D8D883691344A342D4D91B1BDBF83410E8
:10F65000AB4228BF2B46A21A11441E461A46384612
:10F66000AD1A0EF02AF934443744D8F80000002DC2
:10F67000BBD10D9BD8F82C405D1E012D0146036ABD
:10F68000D8F8300019D1179A121BD618B6FBF3F22E
:10F6900003FB1262824210D25409D8F83C0002F0F7
:10F6A0001F0350F8242005FA03F3134340F82430D5
:10F6B000D8F82C400B6AD8F830000D9E28AA02EB2F
:10F6C0008505089A921B089255F8442C079266E724
:10F6D000D8F81830A34293D89A19A24290D9121B95
:10F6E000D8F81C10AA4228BF2A46E31A1646194425
:10F6F000B5E7B5428CD3B5FBF6F306FB1353ED1A11
:10F700000E9300953B46224607996646B04700286F
:10F710007FF468AD2F442C440E9DA6E78E42FFF483
:10F7200084AEB6FBF1F501FB1563F61A1093009653
:10F73000089B07995A466546A84700287FF452ADB2
:10F74000089B3344B3440893109EA0E60D4B0E4A29
:10F750000E4840F28C410DF0FFFF0D4B0A4A0B485A
:10F7600040F2D3410DF0F8FFDDF844B0FFF77FBB66
:10F77000084B094A054812210DF0EEFFDBF81C305A
:10F78000FFF7AEBB440F04000C0E0400800E040013
:10F79000F80E0400600E0400DC0D04002DE9F04FAB
:10F7A0008A4699B0064606F11404DAF820700594EA
:10F7B0002C2200210AA807970EF0A3F894E807006E
:10F7C0004FF0FF35DAE904340DF154097561DAF8C8
:10F7D00020500E9389E80700DAF8141012970123DD
:10F7E0008D420F9411936DD29F033BD4129A0F9BBD
:10F7F0009A4247D20DF127080DF14C0B1BE03368FC
:10F80000149DDF69BD421BD07C1B012C28BF012445
:10F81000CDF80080139A01942B4649463046FDF7F7
:10F820009DF8A04460BB129A149B2244AF421C4432
:10F830001292149426D1119B5C0349463046DED4C3
:10F84000DDE90E4314AD0092CDE901B52246FDF786
:10F85000E7F8A8B9119B3268149DD76943F4802357
:10F860001193D1E75D0305D523F480234FF0FF32D8
:10F87000119315920AA93046FFF790FF0028B5D0E2
:10F8800000281CDB01230DF1270251463046FFF70B
:10F890001FFA002813DB7369013303D04FF0FF33E5
:10F8A00015937361DAF82020DAF814309A4209D2FD
:10F8B000119B03F00302022A96D16FF0080019B0E1
:10F8C000BDE8F08F0DF1270B4FF00109DAF82C108D
:10F8D0004B1C4AD03068DAF834308469DAF83020CA
:10F8E00000948468A04720BB3368DAF82C809A69BA
:10F8F000DAE90C75002A4DD02C46CDF818A0154435
:10F900003F1BDDF814A007E014F8013B9DF8272009
:10F910009A421AD1AC421BD0CDE900B93B194246FC
:10F9200051463046FDF71AF80028EDD0DDF818A052
:10F9300032DA10F1340FC2D151463046FDF782FF62
:10F940000028C3D019B0BDE8F08FDDF818A0F3E7A8
:10F95000DDF818A03368DAF834009A69FF210DF059
:10F96000D0FF4FF0FF33CAF82C30DAF81C3023F404
:10F970000033DAE9082143F48033CAF81C30079BCE
:10F98000CAF810100020CAF81420CAF8203019B0A4
:10F99000BDE8F08F2846E1E73368DAF834009A6969
:10F9A000DCE700BF2DE9F04F0D46C969074601F0BD
:10F9B0000300022887B061D08803904647D42A6AA2
:10F9C00069698A423FD2891A99420E4628BF1E466B
:10F9D0000596002E4ED005F12C0905F1280B05F1F6
:10F9E000240A1AE03C68AB6AE469A3421AD0E41A1C
:10F9F000B44228BF34466A6ACDF800800194494673
:10FA00003846FCF7ABFFA044F0B92A6AAB6A22443F
:10FA10002344361B2A62AB622CD0EB695B03494658
:10FA20003846DFD4D5E904430092CDE901AB224644
:10FA3000FCF7F6FF40B9EA693968AB6ACC6942F471
:10FA40008022EA61D3E7002007B0BDE8F08F4A03C7
:10FA500005D521F480214FF0FF32E961EA622946A1
:10FA600038460593FFF79AFE059B0028A7D007B0FC
:10FA7000BDE8F08F059807B0BDE8F08F6FF0080083
:10FA8000E2E700BF70B50C46C96916464A031D4639
:10FA900005D521F480214FF0FF33E161E3628B0350
:10FAA00004D52146FFF77AFE00B170BD15B9304686
:10FAB000266270BD012D03D0022D07D0206A70BDD3
:10FAC000002E206A0BDB3044206270BD002E60697E
:10FAD000F9DA73428342F6D96FF0150070BD7342B4
:10FAE0009842F0D2F8E700BF086A7047CB694869CE
:10FAF0009B0303D50B6A984238BF1846704700BF76
:10FB0000F0B595B014AB154643F8441D05AA09A9F4
:10FB10000646FDF727FC044610B1204615B0F0BD9F
:10FB20004C22014628460DF0ECFE9DF818302B7053
:10FB3000112B04BF089B6B607268079B934205F111
:10FB400008071BD00898B168884217D08B4215D09F
:10FB5000824213D005999DF819009DF81A300A9A2F
:10FB60000097043101449DF81B0001900B4430467E
:10FB700006F11401FCF7F2FE0446CEE7024B1B88A7
:10FB80002B81204615B0F0BDB40D040030B58B6A52
:10FB9000016099B00446002B73D0C361C86A8A69BA
:10FBA000002879D0A062FF210DF0ABFE4FF0FF33AB
:10FBB000216823626361486AC30640F0C48000285C
:10FBC00000F0B3800B6B002B6ED0E363D1E905032B
:10FBD000B3FBF0F200FB1232002A40F0C280C86989
:10FBE000B0FBF3F203FB1203002B40F0B3804FF0A5
:10FBF000FF35A0F10802B5FBF2F22A44B2FA82F214
:10FC0000C2F12002B0EB820FC0F096800A6AA263B4
:10FC1000C4E90155C4E90333012584F84030C4E93F
:10FC20000B33636302AA0DA92046CDE90235FCF728
:10FC300079FF054660B123689A6A002A44D0DA6ADF
:10FC4000002A3CD01B6B002B35D0284619B030BDA4
:10FC5000202105ABCDE900310E9A102304F11401E7
:10FC60002046FCF77BFE05460028E4D1404B0B9A6A
:10FC7000DDE906019A42C4E901012AD06FF033059B
:10FC8000D9E7486905F0CCFDE061002833D0216850
:10FC9000C86A8A69002885D1104605F0C1FDA062B6
:10FCA00048B323689A697EE7C00805F0B9FDE063B0
:10FCB00008B321688AE7E06B05F0C4FDC5E7A06AD8
:10FCC00005F0C0FD2368BDE7E06905F0BBFD2368D2
:10FCD000B5E70C9AA3F18773A3F580639A42CDD15F
:10FCE0000A9B1A0C012A02D06FF01505A3E79BB2FC
:10FCF000012BF9D8A9E723689A6A8AB1DA6A52B166
:10FD00001B6B13B16FF00B059FE7E06B05F09AFDDD
:10FD10006FF00B0599E7A06A05F094FD2368EFE703
:10FD2000E06905F08FFD2368E8E7124B124A13489B
:10FD300040F614010DF010FD114B0F4A0F4840F62C
:10FD400024010DF009FD0F4B0B4A0C4840F613013E
:10FD50000DF002FD0C4B084A08484FF402610DF00B
:10FD6000FBFC0A4B044A054840F61F010DF0F4FC69
:10FD70006C697474940F0400380E0400800E040043
:10FD80000C100400740F0400DC0F0400AC0F04001E
:10FD900003689A6A10B5044652B1DA6A7AB11B6BED
:10FDA0000BB1002010BDE06B05F04CFD002010BD34
:10FDB000C06905F047FD2368DA6A002AEFD1A06A1E
:10FDC00005F040FD2368EAE742680121013280F82E
:10FDD000401004D08368013301D001F09BB80020AB
:10FDE000704700BF2DE9F04F88468246C869D1E9C7
:10FDF0000141A9B00130C8F804100792C8F81C00EE
:10FE0000C8F8084004937BB11E465068D368154675
:10FE1000D8F820201B1A022E134403D1E8696A691E
:10FE200003449B1AC8F82030DAF800000023069338
:10FE3000CDE90D14C3689847D1460546002800F067
:10FE4000798115F1340F40F037810D9B4FF0FF326F
:10FE5000C9F82020002B00F04482012B0E9A00F0FC
:10FE60004082012A40F23D820127BB464FF0000A42
:10FE7000D9E90C53D9F8381012E05A090139581C45
:10FE8000D9F83C40C9F83810C9F8340054F8226059
:10FE900003F01F0207FA02F2324200F0118103461A
:10FEA0009D42EAD1002900F02282D9F80020D9F839
:10FEB0002C30D2E908021D44914228BF1146B5FBFF
:10FEC000F0F300FB1355C9F83010C9F834A0D2087C
:10FED000C9F82C500021D9F83C000DF012FDD9F8DA
:10FEE00004300133C4D0D9F808300133C0D0012325
:10FEF00009F11405CDF80C80CDF83CA01093002436
:10FF0000A846D9F80060D9F82C20306AD9F83050CA
:10FF1000821A1444B4FBF0F100FB1141A94212D241
:10FF2000D9F83C004C0901F01F0350F8242007FACF
:10FF300003F3134340F82430306AD9F82C20109B87
:10FF4000D9F83050821A1A44B2FBF0F300FB1323A5
:10FF5000AB420BD25809D9F83C1003F01F0351F8FB
:10FF6000202007FA03F3134341F820300FAA1DA9FC
:10FF70004846FCF7D7FD002840F09D800C26209BCA
:10FF800016AC1CE01E9ACDE9004641464846FCF7F7
:10FF9000E5FC002840F08F809DF859309DF85A20EC
:10FFA0009DF85B002099043313449DF858200344C6
:10FFB00002F070020B44102A209300F0A081259AD1
:10FFC00022F00042043A03F10C019142DAD9DDE952
:10FFD0002643601CCDE90F4301D0591C91D1D9F8BB
:10FFE0000C40DDF80C80002C3FF442AFCDF82880A7
:10FFF000C846A146D9F81C30DA0304D5D9F8144014
:020000023000CC
:10000000002C40F037829B0304D5D9F82040002C07
:1000100040F0EC82D9F80090B9F1000FEAD1C14666
:10002000DDF8288024E7DAF80430013300F0498451
:10003000DAF8083001331DAC0DAE00F044842246DE
:10004000314611AB5046FCF773FF002833DB00F05C
:100050003A84D8E90103119E159621460C360C24EA
:1000600013909DF84B001996149312AE16941894A1
:100070001A9000241C904A460123504617961B9460
:10008000FFF7B0FEB8B90D98DAF80420904200F0FE
:100090000E840E9BDAF808108B4200F00884884228
:1000A00000F005849A4200F002845046FFF78CFE6F
:1000B000002800F088830546284629B0BDE8F08F67
:1000C000D9F80000D9F82C20016A1344B3FBF1F2EF
:1000D00001FB1231C8F80410D9E90C329A4221D040
:1000E000560902F01F0554F826600BFA05F5354253
:1000F00018D0D9F8385005F1FF3C654601279C46D9
:100100002B460AE0560902F01F0554F8266007FA4C
:1001100005F5354203F1FF3304D001326245C9E9E8
:100120000D23EFD101230693C368984705460028A5
:100130007FF487AE0DF1A00A4FF0FF334AF84C3D33
:1001400008F11C0421465046102201F0C1FBD8F8EA
:100150000420009409F1200310241946039301940C
:100160002B464846FCF75EFE834628B110F1340F5B
:100170003FF46BAE05469FE709F11403264605934D
:100180000127D8F8203023F00043043BA34232D9A2
:10019000049B9B4507DA4FEA0B13079AD518D358EF
:1001A000B34200F086801DAB00930E9A0197334650
:1001B00005994846FCF7D2FB00287FF47CAF01226A
:1001C0001DA9504601F084FB1DABD8F8042003990B
:1001D0000093019723464846FCF724FE002840F090
:1001E0008C80D8F8203023F000430134043BA34234
:1001F00006F10106CCD80420D8F804200399019018
:10020000CDF800A023464846FCF70CFE0546002822
:100210007FF417AED9F82010D9F800004FF0FF3363
:100220009942C9F8143017D08469D9E90923009498
:100230008468A047054600287FF403AED9F8003053
:10024000D9F828009A69FF210DF05BFB4FF0FF33CE
:10025000D9F80000C9F820300369984705460028FE
:100260007FF4EFADD8F820704FF0FF3327F0004750
:100270001D93043FD8F80430039309F1140B00F0E8
:100280009682064611AC08E00136012221461DA8DF
:1002900001F01EFBB74200F08A820123CDE9004342
:1002A000039A334659464846FCF758FB0028EBD0E2
:1002B00001E7D5E90212504601F00AFBD5E9023107
:1002C000D8F804204846CDE9003123460399FCF7CD
:1002D000A9FD90B96A68EB680BF1010B16441C4448
:1002E0004FE76FF03305284629B0BDE8F08F6FF077
:1002F0001B05284629B0BDE8F08F0546A1E5189CEE
:10030000002C3FF43DAED9F80010CD69013C083D0A
:10031000B4FBF5F0002800F0AD82013805910DF036
:100320009FF80599831CA4EB8303B3FBF5F30893B3
:10033000179B0593D9F82CC0D9F83040059A0B6A61
:10034000CDF82C80084661461A44511AB1FBF3F2ED
:1003500003FB1213A3420BD25C09D9F83C1003F043
:100360001F0351F8242007FA03F3134341F8243004
:10037000089B002B00F0918203F00103C3F10203FC
:10038000026A09939D00059B934280F0808211AB25
:1003900006934FF000081AE04368B8FBF1F201FB46
:1003A00012829C46002A00F04D82059CC9F8144038
:1003B000A8EB0202D9F81C30C9F818200091214698
:1003C0006446A04700287FF476AED9F80000D9F83B
:1003D0001430059A41699A42DED1D9F81830434564
:1003E000DAD85A184245D7D9A2EB0802D9F81C101E
:1003F0000698A8EB0303AA4228BF2A4619441446CC
:10040000AD1A90440DF059FA069B23440693D9F88F
:100410000000002DDBD1099BD9F82C10D9F8304011
:100420005D1E012D036A1AD1119A521A02EB030CB8
:10043000BCFBF3F203FB12C2A24210D25409D9F85A
:100440003C1002F01F0251F8243005FA02F2134367
:1004500041F82430D9F82C10036AD9F8304028AA82
:1004600002EB850CDDE90825521B08925CF85C2C38
:10047000059269E7D8F80010CD69013C083DB4FB4E
:10048000F5F0002800F0FA81013803910CF0E8FF44
:1004900003990230A4EB8004B4FBF5F30693D9F87A
:1004A00010300393D8F82C400B6AD8F83000039A28
:1004B000CDF814901A44141BB4FBF3F203FB12435F
:1004C00083420BD25C09D8F83C0003F01F0350F8BC
:1004D000242007FA03F3134340F82430069B002B33
:1004E00000F0DF8103F00103C3F102030A6A0893FD
:1004F0009D00039B934280F0CA810DF144090024C2
:100500000846059B039ADB6A9A4224D0D8F8143037
:10051000039A46699A4200F02481B4FBF6F24368DC
:1005200006FB12429C46002A00F076810399D8F817
:100530001C30C8F81410A21AC8F818200096664695
:10054000B04700287FF4B7AD059B039ADB6AD8F863
:1005500000009A42DAD1059B1A6BA242D6D8836971
:100560001344A342D2D905991B1B496BAB4228BF48
:100570002B46A21A11441E461A464846AD1A0DF0E3
:100580009CF93444B144D8F80000002DB9D1089B3F
:10059000D8F82C4001465D1E012DD8F830000B6ABA
:1005A00019D1119A121B1A44B2FBF3F603FB16225F
:1005B000824210D2D8F83C40560902F01F0354F88A
:1005C000260005FA03F3034344F82630D8F82C40FC
:1005D0000B6AD8F83000089E28AA02EB8505069A17
:1005E000921B069255F85C2C039263E7D8F8001032
:1005F000CD69013C083DB4FBF5F0002800F03C81DA
:10060000013803910CF02CFF03990230A4EB800415
:10061000B4FBF5F30593D9F824300393D8F82C40B4
:100620000B6AD8F83000039ACDF818901A44141BBE
:10063000B4FBF3F203FB124383420BD25C09D8F8FC
:100640003C0003F01F0350F8242007FA03F3134380
:1006500040F82430059B002B00F0158103F00103C6
:10066000C3F102030A6A08939D00039B934280F042
:100670000E810DF1440900240846069B039ADB6AAB
:100680009A4223D0D8F81430039A46699A427BD014
:10069000B4FBF6F2436806FB12429C46002A00F0C7
:1006A000A5800399D8F81C30C8F81410A21AC8F80D
:1006B000182000966646B04700287FF4FCAC069BE5
:1006C000039ADB6AD8F800009A42DBD1069B1A6BCA
:1006D000A242D7D883691344A342D3D906991B1BDE
:1006E000496BAB4228BF2B46A21A11441E461A463C
:1006F0004846AD1A0DF0E1F83444B144D8F8000092
:10070000002DBAD1089BD8F82C405D1E012D014662
:10071000036AD8F8300019D1119A121B1A44B2FB9F
:10072000F3F603FB1622824210D2D8F83C40560959
:1007300002F01F0354F8260005FA03F3034344F8BC
:100740002630D8F82C400B6AD8F83000089E28AA2A
:1007500002EB8505059A921B059255F85C2C0392D5
:1007600064E7D8F81830A3423FF6D7AE9A19A242F0
:100770007FF6D3AE121BD8F81C10AA4228BF2A4617
:10078000E31A16461944F8E6D8F81830A3423FF6A3
:100790007FAF9A19A2427FF67BAF121BD8F81C10CC
:1007A000AA4228BF2A46E31A16461944A0E71D9A12
:1007B000159B9A427FF449AB5346CA469946069B1D
:1007C000002B7FF430ACDAF81030002B3FF474AC1F
:1007D000D8E901125C688C4252D0986890424FD0A0
:1007E00094424DD081424BD01B68EEE7B542FFF4F6
:1007F00058AFB5FBF6F306FB1353ED1A09930095BA
:100800004B46224603996646B04700287FF453AC16
:10081000A9442C44099D71E7B542FFF487AEB5FBAE
:10082000F6F306FB1353ED1A099300954B46224647
:1008300003996646B04700287FF43DACA9442C4498
:10084000099DA0E68D42FFF4B0ADB5FBF1F401FBCC
:100850001453ED1A0A930095069B05994246644687
:10086000A04700287FF427AC069B2B44A84406939E
:100870000A9DCCE508905BE50590CCE606900EE677
:10088000C3E90112B0E7DDF81890FFF7C3BB194BBD
:10089000194A1A4812210CF05FFFDDF82C80FFF78F
:1008A0006EBBDDF81490D9F81C30FFF7ACBBD8F85C
:1008B0000430CAF80430D8F80830CAF80830FFF716
:1008C000F4BB1DAC0DAE314622465046FCF700FF8E
:1008D0000028FFF6F0AB3FF476AF2146D8E90104DB
:1008E000002326901A4650462794FFF77BFAFFF71D
:1008F000DFBB00BF600E0400DC0D0400800E0400AE
:100900002DE9F04F9DB000F1140882468B469146C8
:100910000593474699F8053099F8060099F807407D
:10092000DAF80020DBF82010D269043303442344B2
:100930000B44934240F28A80002980F2A180DBE9D7
:1009400009234FF00008CDE9028909920A9309AB07
:10095000394653F828501023019311AB00932A46CF
:1009600000235046FBF7FAFF00283DD1029B2BB134
:10097000119BDBF81C209B1A002B59DB129B23F0E8
:100980000043132B54D9DAF80020D26993424FD890
:100990000DF170094FF0FF3349F8503D102211A9B5
:1009A000484600F095FF129E26F00043102B25D0FC
:1009B000CDF8108010240DF11F06984604E048463B
:1009C00000F086FFA04517D00123CDE900632A4639
:1009D000234639465046FBF7C1FF012231461444F5
:1009E0000028ECD0DDF8108010F1340F20D0034641
:1009F00018461DB0BDE8F08FDDF81080089B08F1A7
:100A00000104ABB911AB0FCB04F001041CAE06EB33
:100A10008404CBF8045054F84C4CCBF80840102513
:100A20000BF11C04CBF80C5084E80F000123029357
:100A3000B8F1000F07D0DDE90239002B7FF46AAF6F
:100A40006FF03303D4E74FF0010880E74D460B1FEA
:100A500045F8043B059F139500261193159311AAA1
:100A6000594650460C250223CDE917741296169666
:100A70001495FFF7B7F9034618461DB0BDE8F08F8F
:100A80005D460FCD11AC0FC40FCD0FC495E8070024
:100A900084E8070059465046FDF738FB0346002816
:100AA000A6D1DBF820201A99CBF824104846043A46
:100AB0001B99CBF8281040F8042B0A9399F80710DB
:100AC0000E93059B0F93099202230D9210910B90A8
:100AD0000C2409AA594650460C94FFF783F90346A3
:100AE000002885D1DBE90114199A1A9142F00045DA
:100AF00011A91A46504619951B94FFF773F903463E
:100B000076E700BF2DE9F041537996790D4604331D
:100B1000D179334414462A6A0B4403F1140122F0BC
:100B200000428A428EB0064664D003AF2068049328
:100B30003A4603900027012329463046CDE9057740
:100B4000FFF750F900284FD1F36823B34FF0FF3778
:100B50000BE0D3F808E0D5F808C0E64509D06245B7
:100B600007D0714505D01B68ABB15A6869688A42E5
:100B7000EFD1DA6821688A4239D0F4D9617994F8E2
:100B800006E094F807C0043171446144521ADA60F7
:100B90001B68002BE9D1336953B925E09F68AE6823
:100BA000B74209D0B24207D0B94205D01B68DBB1C9
:100BB0005A6869688A42F1D1D96822689142F5D9A8
:100BC0006279A779E67904323A4432448A1ADA60C3
:100BD0006279A779E679996904323A4432448A1AEB
:100BE0009A611B68002BE3D10EB0BDE8F081C3E928
:100BF0000177B8E74368013324D08368013321D0FB
:100C0000002203AF01230192394601AA0293FBF7A8
:100C100089FF90BB0C9B5A1C15D0DDF834C0BCF189
:100C2000FF3F0CAA394630460DD0D5F804E09E456A
:100C300009D0D5F80880E04505D0434503D0E64506
:100C4000E5D100E003AF0B9A002A06DB6379A179B6
:100C5000E27904330B44134468E7D5E90831AC6A00
:100C60000C9163F0004500231540394630461A4682
:100C70000B950D94FFF7B6F8B6E70028B4DBE2E772
:100C80002DE9F0478B6A0160A6B00446002B62D0C4
:100C9000C361C86A8A69002869D0A062FF210CF08C
:100CA00030FE4FF0FF33226823626361536AD90636
:100CB00040F00481002B00F0FA80106B00285FD018
:100CC000E063D2E90553B3FBF5F105FB11310029CF
:100CD00040F00981D169B1FBF3F503FB1515002D37
:100CE00040F0FA804FF0FF36A1F10803B6FBF3F3B2
:100CF0003344B3FA83F3C3F12003B1EB830FC0F0A5
:100D0000E480526A25612946D208C4E9026584F864
:100D1000405066600CF0F5FD2368E562D3E90823D6
:100D2000934228BF1346C4E90C35A26310A920469C
:100D3000FDF7ECF9054600282AD023689A6A002AB4
:100D40007FD0DA6A002A77D01B6B002B70D0284640
:100D500026B0BDE8F087486904F062FDE061002834
:100D600000F08A802168C86A8A69002895D11046F7
:100D700004F056FDA06200287ED023689A698DE7B2
:100D8000D80804F04DFDE063002875D0226898E78C
:100D90001BA92046FDF7BAF905460028CDD1034628
:100DA00002461BA92046FFF71DF805460028C4D1BE
:100DB000206850491C9AADF82250D0E9073603C983
:100DC0000EAF87E80300A9460B9310251D9B0C96D8
:100DD000082041F22E464FF00111626009921992EB
:100DE0003422ADF82060A3600A931A930795AA46AF
:100DF0008DF823000D9118924FF0020808AF2026BD
:100E0000012303AA10A92046CDE903A6CDE9057662
:100E1000FEF7E8FF0546C8B110F1340F8DD1B8F1E7
:100E2000010F16D1B9F1000F16D16FF0330584E729
:100E3000E06B04F007FD8AE7A06A04F003FD236875
:100E400082E7E06904F0FEFC23687AE74FF00109CD
:100E5000E5E74FF00108D3E7002310A901AA2046D7
:100E6000CDE90138FBF75EFE054600287FF465AF4B
:100E700023681A6AA26361E723689A6A92B1DA6A00
:100E80005AB11B6B2BB16FF00B05284626B0BDE89D
:100E9000F087E06B04F0D6FCF5E7A06A04F0D2FC22
:100EA0002368EEE7E06904F0CDFC2368E7E7124B26
:100EB000124A134840F614010CF04EFC114B0F4A35
:100EC0000F4840F613010CF047FC0F4B0B4A0C483F
:100ED00040F624010CF040FC0C4B084A08484FF443
:100EE00002610CF039FC0A4B044A054840F61F0128
:100EF0000CF032FC58100400940F0400380E04006B
:100F0000800E0400740F04000C100400DC0F0400B9
:100F1000AC0F04002DE9F04FBBB083462C2200211A
:100F200019A80CF0EEFC4FF00043282224A8002161
:100F300021930CF0E6FCDBF800301B6A01222E92B4
:100F4000002B00F04981002303932DAA24A95846C1
:100F5000FBF7E8FD079048BB219B002B7ADBDBF811
:100F60000430013300F04281DBF80830013300F037
:100F70003D810DAB2FAA22A95846FBF7D9FF0028C7
:100F800013DB00F033810F9C229B109D239A9C421F
:100F900000F03881944200F03B81002319A95846A3
:100FA0001A46CDE92245FEF71DFF079007983BB092
:100FB000BDE8F08F03460C2001900EA80090259A02
:100FC00059465046FBF7CAFC002840F0AD809DF81A
:100FD00039209DF83A309DF83B50279C2A989DF87F
:100FE00038100D9404321A442A44A31802442A9259
:100FF0000A06279330D5DAF804300133D34610D0EF
:10100000DAF8083001330CD00FA95046FCF7B6F8D7
:101010000028CADB40F0D7809DF838100D9C9DF861
:101020003B50119401F07F0104F10C0200208DF877
:1010300038100EA90C2615921391CDE9170501233E
:1010400011AA24A95846169512961496FEF7CAFEC0
:101050000028AAD1279BDA462C9921F00042043AB5
:1010600003F10C00904240F2BE80002980F2A7807C
:101070000AF1140BDDE92D2300250B920C93A846F1
:101080004FF010090BAB594653F82570CDF804907A
:101090002FAB00933A4600235046FBF75FFC002835
:1010A0003FD1B8F1000F04D02F9B2B9A9B1A002B35
:1010B00072DB309B23F00043132B6DD9DAF800204C
:1010C000D269934268D83AAB4FF0FF3143F8C01D64
:1010D000102218462FA9049300F0FAFB309B23F04E
:1010E0000042102A44D0CDE9058510240DF12706D1
:1010F0001546DDF8108004E0404600F0E9FBA5420B
:1011000034D00123CDE900633A4623465946504680
:10111000FBF724FC0122314614440028ECD0DDE921
:10112000058510F1340F37D0831CD3467FF43DAFD3
:1011300024AD0FCD19AC0FC40FCD0FC495E8070037
:1011400084E80700DBF80030039A1B6A01329A42F8
:10115000039241D22D9B01333FF428AF2E9B0133E4
:101160007FF4F3AE07983BB0BDE8F08FDDE905856D
:101170000A9B6C1C83B92FAB0FCB2BAE04F0010480
:1011800086E80F003AAB03EB8404259754F8BC3C87
:10119000CDE926394FF001089DB1B8F1000F1BD001
:1011A0002C992A9A21F00043043B143210201B2B67
:1011B0002A9227903FF6FEAE0029FFF65BAFD3469A
:1011C000B6E701255EE70DAA24A95846FFF79AFC69
:1011D00000283FF43FAFE8E66FF03303079307982A
:1011E0003BB0BDE8F08F0AF1140BE4E6DDE92D54C5
:1011F000002319A958461A46CDE92254FEF7F2FDFC
:101200000790D3E6AA423FF425AF94427FF4C5AEDF
:10121000AB427FF4C2AE1DE770B590F840309CB091
:101220000546019163B943680122013380F84020EB
:1012300006D08368013303D0FFF76CFE044660B923
:1012400001AB02AA06A92846FCF78CF8831C0446C9
:1012500006D0002808BF6FF0100420461CB070BDF7
:101260002F2101980DF00BFA0028F6D12B681B6A8C
:10127000AB6311A92846FCF749FF04460028ECD1CE
:10128000DDE90F3602461A9311A9034628461B963C
:10129000FEF7A8FD04460028DFD1019E8DF80E0060
:1012A00040F622033046ADF80C300DF019FA334603
:1012B000DDE912648DF80F0002AA06A928460594FC
:1012C000109404960F96FFF71BFB04460028C4D128
:1012D0002B681B6AAB63C0E72DE9F0431F4691B052
:1012E00003F00303012B0C460092054603D090F84F
:1012F0004030002B4ED001AA05A96B462846FCF7CA
:1013000031F8064600283FD19DF80830222B00F026
:101310009380BB0500F18D80DDE9062001996260B4
:10132000039AA0600023C4E906372362C4E90312CC
:10133000049B63617A0506D5002B3DD14FF0FF3247
:101340000023C4E904232B68586B4FF0FF32E2629C
:10135000002859D0EB68002B61D16063E36903F08A
:1013600003034FF0FF36012BE66205D02B68FF2107
:101370009A690CF0C6FAE662EB68236000263046F4
:10138000EC6011B0BDE8F083023019D0304611B0E6
:10139000BDE8F08343680122013380F84020AAD0E1
:1013A00083680133A7D0FFF7B5FD06460028A2D019
:1013B000304611B0BDE8F08347F48037E761BDE700
:1013C000DDF800902F2148460DF059F9804600289D
:1013D000DCD1F905DAD540F611034846ADF80830FE
:1013E0008DF80A800DF07CF94FF0FF368DF80B0078
:1013F0004B4601AA05A92846CDE90368FFF780FA04
:101400000646002888D0C1E7E26902F00302012AFB
:1014100008D0986904F004FA606300289ED16FF048
:101420000B06B3E7586904F0FBF96063002895D117
:10143000F5E76FF01006A9E76FF01406A6E700BF06
:101440002DE9F041CB690C4659039AB0064605D503
:1014500023F480234FF0FF32E361E2629A030AD55E
:1014600021463046FEF79AF9054618B128461AB0CB
:10147000BDE8F081E36903F41023B3F5803F04D0A5
:10148000002528461AB0BDE8F08163680133F7D023
:10149000A3680133F4D00FA9221D3046FBF742FBAD
:1014A00005460028E2D1E068049504AF4FF00C082F
:1014B0000346CDE900780390C7E90155109A06F17B
:1014C00014013046FBF74AFA05460028CED19DF8B4
:1014D0001030112B20D1039B22690997304603F16C
:1014E0000C070D9566699DF81350079305920FA997
:1014F000012307AA0C950E95CDF82080CDF8288001
:101500000B970696FEF76EFC05460028AED1E36900
:1015100023F48033E361A9E7034B044A044840F213
:1015200013610CF019F900BF240F04001C0E040015
:10153000800E0400F0B5CB690C4659039BB00546FC
:1015400005D523F480234FF0FF32E361E2629A0372
:1015500022D521462846FEF721F90646D8B1EA6889
:1015600042B1944203D163E09C4263D01A461368AF
:10157000002BF9D1A36923B11B6813B130461BB00E
:10158000F0BD2B685B6B002BF8D1606B04F05AF94F
:1015900030461BB0F0BDE36903F41023B3F5803F80
:1015A00001D00026DBE763680133FAD0A36801337A
:1015B000F7D00FA9221D2846FBF7B4FA06460028EB
:1015C000CDD1E068039004A90C270346CDE90017AC
:1015D000109A049605F114012846CDE90566FBF73B
:1015E000BDF906460028BAD19DF81030112B24D140
:1015F000039B0D9004AA6069099203F10C029DF807
:10160000136008970A97079327690B9206900FA912
:10161000012307AA28460C960E960597FEF7E2FBD3
:10162000064600289BD1E36923F48033E36196E703
:1016300005F10C02236813609CE7034B034A04483E
:1016400040F213610CF088F8240F04001C0E040013
:10165000800E0400F0B590F84030ADB00446019122
:101660007BB943680122013380F8402009D08368A8
:10167000013306D0FFF74EFC054610B128462DB0C9
:10168000F0BD0BA901AB07AA2046FBF76BFE054690
:101690000028F3D19DF82030222B00F0BF809DF868
:1016A00021309DF822009DF82310139A043303443F
:1016B0000B4403F1140122F000428A4200F09480AE
:1016C00021AE0798229332462190002601230BA9D0
:1016D0002046CDE92366FEF785FB002840F0978081
:1016E000E36823B39DF821609DF822109DF8232024
:1016F000DDF81CC00E440436DDE90C0716444FF03B
:10170000FF3E08E09968B94208D0BA4206D0884244
:1017100004D01B685BB15A688242F3D1DA68624533
:1017200079D084BF921BDA601B68002BF3D1236948
:1017300023B39DF821109DF822009DF82320DDF8A9
:101740001CC001440431DDE90C67114408E09868CD
:10175000B84208D0BA4206D0864204D01B686BB1AA
:101760005A68B242F3D1DA686245F7D99869521AD9
:10177000401ADA6098611B68002BF1D19DF8203087
:10178000222B7FF47BAF6368013326D0A36801333B
:1017900023D000200123059005AA0BA9204606931B
:1017A000FBF7C0F90546A8B17CE0159A511C14D08E
:1017B0001799994279D01898904276D0834274D084
:1017C000914272D014AA0BA92046FBF7ABF905464B
:1017D000002867D1149B581CE7D13A4B3A4A3B4842
:1017E00040F26E710BF0B8FF6368013344D0A36818
:1017F000013341D0002021AE01230390314603AADA
:1018000020460493FBF78EF930B3002827DA05460B
:1018100028462DB0F0BDC3E901EE7AE709AA16A962
:101820002046FBF77FF900283FF439AF0546EFE784
:101830002B9A571C13D00C99994210D00D989042B6
:101840000DD083420BD0914209D02AAA31462046BE
:10185000FBF768F90028D8D12A9B5A1CE8D1299AAD
:10186000002A0BDB9DF821309DF822109DF82320E3
:1018700004330B44134424E721AEF0E7DDE91331D0
:1018800063F00040104000232A91299031461A4607
:10189000159E2B962046FEF7A5FA00283FF46EAF62
:1018A0000546B5E7002DFFF6E9AE2046DDE91F54F9
:1018B00000230BA91A46CDE91454FEF793FA054606
:1018C000DCE600BF641004002C0E0400800E04004F
:1018D000E2B170B4013A04680D4D8E18013911F867
:1018E000013F83EA040202F00F028E4255F82220E3
:1018F00082EA141484EA131303F00F0355F823301B
:1019000083EA1414EBD1046070BC7047704700BFC9
:101910006810040010B5034B03600446FAF7E8FAB8
:10192000204610BDB010040010B5054B03600446FE
:10193000FAF7DEFA204606F0A7FA204610BD00BFEF
:10194000B010040008B500F0B7F9002008BD00BFD2
:1019500070B501F5ED51CC0182B004F18006FF2590
:10196000012220460DF1070114448DF8075000F0C4
:10197000A9F9A642F4D1002002B070BD08B501F566
:10198000ED5102EBC1101946029A00F09BF9B0FA32
:1019900080F04009404208BD08B501F5ED5102EB69
:1019A000C1111846029A00F0A5F90028CCBF00200A
:1019B0000120404208BD00BF38B500210546FAF7B6
:1019C000B7FA98B94FF46D24204600F09BF904F55E
:1019D000805458B1B4F5742FF6D12846FAF7CAFAF4
:1019E00028460021BDE83840FAF7A2BA38BD00BF4A
:1019F00010B5074C07492046FAF782FA064B2360D8
:101A00002046064A0649BDE810400BF04FBB00BF18
:101A1000B070002010610020B010040000600020B1
:101A2000151903002DE9F04F83B00193002B3CD032
:101A3000DFF8809005460E4690461F46C6F30B0A17
:101A4000CAF580542B69BC4206EA090B28BF3C4604
:101A50005B4520D0184601334FF4805213D0EB6819
:101A600013B16969984770B90B2006F02FFF2B68F6
:101A7000286998476B68D5E904014FF4805298476C
:101A80000B2006F039FFC5F810B05946AB686869FD
:101A90004FF48052984768694146224650440BF003
:101AA0000CFF3F1B2644A044C8D1019803B0BDE8F9
:101AB000F08F00BF00F0FFFF38B503695A1C1AD041
:101AC000C56804462DB118464FF480526169A84795
:101AD00070B90B2006F0FAFE236820699847636806
:101AE000D4E904014FF4805298470B2006F004FF1C
:101AF0004FF0FF33236138BD2DE9F84304691D46DB
:101B0000631C06468846174607D1B36839464046E7
:101B10002A4698472846BDE8F883944224D92A44A7
:101B200094428368F2D204F580529742EED2E41BCD
:101B300022463946404698474FF4805908EB040046
:101B40002A1B00219145736928BF91464A461944D2
:101B50004C440BF0B2FEA542DCD9B368391908EB4E
:101B600004002A1B9847D5E704F580539A42CCD24B
:101B7000391BC1F580592A4640460024E2E700BFE0
:101B800029DF704728DF704712DF704708B50BF078
:101B900085FEB0FA80F0400908BD00BF10B51446BC
:101BA0000BF08BFE204610BDF0B583B002AB0024D5
:101BB00003F8014D0546184617460C46D608FFF7B0
:101BC000E3FF01E003F0E2FD324621462846FFF73D
:101BD000D7FF112803464FF00100F3D0CBB99DF891
:101BE0000730CBB97B081D441C4401E003F0CEFD57
:101BF000324621462846FFF7C3FF112803464FF01F
:101C00000100F3D02BB99DF8073063B9384603B013
:101C1000F0BD002003B0F0BD074B4FF0FF31186856
:101C200004F00AFBDEE7044B4FF0FF31186804F0C4
:101C300003FB384603B0F0BD5481002030B5174D8A
:101C4000296883B00446D1B1240B01E003F09EFD66
:101C50002046FFF797FF112803464FF00100F5D00B
:101C600013B1002003B030BD02A800F8013DFFF71A
:101C70008BFF9DF807304BB9012003B030BD0A201F
:101C800003F060FE28600028DED1EAE728684FF004
:101C9000FF3104F0D1FA012003B030BD548100209F
:101CA000044B186820B100231A46194603F07CBE85
:101CB000704700BF548100200148FFF7FDBE00BF00
:101CC0004861002010B4094CA0420AD3B0F5742F2B
:101CD00007D213465DF8044B0A4601460448FFF755
:101CE000A1BE4FF0FF305DF8044B7047007002005A
:101CF0004861002013460A4601460148FFF7FCBE32
:101D00004861002030B5174D296883B00446D1B131
:101D1000240B01E003F03AFD2046FFF733FF1128C2
:101D200003464FF00100F5D013B1002003B030BDE1
:101D300002A800F8013DFFF727FF9DF807304BB9D7
:101D4000012003B030BD0A2003F0FCFD286000280C
:101D5000DED1EAE728684FF0FF3104F06DFA012088
:101D600003B030BD5481002072DF704773DF7047CD
:101D700077DF70470022C2770270704730B440F2BC
:101D8000FF12094C094902840125002280F82250E3
:101D9000C0E90A41C277027080F823204262C0E99C
:101DA0000C22826330BC70472000F40020001E002B
:101DB000F0B502EB8203264E87B003EB83030F4698
:101DC0009B00154631680022CDE90272ADF80C3057
:101DD00090F8213000928DF80030CB070446019234
:101DE000CDE9042209D41B4A1B4BD17FC07F9981C6
:101DF00001211C609A60988031606A46164904F19E
:101E00002000FFF7B1FF10B1002007B0F0BD13486C
:101E100094F8206002F058FD314602460120FFF799
:101E2000A7FF0028F0D1012194F82000FFF79EFFC2
:101E30000028E9D1094802F08FFD638EA7859D42F5
:101E400094BF5B1BDB1A0120638684F82300DCE768
:101E500058810020EC8700205C81002070810020E8
:101E600030B50B888D88112B85B004462CD0262BDD
:101E70000FD0102B01D005B030BDCB7B012BFAD198
:101E8000426A03FA05F515430023456280F82330C2
:101E9000F1E70B7A012BEED1002380F823304FF4C9
:101EA000FA71274802F014FD238E002B30D0658E86
:101EB000002D36D0A36B0BB19847658E618D2A46F5
:101EC0002046FFF775FFD6E7436AEB40DB07D2D524
:101ED0001B4801F073F80028CDD1636A94F82310F1
:101EE000012202FA05F523EA050363620029C2D143
:101EF00094F82230002BBED0238E6386FA2110483E
:101F000002F0E6FCE28D218D2046FFF751FFB2E79B
:101F1000A36B03B198470022618D2046FFF748FF6D
:101F2000A9E7074802F02CFD626B002AA3D004AB9E
:101F30000095294643F8045D284606F069FA9AE7B9
:101F40007081002075DF70478CDF704710B44FF050
:101F500010144FF448010022C0E90041C0E90222F8
:101F60005DF8044B704700BF014800F00FBD00BF93
:101F70006088002038B5054606480C4601F076F822
:101F8000022301462A46E018FFF7DEFFB0FA80F090
:101F9000400938BD0C880020F8B500240B4F2546B9
:101FA000A1B2384602F0C0FC0134064648B100F048
:101FB00093FB30B1304600F099FB022804BF013595
:101FC000EDB2142CECD12846F8BD00BF7081002082
:101FD00081607047C160704770B58D881B480C46A2
:101FE00094B0294602F0A0FC23881A2B1FD01F2B87
:101FF0000ED0102B01D014B070BD694600F0B4FBB8
:102000000028F8D06A462946114801F0FBFBF2E7A8
:1020100054F8080F61686B4603C32846BDF80030CA
:10202000ADF802306946FFF78DFF14B070BD06466B
:1020300000F054FB0028DED0304600F051FB0028B1
:10204000D9D1304600F0A8FBD5E700BF7081002051
:102050009081002051F8322F02604A684260704738
:10206000A1DF7047A3DF7047A4DF704710B5074BAF
:10207000044640F8243B02F0C7FC2146044800F027
:102080002FFF201D01F020FF204610BDC0100400CE
:10209000B085002010B5094B044640F8243B02F0FF
:1020A000B3FC2146064800F01BFF201D01F00CFF89
:1020B000204605F0E9FE204610BD00BFC010040018
:1020C000B085002070B50446D1E901020A4E0B4DDF
:1020D000CB682361C4E90202C4E9006504F124006D
:1020E00002F07EFC00236361A36184F83C30E3616D
:1020F000C4E90D33204670BDC0100400FC1004007C
:1021000038B504460D46043001F026FF0DB9074BE3
:102110001D6825622146064800F00EFF04F12400E8
:102120000121BDE8384002F065BC00BF6C81002091
:10213000B08500200A4600F114034968106803C303
:1021400012891A80704700BF00238383704700BF45
:1021500030B5114C85B00546204600F029FC0190B1
:10216000286A00F04BFA0146204600F01DFC286A60
:1021700000F03CFA04AA014642F8045D012320461F
:1021800000F05AFC01990546204600F00DFC281C81
:1021900018BF012005B030BD60880020808B003062
:1021A00018BF0120704700BF006A00F01FBA00BFCF
:1021B000808B704710B592B0044603920092322390
:1021C00005AA404800F0D8FC68B39DF81A30012BEE
:1021D0004ED0012827D99DF82030012B50D002285D
:1021E00021D09DF82630012B20D003281BD09DF84C
:1021F0002C30012B2CD0042815D09DF83230012B27
:102200002ED005280FD09DF83830012B3FD006285E
:1022100009D09DF83E30012B4CD0072803D09DF803
:102220004430012B3BD0012012B010BDBDF824205A
:1022300042F602139A42D8D1022312AA03EB4303B7
:1022400002EB4303012033F8323CE38312B010BDAC
:10225000BDF82A2042F602139A42CCD10323ECE7C0
:10226000BDF8302042F602139A42CAD10423E4E7B3
:10227000BDF8182042F602139A42AAD10023DCE7E7
:10228000BDF81E1042F602129142A8D1D5E7BDF862
:10229000362042F602139A42B9D10523CDE7BDF8A4
:1022A000422042F602139A4208BF0723C5D00120FC
:1022B00012B010BDBDF83C2042F602139A42ACD1D8
:1022C0000623BAE760880020037E1B0701D40020A4
:1022D00070472DE9F043054685B0006A0F46164663
:1022E00000F084F90146314802F01EFB00284FD06F
:1022F00000F0FEF9A0F103091FFA89F94E4505F136
:1023000024082CD9053880B2B04228BF304639465F
:102310004FF0040CAB8BADF80A0000243246404667
:10232000019403978DF804C0ADF80630ADF808406D
:1023300002F07AFB286A00F059F901A9FFF792FE32
:1023400030BB6421A9F10209404696FBF9F606FB71
:10235000011102F06FFB20EAE07080B219E0002466
:1023600001203946AB8B019432468DF8040040467B
:10237000ADF80630ADF80A600397ADF8084002F0FA
:1023800053FB286A00F032F901A9FFF76BFE18B180
:10239000002005B0BDE8F0834046642102F04AFB0E
:1023A0000028ACBF30460020F3E700BF708100205A
:1023B0002DE9F0410B88CE88382B86B00C460546B7
:1023C00042D0392B25D0362B02D006B0BDE8F081A3
:1023D000006A00F00BF90146614802F0A5FA00F02E
:1023E00087F905F1240807466EB9E28904F1100166
:1023F000404602F051FB2B8E2BB1033FBFB2E38965
:10240000013FBB4270DA404602F05EFB06B0BDE819
:10241000F0810B7B012B57D0022BD6D1836B002B85
:10242000D3D090F83C20B1F80480CE89920701F116
:10243000100700F184803246394628469847618962
:102440004046FFF711FEC0E700F12407002E35D10A
:102450000A8A3846314602F01FFB94F80C80B8F126
:10246000010F2BD0B8F1040FAFD1286A00F0BEF8ED
:1024700001463B4802F058FA00F03AF92B8E053835
:1024800080B2834228BF0346002B37D0218AE289DD
:10249000286AAC8BADF80C600A44E96A05918DF8A6
:1024A0000C80ADF81230ADF81020ADF80E4000F001
:1024B0009DF803A9FFF7D6FD002886D0384602F024
:1024C00003FB06B0BDE8F081436B002B3FF47DAF0A
:1024D00090F83C20CE8901F11007D1071ED4324676
:1024E00039462846984770E7286A00F07FF86A8ED8
:1024F000A98BFFF7B5FD002885D166E740F20511ED
:10250000AA8B286AADF80C10CDE90433ADF80E2083
:1025100000F06CF803A9FFF7A5FDCFE703201A46EA
:102520000090314603AB3846CDE90357059605F0D8
:102530006FFF00287FF449AFE6896B6BCFE703207C
:102540001A460090314603AB3846CDE9035705964D
:1025500005F05EFF00287FF472AFAB6BE6896AE797
:10256000708100204FF6FF738380704710B50446DA
:102570000C3001F0F1FC044B04481C60214600F0D3
:10258000EFFC012010BD00BF6C810020B085002051
:1025900038B5044608480D4600F004FA40B101235E
:1025A00022462946044800F00FFA00B1A58038BD44
:1025B000014800F0EBF9F2E76088002070B44C6845
:1025C0000461D1E90254064A064E0749C2604FF63B
:1025D000FF720660C0E905544160028170BC70471B
:1025E000FC100400D0100400FFFF01008088704739
:1025F00082B0C0F8061002B0704700BFD0F80600E5
:1026000083B282B063F30F0002B0704776DF704789
:102610008FDF704790DF7047B1DF7047B5DF7047DD
:1026200010B5074B03600446806A03F0B1FFE06A0F
:1026300003F0AEFF206B08B103F0AAFF204610BDE7
:10264000E410040010B5094B03600446806A03F0EF
:102650009FFFE06A03F09CFF206B08B103F098FF36
:10266000204605F011FC204610BD00BFE410040018
:1026700070B504468180174E2660012117251B2066
:10268000E580E081217521745189218191896181E1
:10269000D189A18192E803000D0CA061A183A577E7
:1026A000D2796274194618469DF8105003F04AF921
:1026B0002946A062284603F045F9002311214FF670
:1026C000FF72E062E175628263752363A375204641
:1026D00070BD00BFE4100400007D7047407D70476E
:1026E000C07D113818BF0120704700BF407C704783
:1026F000C08870470089704710B44B7D4BB91831C2
:102700000C688A888B790460828083715DF8044B41
:1027100070471F31F4E700BF08B513218088FFF729
:1027200075FFB0FA80F0400908BD00BF00F11F023C
:102730008188407C02F006BA38B50A4605460C4648
:102740008188407C02F0ECF9214651F8483FC5F8F9
:102750001F308B79888885F825300123A5F8230060
:102760006B75184638BD00BF38B50A4605460C469D
:1027700000F11801407C02F017FA687550B121464B
:1027800051F8482FC5F81F208A88897985F82510C7
:10279000A5F8232038BD00BF10B5447D24B100F159
:1027A0001F01407C02F0E0F9204610BDC37D112BD3
:1027B00001D0012070478188014801F019B800BF9D
:1027C0009081002070B50B88113B82B00C46054605
:1027D000462B2BD8DFE803F03C3F2A2A2A2A2A2A54
:1027E0002A462A2A2A2A2A2A545C62682A2A2A2A5B
:1027F0002A2A2A2A2A2A2A2A2A2A2A2A2A2A2A2A39
:102800002A6B2A6E2A2A2A2A2A2A2A2A2A2A2A2AA3
:102810002A2A2A2A2A2A2A2A2A247E2A89972C0026
:102820000023A8881A461946FFF7F6FE02B070BDCD
:102830008B79002BFAD0002600231A461946A86A85
:1028400003F0B2F80136A379F6B2B342F4D8EDE75B
:1028500000230375EAE74B8903818B894381CB8988
:102860008381E3E70B7AC375112BDFD000F11F02E0
:102870008188407C02F050FA03460028D6D1D0E788
:1028800002A9002321F8043D8088FFF7C1FECDE7AF
:102890000B7A002BCAD14B7A0374C7E7002211468A
:1028A0008088FFF7B7FEC1E70B89C381BEE74B897C
:1028B000C380BBE78B7A002BB8D0002600231A46D2
:1028C0001946E86A03F070F80136A37AF6B2B3420B
:1028D000F4D8ABE7006B0123AB750028A6D000232A
:1028E0001A46194603F060F8A0E7417C0C4802F054
:1028F00013F8E188814228BF014689B2E980A8889F
:10290000FFF78CFE92E78B79002B8FD1006BAB75B4
:1029100000288BD01A46194603F046F886E700BF18
:1029200070810020F0B589B085880E4604A84FF468
:10293000285117464FF6FF7401F0CEFA0120CDE979
:1029400001043346294604AA0097054800F07AF9A5
:10295000044604A801F0B8FA204609B0F0BD00BF53
:10296000B08500209BDF70479DDF70479EDF70477A
:1029700010B50446043002F033F8034B2360002303
:102980002375204610BD00BF0100FFFF017D01B18E
:10299000704710B50446043002F02CF8012323756B
:1029A00010BD00BF007D704782B0016002B070476B
:1029B000036800209AB262F30F001B0C82B063F32D
:1029C0001F4002B0704700BF2DE9F041041D84B0E4
:1029D0000F46154698460A2201A90646204602F0EF
:1029E00023F84146384605F11002FFF7BBFF20B13E
:1029F0000024204604B0BDE8F08120464FF47A71EF
:102A000002F018F80028F3DDBDF80430002BEFD0F9
:102A1000DDF8061005F10C0001F0EEFA044600287E
:102A2000E6D0DDF80A00306001462846FFF7E0FDF9
:102A3000338801333380DCE72DE9F04F8BB0074654
:102A4000049052201D46079305911446029202F00D
:102A5000B7FE0646002D00F08C806B1E2246DBB2CE
:102A6000043202EB83093B460433069300230393AD
:102A70005222002130460AF044FF069C314620468F
:102A8000522201F0D1FFDDE90410FFF76DFF0028AD
:102A90003ED14FF47A71204601F0CCFF002837DD9B
:102AA0003388082B58D9082333804FF00008C246DA
:102AB0004FEA8A030193DDF808B0534400935F00A6
:102AC000DBF800005C46F5190BF1040BFFF766FB21
:102AD00038B95BF8040CD5F80210043001F08CFA18
:102AE000E8B9D945ECD108F1010833885FFA88F8D4
:102AF0009845C246DCDB013B03EB830306EB430353
:102B0000049A5B8901331380079B039A9342AFD8E1
:102B1000304602F06FFE03980BB0BDE8F08F009BCB
:102B2000206806EB43010231FFF704FBAB79DA06BC
:102B300001D49B060BD5019B534406EB430A049B2F
:102B40005A88BAF80A3001339BB2934207D9039BE3
:102B50000133DBB20393C6E7002BA6D1CBE7ADF878
:102B60002430ADF826202068099A0599FFF722FB4A
:102B7000EDE7079B0393CBE770B51546041D0E46A2
:102B8000204629461A4601F04FFF04A93046FFF7B8
:102B9000EDFE08B1002070BD20464FF47A7101F0BF
:102BA00049FF0028F6DD28880028F3D070BD00BF5B
:102BB00010B50B88322B18D0332B0CD0302B00D013
:102BC00010BDCB88041D0BB94B89FBB92046BDE86D
:102BD000104001F079BFCB88041D002BF6D14A8943
:102BE000002AF3D002EB420208E0CB88041D002B40
:102BF000ECD14A89002AE9D002EB8202520002326B
:102C000092B20A31204601F047FFDFE70A310A227B
:102C1000204601F041FFD9E7A0DF704738B50446F0
:102C2000F82500F5F87001F0DBFE2A462046002169
:102C30000AF067FE2A46601900210AF062FE20466B
:102C400038BD00BF2DE9F04782B00546BDF82C60C5
:102C5000BDF830401C48ADF8046090469946ADF888
:102C600006400F46BDF828A001F05EFE05F5F87598
:102C7000064604E03046FFF73DFD02F087FD28469A
:102C800001F008FF04460028F4D10121284601F094
:102C9000B1FE52464946284601F0C6FE08F104013D
:102CA000384601AAFFF7B8FF38B94FF4FA71284641
:102CB00001F0C0FE20EAE074A4B2284601F0A4FEB0
:102CC000204602B0BDE8F087708100202DE9F04F6A
:102CD0008F880E8885B08846054639467F4801F0C2
:102CE00023FEA6F11003012B814640F28B8095F85C
:102CF00054203AB3002404F11603502E55F823A0B3
:102D000059D0512E1AD198F80630B8F808B0022BD5
:102D100043D0BBF1000F11D051466846FFF79AF936
:102D2000BDF800305B4549D0514602A8FFF792F943
:102D3000BDF80C305B4541D095F854200134E4B225
:102D40009442D8D395F84C31002B00F0C38005F5A0
:102D5000A679002404E095F84C310134A34246DD05
:102D600059F8040FFFF720FAB842F4D1382E03D0F7
:102D7000392E01D0362EEED1B8F80AA0BAF1000FE4
:102D8000E9D0D9F800B05846FFF712FA5045E2D121
:102D900058464146FFF70CFBDDE798F80E30062B4E
:102DA000B7D1DAF800305046DB68414698474846CC
:102DB000FFF796FCC0E7B8F806B0AAE7DAF80030EB
:102DC00050464146DB6898474846FFF789FC002893
:102DD000B2D0502EB0D1514602A8FFF73BF9BDF852
:102DE0000C305B45A8D14846FFF7A0FCA4E7112EA4
:102DF0002AD0352E03D1B8F80A30002B5BD105B0AC
:102E0000BDE8F08F2B78002B3FF471AF112E4FF0FF
:102E100000040CD005EB84033946586803685B68EE
:102E2000984701342B78E4B2A342F3D85FE705EB6F
:102E300084033946586803681B68984701342B7827
:102E4000E4B2A342F3D852E7002473B105EB840641
:102E5000D6F85001FFF7A8F9B84204F101031FD0DA
:102E600095F84C21DCB2A242F0D895F8F810002970
:102E7000C5D0002405EB8403621CD3F8FC008388D2
:102E8000BB4203D0D4B28C42F4D3B8E703681B68CA
:102E90009847013495F8F810E4B28C42EAD3AEE7D3
:102EA000D6F85001FFF750F9013495F84C31E4B2EF
:102EB000A342CBD8D9E705F5F8752846B8F80C2019
:102EC00008F1100101F0E8FD284605B0BDE8F04F1B
:102ED00001F0FABD112E8CD1C7E700BF7081002030
:102EE00038B590F84C5175B1D0F8503199420BD0AB
:102EF00000F5A873002403E053F8042F8A4204D09D
:102F00000134AC42F8D138BD0024054603F0B0FED0
:102F100095F84C31013BDBB205EB830285F84C316F
:102F20005434D2F8503145F824300023C2F85031DF
:102F3000BDE8384003F042BF90F84C31272B0CD845
:102F400010B4024603F15404013380F84C310120DF
:102F500042F824105DF8044B70470020704700BF12
:102F600090F8F830132B08D800EB8302013380F877
:102F7000F8300120C2F8FC1070470020704700BFF5
:102F800078DF70477ADF7047054A034692E803000E
:102F9000002283E80300C3E902221846704700BFFD
:102FA000EC10040008B5FFF7EDFF08B1002008BDE4
:102FB000FFF7E6FFB0FA80F0400908BDF8B500243D
:102FC0000B4F2546A1B2384601F0AEFC013406464F
:102FD00048B1FFF781FB30B13046FFF787FB01288E
:102FE00004BF0135EDB2142CECD12846F8BD00BF6A
:102FF00070810020704700BF8ADF704730B40346FD
:103000001F22012418628025828480F82D4000222E
:103010000B4C80F82E50C0E911228262C0F8464065
:1030200080F82C2080F82F20028680F83820426318
:10303000C0E90F22C264A0F8502030BC704700BF26
:10304000A000500090F8443061F3820380F84430CF
:10305000704700BFA0F84610A0F84820704700BF96
:10306000C163704780F82D10704700BF443070472F
:103070001F2310B5A0F84A1004460062838400F1B3
:1030800020014430FFF7B8FF08B1002010BD03480D
:1030900001F062FC012084F82C0010BD708100203A
:1030A00000F1200108B50020FFF7A6FFB0FA80F07C
:1030B000400908BDF8B50D7F9DF81800012D0ED907
:1030C00089690E784F78F443974206F1010C2C443D
:1030D00008D014F0FF056144F3D12846F8BD00255F
:1030E0002846F8BD741E0231E5B209D010B1854200
:1030F00028BF054618462A460AF0DFFB2846F8BDD9
:103100000D46EAE72DE9F04710468AB017460C460F
:1031100000F010FFC0B210282ED0BF68072206238F
:10312000D4F818A094F81C808DF805208DF8043090
:10313000C6084FF000091F22002102A80AF0E1FB97
:10314000B8F1010F06D8B9F1000F35D000200AB050
:10315000BDE8F08701AB514613F809C042460B7831
:103160004878DC43604503F10105224408D012F0A1
:10317000FF022944F3D1E6E7043703220223CFE715
:10318000013B0231DDB2DED02A4602A80AF095FBEF
:10319000002DD8D002AC02E013F0FF05D3D02046BA
:1031A000324639460AF07AFB3444AB1B0028F3D18F
:1031B00001200AB0BDE8F0874FF00109BBE700BF6E
:1031C0002DE9F0430B888E88103B87B00C460546EE
:1031D0000D2B2CD8DFE803F082072B2B2B2B2B2B6E
:1031E0002B2B2B6D2B2E836AF340DB071FD55A4800
:1031F000FEF7D2FED8B9AB6A95F82C20012404FA68
:1032000006F623EA0606AE628AB995F82D3073B148
:103210001F232D62AB8405F1200105F14400FFF767
:10322000EBFE20B94D4801F097FB85F82C4007B024
:10323000BDE8F08390F92E2091F91B309A4230DCE2
:1032400090F8383001F108061BB3454F4FF00008E5
:1032500003E05FFA82F8434519D96B6B029703EBE1
:103260000813D3E9011002AADB68039104903146E8
:1032700028460593FFF746FF814602A800F024FE8A
:1032800008F1010295F83830B9F1000FE1D0984506
:1032900007D095F82F30002B39D094F82430012B2B
:1032A00042D805F120010020FFF7A6FE07B0BDE8D7
:1032B000F0830B7A012BBAD1002480F82C402748E8
:1032C00001F05EFB2A6C002AB1D006AB00942146C7
:1032D00043F8104D204605F09BF8A8E7CB7B022B66
:1032E000A5D10122836A02FA06F6334300228362E3
:1032F00080F82C209BE70139CCB2911CD1D0022C54
:1033000020D95388ADF808302A8E9A42C9D1EA6B89
:10331000002A8CD006AB012143F8106D3046009195
:10332000242105F075F882E7226A11785078CC43A1
:10333000FF2801F101072344DDD013F0FF033A44D5
:10334000F3D1AEE7224602A80AF0B7FA002CA8D0C3
:10335000BDF80830D8E700BF8081002070810020D0
:10336000FC10040046DF70477EDF70477FDF704748
:1033700080DF704781DF704785DF704786DF7047E9
:1033800038B51C460D460346114628462246984746
:1033900034B1014600222846BDE83840FFF7E8BFB7
:1033A00038BD00BF10B50C4682B0034669462046C2
:1033B00098476A4620460121FFF7DAFF02B010BDA8
:1033C00038B504460830F8F71DFD03224FF0050319
:1033D00062F306130725102023700023A0702271CA
:1033E0006570E270C4F81034C4F81434C4F81834AA
:1033F000C4F81C34204638BD30B50446ADF55F7DB9
:1034000000F108058F48F8F791FC08212846F8F7E5
:10341000FDFC6846F8F704FD68460821F8F704FD4E
:1034200069462846F8F7A2FC04F54F714122684628
:10343000F8F708FD6846F8F701FD94F85C0394F886
:103440005B2394F83D1394F83E3384F83D0384F8ED
:103450003E2394F85A0394F8592394F83F5384F880
:103460005C1384F85B3394F8401394F8413384F888
:103470003F0384F8402394F8580394F8572384F8C2
:103480005A5384F8591394F8425394F8431384F828
:10349000410384F8583394F8560394F8443384F87D
:1034A000422394F8552384F8575384F8430384F84F
:1034B000442384F8553384F8561394F8451394F84C
:1034C000540394F8532394F8463384F8450384F85E
:1034D000462394F8520394F8512394F8475384F800
:1034E000541384F8533394F8481394F8493384F808
:1034F000470384F8482394F8500394F84F2384F842
:10350000525384F8511394F84A5394F84B1384F8A7
:10351000490384F8503394F84E0394F84C3384F8FC
:103520004A2394F84D2384F84F5384F84B0384F8CE
:103530004C2384F84D3384F84E1394F85D1394F8BB
:103540007C0394F87B2394F85E3384F85D0384F85D
:103550005E2394F87A0394F8792394F85F5384F8FF
:103560007C1384F87B3394F8601394F8613384F807
:103570005F0384F8602394F8780394F8772384F841
:103580007A5384F8791394F8625394F8631384F8A7
:10359000610384F8783394F8760394F8643384F8FC
:1035A000622394F8752384F8775384F8630384F8CE
:1035B000642384F8753384F8761394F8651394F8CB
:1035C000740394F8732394F8663384F8650384F8DD
:1035D000662394F8720394F8712394F8675384F87F
:1035E000741384F8733394F8681394F8693384F887
:1035F000670384F8682394F8700394F86F2384F8C1
:10360000725384F8711394F86A5394F86B1384F826
:10361000690384F8703394F86E0394F86C3384F87B
:103620006A2394F86D2384F86B03012084F86F53A8
:1036300084F86E1384F86C2384F86D330DF55F7D88
:1036400030BD00BFC46F002039B17BB9037802F0F0
:10365000070262F3061303707047002B037814BF50
:103660000222032262F306130370704703780422D8
:1036700062F3061303707047037861F3410303702C
:10368000704700BF0B7803F0FE03042B01D000202D
:103690007047F0B514468DB00D461E2200210DF185
:1036A00012000AF02EF920686168A268E3686C468F
:1036B0000FC49DF800109DF80F209DF801609DF843
:1036C0000E409DF802008DF80F102B469DF80D104E
:1036D0008DF800209DF803208DF80E608DF80140D4
:1036E0009DF80C609DF804408DF80D008DF80210D7
:1036F0009DF80B009DF805108DF80C209DF80A2010
:103700008DF803608DF80B408DF804008DF80A10D9
:103710008DF805209DF8062033F8041FADF8101031
:103720009F789DF807109DF809C09DF810609DF8DE
:1037300011408DF8092000239DF808208DF81D7098
:1037400068461F468DF808108DF807208DF8103058
:103750008DF811308DF812308DF81C308DF8133043
:103760008DF81B308DF814308DF81A308DF8153027
:103770008DF819308DF816308DF818308DF8173017
:103780008DF806C08DF81F608DF81E40FFF7EAFD2A
:103790009DF82F306A789DF82E009DF82D108DF839
:1037A00021009A428DF8221004D0012080F00100FF
:1037B0000DB0F0BDAA78C3B29A4205F10201F4D16E
:1037C0004A789DF822309A42EFD13846EEE700BFA2
:1037D0000378C0F8141443F002030370704700BF6D
:1037E000C0F81814704700BFC0F81C14704700BF21
:1037F00008B50B4601461846FFF7B6FDB0FA80F053
:10380000400908BD08B5137CDB0758BF1C320846C9
:1038100002F11201FFF7B0FDB0FA80F0400908BDD7
:10382000F0B58E880D46ADF56B7D044631461D48DA
:1038300001F07AF82B88133B0746072B2FD8DFE8D7
:1038400013F0E20203030F032E00250333000800E8
:10385000D4022B7AB3B96B7B9B070ED402A83946EE
:10386000FEF74AFF0298BDF80C109DF80E2084F870
:103870000C24C4F80604A4F80A14384604F2BE3135
:10388000FEF75AFFD4F818244AB1287A0D90022383
:103890000021009308460CAB0C9604F0B9FD0DF521
:1038A0006B7DF0BD7081002094F87E3394F89D23E9
:1038B00094F87FC394F89C7394F8805394F89B0316
:1038C00084F89D33042194F89A3384F87D1384F8A6
:1038D0007E2394F8811394F8822384F89CC384F89F
:1038E0007F7394F899C394F8837384F89B5384F896
:1038F000800394F8985394F8840384F89A1384F816
:10390000813394F8971394F8853384F8992394F8C5
:10391000962384F882C384F8987384F8835384F8D8
:10392000970384F8841384F8852384F8963394F8F5
:10393000862394F8953394F887C394F8947394F895
:10394000885394F8930394F8891384F8952384F8A2
:10395000863394F8922394F88A3384F894C384F8D5
:10396000877394F891C394F88B7384F8935384F815
:10397000880394F8905394F88C0384F8921384F895
:10398000892394F88F1394F88D2384F8913394F855
:103990008E3384F88AC384F8907384F88B5384F848
:1039A0008F0384F88C1384F88D3384F88E2394F875
:1039B0009E2394F8BD3394F89FC394F8BC7394F895
:1039C000A05394F8BB0394F8A11384F8BD2384F8A2
:1039D0009E3394F8BA2394F8A23384F8BCC384F8D5
:1039E0009F7394F8B9C394F8A37384F8BB5384F815
:1039F000A00394F8B85394F8A40384F8BA1384F895
:103A0000A12394F8B71394F8A52384F8B93394F854
:103A1000B63384F8A2C384F8B87384F8A35384F847
:103A2000A41384F8B62384F8A53384F8B70394F874
:103A3000A60394F8B51394F8A72394F8B43394F834
:103A4000A87394F8B35384F8B50384F8A61394F8D4
:103A5000A90394F8B21384F8B42384F8A73394F834
:103A6000AA2394F8B13384F8B37384F8A85394F874
:103A7000AB7394F8B05384F8B20384F8A91394F8A4
:103A8000AC0394F8AF1384F8B12384F8AA3394F804
:103A9000AD2394F8AE3384F8AD3384F8AE2384F8C4
:103AA000B07384F8AB5384F8AF0384F8AC130CA85C
:103AB000F8F7B6F90CA80821F8F7B6F904F27D3149
:103AC0000CA84122F8F7D2F90CA904AA202304F18A
:103AD0000800F8F779F90CA8F8F7B0F99DF810107C
:103AE0009DF82F009DF811309DF82E209DF8127042
:103AF0009DF82D508DF810008DF82F109DF81300B3
:103B00009DF82C108DF811208DF82E309DF8142082
:103B10009DF82B308DF812508DF82D709DF81550B2
:103B20009DF82A708DF813108DF82C009DF8161052
:103B30009DF829008DF814308DF82B209DF8173052
:103B40009DF828208DF815708DF82A508DF81600F4
:103B50008DF817208DF828308DF829109DF8181051
:103B60009DF827009DF819309DF826209DF81A70C1
:103B70009DF825508DF818008DF827109DF81B0032
:103B80009DF824108DF819208DF826309DF81C2002
:103B90009DF823308DF81A508DF825709DF81D5032
:103BA0009DF822708DF81B108DF824009DF81E10D2
:103BB0009DF821008DF81C308DF823209DF81F30D2
:103BC0009DF820208DF81D708DF822508DF8211061
:103BD0008DF81F208DF820308DF81E0094F87E039C
:103BE00094F89D1394F87F2394F89C3394F8807391
:103BF00094F89B5384F89D0384F87E1394F8810312
:103C000094F89A1384F89C2384F87F3394F88223E1
:103C100094F8993384F89B7384F8805394F88373F1
:103C200094F8985384F89A0384F8811394F88403E1
:103C300094F8971384F8992384F8823394F88523B1
:103C400094F8963384F8987384F8835384F8841333
:103C500084F8962384F8853384F8970394F88603D0
:103C600094F8951394F8872394F8943394F8887310
:103C700094F8935384F8950384F8861394F8890391
:103C800094F8921384F8942384F8873394F88A2361
:103C900094F8913384F8937384F8885394F88B7371
:103CA00094F8905384F8920384F8891394F88C0361
:103CB00094F88F1384F8912384F88A3394F88D2331
:103CC00094F88E3384F8907384F88B5384F88C13B3
:103CD00084F88E2384F88D3384F88F0394F89E0340
:103CE00094F8BD1394F89F2394F8BC3394F8A07310
:103CF00094F8BB5384F8BD0384F89E1394F8A10391
:103D000094F8BA1384F8BC2384F89F3394F8A22360
:103D100094F8B93384F8BB7384F8A05394F8A37370
:103D200094F8B85384F8BA0384F8A11394F8A40360
:103D300094F8B71384F8B92384F8A23394F8A52330
:103D400094F8B63384F8B87384F8B70384F8A413EE
:103D500084F8B62384F8A53384F8A35394F8A653C3
:103D600094F8A72394F8B43394F8B50394F8A813FF
:103D700094F8B37384F8B55384F8B42394F8A95332
:103D800094F8AA2384F8A73394F8B13394F8B0C315
:103D900084F8A60384F8B31394F8B20394F8AB1331
:103DA00084F8A87384F8B25394F8AC7394F8AF53C2
:103DB00084F8B12384F8AA3394F8AD2394F8AE3391
:103DC00084F8A90384F8B013304604A984F8ABC37F
:103DD00084F8AF7384F8AC5384F8AE2384F8AD3321
:103DE000FFF7C8FA0DF56B7DF0BDD4F81C24002A4E
:103DF0003FF455AD01230021009308460CAB0C960F
:103E000004F006FB4BE504F2BE3304F2DA320C9305
:103E100004F2F63300251092119304F23D3204F2BD
:103E20007E330F921393CDE90D551295FEF75EFC8C
:103E300001280CBF22462A460CAB29463046FFF724
:103E400095FA0DF56B7DF0BD0CA9FEF78DFC0346D0
:103E500060B30CA9304600231AAAFFF78FFA1EE5BB
:103E6000D4F8101400293FF41AADAB7B0C9103F089
:103E7000010308350F93042300930F4A0D960CABF2
:103E8000284606210E9504F0C3FA08E5D4F8142458
:103E9000002A3FF404AD0223002100930C920CABE6
:103EA0000846064A0D9604F0B3FAF8E430461A467E
:103EB0001946FFF763FAF2E481330300A5330300E8
:103EC00062DF704763DF7047704700BF10B504467C
:103ED00003F0DAFF204610BD10B4054C81800022AB
:103EE000012104608171C0E902225DF8044B704732
:103EF000FC10040038B50E4B0360044608460D461E
:103F00000AF0EEFB042806D00023A371E560A3802D
:103F1000A360204638BD2846102200210AF09EFCEE
:103F200001220023A271A080C4E90233204638BDDB
:103F3000FC1004008379012B0BD082680AB1802029
:103F40007047C268002AFAD1012B8CBF8020002064
:103F500070471020704700BF2DE9F043857983B08A
:103F6000002D41D1C7680646002F41D0102001F036
:103F700027FC804638460AF0B3FB441E00B3A9462E
:103F800004E00134023C1BD4102D19D03B5D2D2BD5
:103F900007EB040C4FF010024FF0000101A8F0D025
:103FA0008DF806901CF801CC8DF804C08DF8053012
:103FB0000AF054FC6B1C023C08F80500DDB2E3D5A6
:103FC000C6F80880B8F1000F0ED0B11D4046FFF7CB
:103FD00077FF321DB1681020FFF774FFB0FA80F050
:103FE000400903B0BDE8F083012003B0BDE8F083D1
:103FF000D0F80880E6E700BF827982B0C1F30743BA
:104000009A42019102D0002002B070478088BDF82A
:104010000430C01AB0FA80F0400902B0704700BF07
:104020004DDF70474EDF70474FDF704750DF7047FE
:104030004BDF704710DF70477CDF704760DF7047F1
:1040400069DF704761DF704766DF704767DF704781
:10405000704700BF0C2004F015BC00BF30B52C4CDD
:104060002C4D83B04FF0FF31D4F8280702F0E4F86C
:104070000028F7D06DB301A8FFF7DAFF0528034643
:10408000F0D00028F7D1019A911E10460929F2D8E4
:104090000FF2040C5CF821F003410300034103001C
:1040A0007740030077400300774003007740030028
:1040B00077400300ED400300ED400300ED400300B6
:1040C0000A2B04D0092B21D00B2B02D10120F7F7AA
:1040D00013FC01A8FFF7ACFF0528C3D00028F8D1D6
:1040E000019BA3F10902022AF3D8E9E70A2A04D0C6
:1040F000092A09D00B2ABED101231846F7F7FCFB89
:10410000B9E7FDF7CDFDB6E70223F6E70220DEE7CB
:1041100070810020A11C03002DE9F04F4FF4FA70CC
:1041200089B001F04DFBB14C00F108030646039342
:1041300004F5F06704F5C86A4FF0FF31D4F824079E
:1041400002F07AF80028F7D04FF4FA730DF1160157
:104150003046ADF81630FFF775FF10B10528EBD0EB
:10416000F2E7B6F80490B9F1130F00F2228104EBE4
:104170008903D3F834573DB131462846FEF722FB78
:1041800031469B48FFF74CFB3388013B1B2B5AD829
:10419000DFE813F0A20059005900590059005900F6
:1041A0005900590059005900590059005900590047
:1041B0005900A7001C005900590059005900590026
:1041C00059005900590059005900FC00DFF83482A9
:1041D0004FF0000B58F8043F184633B1FEF77CFA55
:1041E00018B10BF1010B5FFA8BFB4745F2D1BBF124
:1041F000000F06D194F830371BB159460C2004F05B
:1042000025FB2846FEF772FA012800F00A81E269D0
:1042100062B102230021009396F808C0CDF81890EF
:10422000084606ABCDF81CC004F0F2F809F5E678B4
:1042300004EB8803586810B103685B68984704EB87
:10424000880300225A6031465046FDF709FE314688
:104250006848FEF7B5FFB4F832374B45338800F0B5
:10426000AA80102B1ED02DB32846FEF73FFA012856
:1042700003D131465D48FEF7BDFE2846FEF736FA0B
:1042800002281BD05C48FEF78DFB00BB31465B4823
:10429000FEF71CFDD4F88837002B3FF455AF3046AD
:1042A000984751E7F37B012BDDD1B388A4F832376F
:1042B000002DD9D131464D48FEF79CFE504831467D
:1042C000FDF78AFE4C48FEF76DFB0028DED0314634
:1042D0004948FEF76DFCD9E700214846FFF7B4FED8
:1042E000B1E74FF00008D4F82C07CDF80080434622
:1042F00042460321434D03F023FB55F8043F184683
:1043000033B1FEF7E9F918B108F101085FFA88F84E
:10431000BD42F2D194F83037002B57D109F5E67839
:1043200004EB8805686820B103685B689847002340
:104330006B60F37B012B0BBF94F8133794F819379C
:1043400094F812B794F818B70293342003F09AFD4A
:10435000029B0093039A5B4649460546FEF788F99F
:1043600004EB880328465D60FEF7C0F901284BD0B6
:10437000A269002A3FF467AF012300210093084699
:1043800006ABCDF8189004F043F85CE7D4F8842726
:10439000002A3FF458AF02230021009396F908C089
:1043A000CDF81890084606ABCDF81CC004F030F8E4
:1043B00049E70546E8E6102B3FF474AF112B7FF474
:1043C00052AF4FF6FF73A4F832374CE718F10001F3
:1043D00018BF01210C2004F039FA94F83037002B73
:1043E0009CD001210C2004F031FA97E77081002065
:1043F000908100200C88002060880020B08500207B
:1044000080810020A0880020A268002A3FF41BAF12
:104410000021009006AB0846CDF8189003F0F8FF95
:1044200011E7E268002A7FF4F4AEFFE638B50446EF
:10443000FEF7AAFD04F11000FDF788FD04F120004D
:10444000FEF7BEFF04F58860FEF7E8FB04F5C860E0
:10445000FDF794FC04F27C60FDF78CFC04F29C6098
:10446000FEF7CCFD04F5DE60FEF782FA4FF48053D0
:104470000025C4F8083716481649174AC4F80C072F
:1044800040F20113C4F81017C4F81427A4F8183721
:10449000A4F81A57A4F81C57294604F23470502285
:1044A00009F02FFA01224FF6FF73C4F82457C4F81D
:1044B0002857C4F82C5784F81E57C4F88857C4F8F6
:1044C000845784F83027A4F83237204638BD00BF1F
:1044D000010A17000300010117000300F0B580F87E
:1044E0001C178DB080F81D27BB4E044603F04EFD0F
:1044F00003F054FD03F00CFD0CA8336940F8243D93
:10450000B649FFF797FD18B1002528460DB0F0BD5C
:104510000120FFF787FD0120FFF782FD0120FFF753
:1045200083FD09A8FFF782FD099B9B0706D5AC4BCD
:10453000D3F8043513B90220F7F7DEF90023A94AAE
:1045400094F80D57049209A90120CDE909330B9382
:104550008DF82450FFF774FD0028D5D194F81D374D
:104560000B90CDE90900181C18BF012094F81C57C6
:104570008DF82700049A8DF8263009A940208DF87F
:104580002550FFF75DFD0028BED194F80C17099067
:10459000034661F30003CDE90A00049A8DF8243044
:1045A00009A9A020FFF74CFD0028ADD1D4F80837A9
:1045B0000A900B90049A099309A9A120FFF740FDE6
:1045C0000028A1D194F81C37002B40F0B68094F855
:1045D0001D37002B48D000230225B4F81477049A25
:1045E000099309A92320CDE90A338DF82450ADF8A9
:1045F0002670FFF725FD002886D1CDE9090094F843
:104600001D77B4F816370B90049A8DF8245009A939
:1046100020208DF82670ADF82830FFF711FD002816
:104620007FF472AF099094F81837049A8DF82450EB
:10463000CDE90A0009A922208DF82630FFF700FDF8
:1046400000287FF461AFCDE909000B9094F8193789
:10465000049A8DF8245009A921208DF82630FFF7FF
:10466000EFFC00287FF450AF04A8FFF7E7FC002818
:104670007FF44AAFC3B2CDE9070043F0010307A9B5
:1046800002208DF81C30FFF7E1FC00287FF43CAFDE
:104690002046FEF787FC054600283FF435AF04F1BD
:1046A0002000FEF7A9FE0CA8337D00F8283D0D225E
:1046B0004D49FFF7C1FC00287FF426AF94F81D3761
:1046C000002B40F0848003220021012001F0F8F843
:1046D000C4F8240700283FF417AF05AB0326CDE943
:1046E00000634FF4A06200234049414802F0E8F81B
:1046F00032460021012001F0E3F8C4F82807002821
:104700003FF402AF06ABCDE90063C822002339496C
:10471000394802F0D5F8394B4FF480021A60384B13
:1047200000930023184601224FF4807103F0B0F883
:10473000C4F82C0700F0D4F9E7E609900123B4F897
:104740000E57049A8DF82430CDE90A0009A92320D8
:10475000ADF82650FFF774FC00287FF4D5AECDE904
:10476000090094F81C77B4F810570B90049A8DF850
:10477000243009A920208DF82670ADF82850FFF7C5
:104780005FFC00287FF4C0AE099094F81257049A99
:104790008DF82430CDE90A0009A922208DF8265091
:1047A000FFF74EFC00287FF4AFAECDE9090094F886
:1047B00013570B90049A8DF8243009A921208DF805
:1047C0002650FFF73DFC00283FF401AF9CE604F1C2
:1047D0001000FDF7C9FB76E7041104005140030007
:1047E0000070024000600020B40C04002C11040092
:1047F00019410300301104005D40030000E100E0B6
:104800005540030030B5084B83B002AC1B7D04F863
:10481000043D08460D4609F063FF294682B2204652
:10482000FFF70AFC03B030BD0411040070B4254B3F
:104830000C4606460FCB85B06D4607C59DF9002096
:104840002B80A24237D09DF90130A34233D09DF98D
:104850000230A3422FD09DF90330A3422BD09DF903
:104860000430A34227D09DF90530A34223D09DF9FF
:104870000630A3421FD09DF90730A3421BD09DF9FB
:104880000830A34217D09DF90930A34213D09DF9F7
:104890000A30A3420FD09DF90B30A3420BD09DF9F3
:1048A0000C30A34207D09DF90D30A34203D0002065
:1048B00005B070BC7047012086F81E4705B070BC7B
:1048C000704700BF1C11040090F91E07704700BF1D
:1048D00070B5044682B0D0F82C070D4603F05CF8A2
:1048E0004FF47A7206460023A90DA80208F0A0FD35
:1048F000D4F82C170023024600930846042103F045
:104900001FF83EB9D4F82C070096334632460321EF
:1049100003F016F802B070BD01290CBFB0F80E0705
:10492000B0F81407704700BF13299ABF00EB81004D
:10493000D0F834070020704710B5064C0021D4F899
:10494000280701F0BBFAD4F824070021BDE8104085
:1049500001F0B4BA7081002090F8303703B9704785
:1049600010B582B0D0F82C4702F08AF90023024635
:1049700000932046012102F0E3FF02B010BD00BF0A
:10498000F0B583B0002507462B46D0F82C070095DC
:104990002A46032102F0D4FF07F5E66407F5F06626
:1049A00054F8041F084621B1FDF796FE08B1013501
:1049B000EDB2B442F4D197F830370BB903B0F0BD83
:1049C000291C18BF01210C2003B0BDE8F04003F002
:1049D0003DBF00BF0148FFF729BD00BF7081002027
:1049E0000022012142700170C0E90122C28182814E
:1049F000704700BF017001B1704710B504460A202E
:104A000000F0A0FF606010BD037810B5044613B934
:104A1000406801F0BDFD002301226370C4E9013349
:104A2000E381A381227010BD002381608281C38154
:104A3000704700BF037870B504460E46D3B9456889
:104A4000012363704FF47A720023B002B10D08F0B5
:104A5000EFFC0146284601F0EFFBB8B94FF0FF35F7
:104A60002378002666701BB1606801F091FD6660D6
:104A7000284670BD03220021012000F021FF0546D9
:104A800060600028DCD14FF0FF35F1E7E589ADB279
:104A9000E6E700BF4078704770B5868996420446C5
:104AA0003546806828BF154621B12A4608F005FF23
:104AB000A068A689E3892B442844761B9BB2A0609A
:104AC000A681E381284670BD406820B100231A46C4
:104AD000194600F069BF7047B1DF7047B2DF704719
:104AE00008B50C48FCF768FF0B490A48F7F772FA5B
:104AF00058B10A490748F7F76DFA00B108BD0749F0
:104B00000448BDE80840F7F781BA03490148F7F7C0
:104B10007DFAEEE7B0700020D0110400E41104002B
:104B200000B587B003230491002103900592009300
:104B3000084603AB024A03F06BFC07B05DF804FBC8
:104B4000FD4D030010B586B00323CDE903011446E3
:104B50000093104603AB034A0594072103F058FC69
:104B600006B010BD214F030070B590B08D798B78E1
:104B70004A7803954D7902950E79CD78074C08490E
:104B80000196012808BF2146009504A809F048FDB8
:104B900004A90448F7F794FA10B070BD701104002E
:104BA000A0110400B07000202DE9F043D1B00B78C3
:104BB0005B08012B04AF0D460446904668D9022BD2
:104BC0005FD14F4A4F49504BDFF84891012818BF39
:104BD00011460022381DF7F78FFB07F168004A499C
:104BE000F7F778FB07F1CC0603E007F16800F7F769
:104BF0000BFE0022391D3046F7F738FED7E9341096
:104C0000D7E93632F966386797F8E010D7F8E4004C
:104C10007B67BA67D7F8E83087F87C10412207F144
:104C2000EC01C7F8800007F18800C7F8843008F06D
:104C300044FE07F16800F7F713FE0446C0B107F120
:104C40006800F7F7E7FA5028CFD10246414607F14E
:104C50006800F7F763FD08F1380229464846FEF779
:104C600011FD04460028C0D007F16800F7F7CCFD1D
:104C7000381DF7F7C9FD204607F59A77BD46BDE810
:104C8000F0830024204607F59A77BD46BDE8F083FF
:104C9000E9468CB08979AB786A7803916979029199
:104CA00029790191194E1A49E878009004AD012C38
:104CB00008BF3146284607F1CC0609F0B1FC12497D
:104CC0003046F7F707FB294630460022F7F7D0FBBE
:104CD000044650B900243046F7F796FD2046CD46ED
:104CE00007F59A77BD46BDE8F0833046F7F792FAAC
:104CF000021EEFDD92B241463046F7F70FFDEAE7BC
:104D0000E4110400D0110400B07000207011040000
:104D1000A0110400908100202DE9F041AAB00E46B8
:104D20009179937855780391517902911179019194
:104D30002F4C3049D278009204AF012808BF214699
:104D40002A46381D09F06CFC391D07F134002A4B46
:104D50000022F7F7D1FA07F13400F7F781FD48B9DF
:104D6000002407F13400F7F74FFD20469837BD4681
:104D7000BDE8F08107F13400F7F74CFA041E08DDB6
:104D800007F13400F7F708FD211807F13400F7F7B1
:104D9000E5FC07F13400F7F73DFA041E08DD07F1E2
:104DA0003400F7F7F9FC211807F13400F7F7D6FCC7
:104DB00007F13400F7F72EFA0028D1DDC31D23F0E8
:104DC0000703E846ADEB030D84B204AD2246294645
:104DD00007F13400F7F7A2FC2246294630460323A8
:104DE000FFF77AFEB0FA80F46409C546B9E700BF60
:104DF00070110400A0110400B07000202DE9F041F2
:104E0000B2B092F84E5092F84A30DFF810C13F4EDF
:104E1000144692F84920039594F84D50029594F861
:104E20004C50019504AF94F84B50009588460128EA
:104E30000CBF3146614607F1240009F0F1FB07F190
:104E4000240133486D46F7F7C5F888B907F1240106
:104E500007F154002E4B0122F7F74EFA07F15400E8
:104E6000F7F7FEFC50B9B837AD46BD46BDE8F08156
:104E700007F124012648F7F723F9E7E7502107F166
:104E80005400F7F7F5F95022214607F15400F7F7DF
:104E90002FF920220021381D08F033FD41461D481E
:104EA000FFF742FD391D2022FDF73CFD3B799BB900
:104EB00094F8491094F84D3094F84E20039194F8EA
:104EC0004A10029194F84B10019194F84C10009103
:104ED000381D114909F0A4FB381D09F001FC01300F
:104EE00084B2E1B207F15400F7F7C2F9391D224646
:104EF00007F15400F7F7FCF807F15400F7F784FCCA
:104F0000B837AD46BD46BDE8F08100BF7011040062
:104F1000B070002070810020F8110400A01104007E
:104F20002DE9F047AAB004AF07F19804002324F854
:104F3000963D0D4681461946904603232246284653
:104F4000FFF7CCFD7B886E4623B9B5469837BD4642
:104F5000BDE8F0870733DB08A6EBC3039D460DF1E0
:104F6000100A2246284651460323FFF7B7FD0446A0
:104F70000028EAD198F8061098F8023098F8012035
:104F8000039198F80510029198F8041001913C489B
:104F90003C4998F803500095B9F1010F18BF01463C
:104FA000381D09F03DFB391D07F13400364B012255
:104FB000F7F7A2F907F13400F7F752FC0028C4D044
:104FC000214607F13400F7F7C9FB07F13400F7F782
:104FD00021F9041E08DD07F13400F7F7DDFB211885
:104FE00007F13400F7F7BAFB07F13400F7F712F9CD
:104FF000041E08DD07F13400F7F7CEFB211807F196
:105000003400F7F7ABFB07F13400F7F703F97C88BE
:1050100083B2A34210D0E1B207F13400F7F728F9C8
:105020002246514607F13400F7F762F807F13400E1
:10503000F7F7EAFBB54689E70733E846DB08A8EB54
:10504000C3039D4604AD2246294607F13400F7F715
:1050500065FB29467A88504608F020FC08B9C54609
:10506000E4E707F13400F7F7B3FB7988C94301445B
:1050700007F13400F7F772FBC5467C88CBE700BF29
:10508000A011040070110400B070002030B4362369
:105090004B713525342433203222312388700D7131
:1050A000CC704A700B700248024930BC00F098BACC
:1050B0007C6300205813040038B5094C0D46204687
:1050C000084900F04BFA29461022204600F0A0FAC9
:1050D0000549064B4FF6FF70002208801A7038BD54
:1050E0007C630020381304006061002040890020A8
:1050F00038B5064C0D462046054900F02FFA2946E2
:1051000020461022BDE8384000F082BA7C630020BF
:1051100088130400054B1B88834200D07047044B62
:105120000449054801221A7000F05ABA6061002053
:1051300040890020181304007C63002010B5174933
:105140000446174800F04CFA164A174B14801748CB
:10515000002221461A70FDF71BFA18B11448FCF71B
:10516000F7FF60B913490E4800F03AFA2146124899
:10517000FFF7DAFB60B1BDE81040FDF7CDBA21467C
:105180000D48FFF7D1FB044610B1FDF7A7FA00B1B7
:1051900010BD2046BDE81040FDF708BBB01204006A
:1051A0007C63002060610020408900204489002049
:1051B000FC880020E41204007081002070B52E4DA0
:1051C0002E4C28464FF4E131F2F7BAF9322000F0C4
:1051D000DDFA28462A4900F003FA01222046002180
:1051E000FFF77CF920462749FFF70CFB08212046F2
:1051F000FFF71CFB244804F12005FDF7B7F9002157
:105200002248FCF77DFF28460121FEF735FA0022EF
:10521000114601232846FEF717FA28461C49FEF7D7
:10522000D7FA28461B49FEF7DBFA04F11006284698
:105230001949FEF7D9FA3046184904F29C64FCF784
:10524000C7FE30461649FCF7C5FE20461549FDF756
:1052500007FF20460121FDF705FF20465022A0212F
:10526000FDF7F8FE20460121FDF7ECFE2046002167
:10527000BDE87040FDF7FCBE7C630020708100201B
:10528000EC1304000414040044890020FC8800206E
:105290008D500300F1500300155103003D510300F0
:1052A000B9500300A153030030B5324B2DED028BF2
:1052B0001A884FF6FF739A4293B054D02E4B1B7846
:1052C000002B50D02D4C00F055FA2368C01AB0F5D1
:1052D0007A7F4BD3002003F05FF907EE900A9FED31
:1052E000287ADFED286A0590B8EEE78ADFED267AA6
:1052F00028EE078AB1EE0C7A77EEC87AA7EEA67A86
:1053000017EE100A08F03CF8CDE9020118EE100A79
:1053100008F036F8059B1D4ACDE9000106A83021AA
:1053200009F04AF91A491B4800F018F906A919486A
:1053300000F056F906A809F0D3F906A982B216487A
:10534000FCF7C2FF15490546124800F007F9294647
:105350000A22104800F096F900F00CFA206013B011
:10536000BDEC028B30BD642000F010FA13B0BDEC30
:10537000028B30BD60610020408900203C89002004
:105380006840533ABD86D2404E622040A8130400C4
:10539000C81304007C630020FC880020D4130400A0
:1053A0002DE9F043064641484149DFF82491DFF8F2
:1053B00024818FB0054606F1080400F0CFF8B71C31
:1053C00009E01022284600F0DBF8A74241462846B3
:1053D0000BD000F0C3F814F801190F29F1D8494691
:1053E000284600F0BBF86178EBE732492F4800F01F
:1053F000B5F80A2296F913102C4800F043F91F243F
:105400002022002106A808F07CFA06AB00940922AD
:1054100031462948FDF74EFE002830D00EAB03443C
:1054200000222649214803F8202C00F097F806A90D
:105430001E4800F0D5F8224902A8FEF75BFD314670
:1054400002AA1D48FDF75EFE044602A8FEF73CFDD9
:1054500006A81C4909F020F930B12CB91648FDF70F
:105460001FFE0FB0BDE8F0831749104800F0B8F8F0
:1054700031461648FCF77EFD0FB0BDE8F08300947E
:1054800006AB082231460C48FDF714FE0028C5D1B2
:1054900002A80B49FEF72EFD02AA31460648FDF789
:1054A00031FE044602A8FEF70FFDD6E77C6300201C
:1054B00040120400481204000C880020501204001E
:1054C0005C120400841204008C120400808100200D
:1054D000900F0400A413040010B5044B044640F8D8
:1054E0000C3BFEF7F1FC204610BD00BFD0100400BD
:1054F00070B5134E1349144D144C84B06846FEF732
:10550000F9FC69463046FDF759F86846FEF7DCFCC1
:105510002A4630460E4907F0C9FD68460D49FEF798
:10552000E9FC69462046FCF7CDFD6846FEF7CCFC59
:105530002A462046084907F0B9FD04B070BD00BFF7
:10554000448900205C12040000600020FC880020D8
:10555000D9540300181204006D20030069B170B51E
:10556000054608460C4609F0BBF82B680246214662
:1055700028465B68BDE8704018470846704700BF82
:10558000F0B506688BB01AB9336898470BB0F0BD18
:105590000AAF0B46D2B20021022A07F8041D0546C5
:1055A0002CBF14460A241846B0FBF4F204FB120187
:1055B000CBB2092903F130018ABF3733CBB2DBB25A
:1055C000104607F8013D002AEED1384609F088F868
:1055D000736802463946284698470BB0F0BD00BFB5
:1055E000036870B505460C465E6849B1084609F087
:1055F00077F8214602462846B0472B685E68044685
:10560000284602220149B047204470BDF415040029
:10561000F0B505468BB006685AB93368984704461A
:105620002B6817495B6828460222984720440BB034
:10563000F0BD0AAF0B46D2B20021022A07F8041DC2
:105640002CBF14460A241846B0FBF4F204FB1201E6
:10565000CBB2092903F130018ABF3733CBB2DBB2B9
:10566000104607F8013D002AEED1384609F038F817
:10567000736802463946284698470446D0E700BF7B
:10568000F4150400F0B504468BB00F460568002AF7
:1056900044D00A2A26D1002945DB0AAE002333482C
:1056A00006F8043D0B46A0FB0312D20802EB820170
:1056B000A3EB4103303306F8013D1346002AF2D133
:1056C000304609F00DF8314602466B68204698478F
:1056D0000646236826495B682046022298473044E4
:1056E0000BB0F0BD0AAED2B20023022A06F8043D88
:1056F0002CBF10460A200A46B2FBF0F100FB11272E
:10570000FBB2092F03F130078ABF3733FBB2DBB29C
:105710000A4606F8013D0029EED1D1E72B68C9B24F
:1057200098470646D5E72B682D2198470AAD0023F8
:1057300006460E4805F8043D7B42A0FB0321C9083C
:1057400001EB8102A3EB4203303305F8013D0B4628
:105750000029F2D1284608F0C3FF236802462946F3
:105760005B68204698470644B3E700BFCDCCCCCC5D
:10577000F415040008B501F083FA4FF47A72A0FB27
:105780000223900A40EA835008BD00BF014638B5A5
:105790004FF47A7200238002890D07F049FE054616
:1057A00001F06EFA0446F1F793FD01F069FA001B6F
:1057B000854200D838BD281ABDE8384001F084BBC6
:1057C00010B5044601F0DAFD022804D02046BDE8F9
:1057D000104008F041B801F04BFA204608F03CF8C0
:1057E000044601F0EBFA0CB1204610BD02F048FD72
:1057F000FAE700BF10B5044601F0C0FD02280AD147
:1058000044B101F035FA204608F02EF8BDE810400A
:1058100001F0D4BA10BD2046BDE8104008F024B80D
:1058200010B5044601F024FA204608F015F80446A5
:1058300001F0C4FA0CB1204610BD02F021FD204653
:1058400010BD00BF50B110B5044601F011FA20465A
:1058500008F00AF8BDE8104001F0B0BA704700BF88
:1058600038B51C469DF8105043B3002908BF1A46AE
:105870000123C4E90F01226084F8463002F0D8F811
:10588000D4E90F132268A26001FB03F1CB1A134481
:1058900000200A44FF21A063E36084F844106260A2
:1058A00084F8451004F1100003F03CF804F12400E2
:1058B00003F038F802F0C6F884F84C50204638BDA2
:1058C000F8B5074615460E4669B100FB01F05030A9
:1058D000FFF7A6FF044690B3002200F1500380F8C2
:1058E0004620036007E05020FFF79AFF044630B3DC
:1058F00084F846602460C4E90F7602F099F8D4E990
:105900000F132268A26001FB03F1CB1A134400209D
:105910000A44FF21A063E36084F84410626084F8C5
:10592000451004F1100002F0FDFF04F1240002F024
:10593000F9FF02F087F884F84C502046F8BD0024A7
:105940002046F8BDF8B5074650200D46FFF768FF22
:10595000044630B30026206080F846600664C763C2
:1059600002F066F8D4E90F322168A66303FB02F364
:105970009A1A0A440B44FF26C4E90131E26084F814
:10598000446004F1100084F8456002F0CBFF04F19C
:10599000240002F0C7FF02F055F80223A56384F843
:1059A0004C302046F8BD00BF2DE9F04F044685B0CD
:1059B0001D460192884602F03BF8A26BE36BA84FAC
:1059C0004FF000099A424E46C0F08B80022D00F045
:1059D00006810198002800F03081B9F1000F00F035
:1059E000958002F02FF801F043F902F021F894F8C5
:1059F0004430FF2B08BF84F8446094F84530FF2BF7
:105A000008BF84F8456002F01DF801A902A801F062
:105A10005DFC002840F0188102F00AF8A26BE36BED
:105A20009A4277D002F00EF802F002F894F845306E
:105A30004FFA83FABAF1000F1ADD636AC3B104F1B9
:105A4000240907E00AF1FF33DBB24FFA83FA7BB196
:105A5000636A6BB1484601F0DFFB0028F2D001F029
:105A60006DFC0AF1FF33DBB24FFA83FA002BEFD162
:105A7000FF2384F8453001F0E5FF01F0D9FF94F8E9
:105A800044304FFA83FABAF1000F1ADD2369C3B12B
:105A900004F1100907E00AF1FF33DBB24FFA83FA91
:105AA0007BB123696BB1484601F0B6FB0028F2D008
:105AB00001F044FC0AF1FF33DBB24FFA83FA002B0A
:105AC000EFD1FF2384F8443001F0BCFF01F076F9F8
:105AD00001F0AEFFA26BE36B9A424FF00109BFF4F5
:105AE00075AF226CA66B002A40F0FC802568013659
:105AF000002D00F01881A663636A002B40F08C80B3
:105B000001F0A0FF012005B0BDE8F08F02A801F070
:105B1000D1FB66E704F1100901F094FF48460199B2
:105B200001F0FEFA01F084FF94F845A04FFA8AFADA
:105B3000BAF1000F1CDD636AD3B104F1240B08E055
:105B40000AF1FF3A5FFA8AF34FFA83FA83B1636A84
:105B500073B1584601F060FB0028F1D00AF1FF3A1A
:105B600001F0ECFB5FFA8AF34FFA83FA002BEED1D7
:105B7000FF2384F8453001F065FF01F059FF94F8E8
:105B800044304FFA83FABAF1000F06DC15E00AF14F
:105B9000FF33DBB24FFA83FA7BB123696BB148461E
:105BA00001F03AFB0028F2D001F0C8FB0AF1FF3304
:105BB000DBB24FFA83FA002BEFD1FF2384F8443095
:105BC00001F040FF01F0FAF8002881D14FF0805336
:105BD0007B6040BFBFF34F8FBFF36F8F78E7226CBE
:105BE000A66B002A82D04146E06807F066FE236C6F
:105BF000E26821685B421A448A42E26080F0898050
:105C000062681344E360022D00F083800136A663CE
:105C1000636A002B3FF474AF04F1240001F0FCFA36
:105C200000283FF46DAF0E4B4FF080525A6040BFDA
:105C3000BFF34F8FBFF36F8F62E7009001F002FF59
:105C4000009805B0BDE8F08F01F0F2FE94F84550E1
:105C50006DB2002D18DD636AB3B104F1240607E0CC
:105C600000ED00E0013DEBB25DB26BB1636A5BB188
:105C7000304601F0D1FA0028F4D0013D01F05EFB7E
:105C8000EBB25DB2002BF1D1FF2384F8453001F077
:105C9000D9FE01F0CDFE94F844506DB2002D16DD12
:105CA0002369A3B104F1100605E0013DEBB25DB23A
:105CB0006BB123695BB1304601F0AEFA0028F4D035
:105CC000013D01F03BFBEBB25DB2002BF1D1FF23B4
:105CD00084F8443001F0B6FE01F070F8002005B001
:105CE000BDE8F08F41465DBBA06807F0E6FDA36804
:105CF000216C62680B44934206F10106A360FFF435
:105D0000FAAEA663636A2268A260002B3FF4F8AE85
:105D100082E7002E7FF4EFAE0123A363636A002BBA
:105D20003FF4EEAE78E7606801F07AFBA663636A41
:105D30006560002B7FF470AF00287FF474AFDFE65E
:105D4000E06807F0BAFD236CE26821685B421A4400
:105D50008A42E260BFF457AF52E700BFF8B50C4685
:105D600079B300250123216081F84630C1E90F3560
:105D7000064601F05DFED4E90F322168A56303FBFE
:105D800002F39A1A0A440B44FF27C4E90131E26086
:105D900084F8447004F1100084F8457002F0C2FDEC
:105DA00004F1240002F0BEFD01F04CFEC4E90055F0
:105DB000E56084F84C602B462A4629462046FFF7CA
:105DC000F3FD2046F8BD00BF2DE9F0418C4682B0BE
:105DD00004461746EFF31186402282F31188806B48
:105DE000E26B904221D3022B05D0002086F311886C
:105DF00002B0BDE8F08194F84550226CD4F83880A8
:105E00006DB252BB236808F10108002B4FD06B1C08
:105E1000C4F8388037D001356DB284F84550012080
:105E200086F3118802B0BDE8F08194F84550226CE9
:105E3000D4F838806DB2002AE4D073B9A06807F0B6
:105E40003CFDA368216C62680B44934208F1010891
:105E5000A360DCD32368A360D9E76146E0680193BF
:105E600007F02BFD206CE2682168019B4042024450
:105E70008A42E26002D262681044E060022B10D0D5
:105E800008F10108C3E7636A002BC8D004F12400BD
:105E900001F0C2F90028C2D0002FC0D00120386024
:105EA000A4E7B8F1000F08BF4FF00108AFE7606842
:105EB000019301F0B5FA019B6360A8E738B5EFF3F1
:105EC0001184402383F31188826BC36B93420ED9F4
:105ED00090F8453001325BB282635A1C0BD001331B
:105EE0005BB280F84530012084F3118838BD002072
:105EF00084F3118838BD436A002BF4D024300D465A
:105F000001F08AF90028EED0002DECD001202860A5
:105F1000EAE700BF2DE9F047044684B088460192C5
:105F200001F086FDD4F83890B9F1000F40F093806D
:105F3000019B002B00F00A8102A801F0BBF9B34FCE
:105F40004E4604F1240501F07DFD00F091FE01F0C4
:105F50006FFD94F84430FF2B08BF84F8446094F838
:105F60004530FF2B08BF84F8456001F06BFD01A9A7
:105F700002A801F0ABF9002840F0878001F058FD3D
:105F8000A36B002B40F0E88001F05CFD01992846EE
:105F900001F0C6F801F04CFD94F845304FFA83F952
:105FA000B9F1000F06DC15E009F1FF33DBB24FFA5F
:105FB00083F97BB1636A6BB1284601F02DF90028A3
:105FC000F2D001F0BBF909F1FF33DBB24FFA83F9EC
:105FD000002BEFD1FF2384F8453001F033FD01F0B1
:105FE00027FD94F844304FFA83FABAF1000F1ADD16
:105FF0002369C3B104F1100907E00AF1FF33DBB2F2
:106000004FFA83FA7BB123696BB1484601F004F97A
:106010000028F2D001F092F90AF1FF33DBB24FFA17
:1060200083FA002BEFD1FF2384F8443001F00AFDFE
:1060300000F0C4FE00287ED14FF080537B6040BF4B
:10604000BFF34F8FBFF36F8F01F0F2FCD4F838909D
:10605000B9F1000F76D0226C52B1E1686368114447
:106060009942E16024BF2168E160404607F025FCC9
:1060700009F1FF33A3632369002B40F0C98001F0CD
:10608000E1FC012004B0BDE8F08701F0D1FC94F8F8
:1060900045304FFA83F9B9F1000F06DC15E009F13C
:1060A000FF33DBB24FFA83F97BB1636A6BB12846E9
:1060B00001F0B2F80028F2D001F040F909F1FF3305
:1060C000DBB24FFA83F9002BEFD1FF2384F8453080
:1060D00001F0B8FC01F0ACFC94F844304FFA83FABC
:1060E000BAF1000F1ADD2369C3B104F1100907E00A
:1060F0000AF1FF33DBB24FFA83FA7BB123696BB14C
:10610000484601F089F80028F2D001F017F90AF1A9
:10611000FF33DBB24FFA83FA002BEFD1FF2384F871
:10612000443001F08FFC00F049FE01F081FCA36BCC
:1061300063B101F087FC01F07BFCD4F83890B9F131
:10614000000F88D1019B002B7FF4FDAE01F07AFC9B
:10615000002004B0BDE8F08701F074FC01F068FC99
:1061600094F845304FFA83F9B9F1000F06DC15E0D9
:1061700009F1FF33DBB24FFA83F97BB1636A6BB18C
:10618000284601F049F80028F2D001F0D7F809F1CB
:10619000FF33DBB24FFA83F9002BEFD1FF2384F8F2
:1061A000453001F04FFC01F043FC94F844304FFAC5
:1061B00083FABAF1000F1ADD2369C3B104F11009A3
:1061C00007E00AF1FF33DBB24FFA83FA7BB12369B0
:1061D0006BB1484601F020F80028F2D001F0AEF88B
:1061E0000AF1FF33DBB24FFA83FA002BEFD1FF2322
:1061F00084F8443001F026FC00F0E0FD01F018FCCA
:10620000D4F83890B9F1000F9CD024E700ED00E0FD
:1062100004F1100001F000F800283FF430AF054B06
:106220004FF080525A6040BFBFF34F8FBFF36F8F64
:1062300025E700BF00ED00E02DE9F043044685B0FE
:106240000026019101F0F4FBA36BB24FB046354636
:10625000002B40F0F380019B002B00F05D81B8F132
:10626000000F00F0FC8001F0EDFB00F001FD01F0FB
:10627000DFFB94F84430FF2B08BF84F8445094F8B7
:106280004530FF2B08BF84F8455001F0DBFB01A926
:1062900002A801F01BF800286CD101F0C9FBA36B28
:1062A000002B40F0E08001F0CDFB2368002B00F0D4
:1062B0003C8104F124094846019900F031FF01F0C6
:1062C000B7FB94F845304FFA83F8B8F1000F06DCBD
:1062D00015E008F1FF33DBB24FFA83F87BB1636A54
:1062E0006BB1484600F098FF0028F2D001F026F884
:1062F00008F1FF33DBB24FFA83F8002BEFD1FF2315
:1063000084F8453001F09EFB01F092FB94F8443094
:106310004FFA83F8B8F1000F1ADD2369C3B104F115
:10632000100907E008F1FF33DBB24FFA83F87BB1C5
:1063300023696BB1484600F06FFF0028F2D000F0EF
:10634000FDFF08F1FF33DBB24FFA83F8002BEFD1EA
:10635000FF2384F8443001F075FB00F02FFD002886
:1063600064D14FF080537B6040BFBFF34F8FBFF3CA
:106370006F8F5BE001F05CFB94F845304FFA83F8D7
:10638000B8F1000F1ADD636AC3B104F1240907E014
:1063900008F1FF33DBB24FFA83F87BB1636A6BB16C
:1063A000484600F039FF0028F2D000F0C7FF08F19E
:1063B000FF33DBB24FFA83F8002BEFD1FF2384F8D1
:1063C000453001F03FFB01F033FB94F844304FFAC5
:1063D00083F8B8F1000F1ADD2369C3B104F1100985
:1063E00007E008F1FF33DBB24FFA83F87BB1236992
:1063F0006BB1484600F010FF0028F2D000F09EFF7D
:1064000008F1FF33DBB24FFA83F8002BEFD1FF2303
:1064100084F8443001F016FB00F0D0FC01F008FBDA
:10642000A36B002B00F08A8001F00CFB01F000FB55
:10643000A36B4FF00108002B3FF40DAF2268013B26
:10644000A363002A00F09E802369002B40F089801E
:1064500001F0F8FA0126304605B0BDE8F08302A845
:1064600000F028FFFFE601F0EDFA01F0E1FA94F800
:1064700045304FFA83F8B8F1000F1ADD636AC3B1F3
:1064800004F1240907E008F1FF33DBB24FFA83F887
:106490007BB1636A6BB1484600F0BEFE0028F2D0C3
:1064A00000F04CFF08F1FF33DBB24FFA83F8002B0A
:1064B000EFD1FF2384F8453001F0C4FA01F0B8FAB7
:1064C00094F844304FFA83F8B8F1000F1ADD2369CD
:1064D000C3B104F1100907E008F1FF33DBB24FFA52
:1064E00083F87BB123696BB1484600F095FE002824
:1064F000F2D000F023FF08F1FF33DBB24FFA83F84C
:10650000002BEFD1FF2384F8443001F09BFA00F018
:1065100055FC8BE700ED00E0009301F093FA009B3F
:106520001E46304605B0BDE8F08301F081FA606890
:1065300000F034FF064601F085FABAE601F082FA6F
:10654000002E88D001F074FA616A19B1236B1968C2
:10655000C1F10501606800F08FFF002601F072FABA
:1065600079E704F1100000F057FE00283FF470AF07
:10657000064B4FF080525A6040BFBFF34F8FBFF3BE
:106580006F8F65E700F0AEFF60605DE700ED00E053
:10659000104B5A68904208D0DA68904208BF012236
:1065A00004D090F8463093B170470022002110B417
:1065B00003EBC20443F8321090F84630616013B127
:1065C0005DF8044B70475DF8044BFFF73BB9FFF7EC
:1065D00039B900BFD4950020074B1A681AB19A68E0
:1065E00002B17047012210B403EBC20443F8321029
:1065F00060605DF8044B7047D495002070B5054687
:106600000C46164601F014FA95F84430FF2B04BFEF
:10661000002385F8443095F84530FF2B04BF002354
:1066200085F8453001F00EFAAB6B2BB932462146A6
:1066300005F1240000F0B0FD01F0FAF995F84540AD
:1066400064B2002C16DD6B6AA3B105F1240605E0E7
:10665000013CE3B25CB26BB16B6A5BB1304600F0F7
:10666000DBFD0028F4D0013C00F068FEE3B25CB230
:10667000002BF1D1FF2385F8453001F0E3F901F05B
:10668000D7F995F8444064B2002C16DD2B69A3B10C
:1066900005F1100605E0013CE3B25CB26BB12B6979
:1066A0005BB1304600F0B8FD0028F4D0013C00F0AA
:1066B00045FEE3B25CB2002BF1D1FF2385F84430F4
:1066C000BDE8704001F0BEB92DE9F041044601F08B
:1066D000AFF9344A344D1368013313602B68002B33
:1066E0002FD0324EE36A32682AB331483149076805
:1066F0000A689F4238BF03602F48013203EB8303CF
:106700000A6000EB8300E263211D02F01BF901F037
:1067100099F933686BB12A68E36AD26A9A4208D25F
:10672000264B4FF080525A6040BFBFF34F8FBFF3EC
:106730006F8FBDE8F0812A68D26A9A4298BF2C60B8
:10674000D3E72C601368012B02D0E36A174ECCE725
:106750001948DFF894801A4F144E02F0E3F81948F4
:1067600002F0E0F8184802F0DDF8184802F0DAF814
:10677000174802F0D7F8404602F0D4F8384602F045
:10678000D1F8144802F0CEF8134802F0CBF81348C1
:1067900002F0C8F8124B134AC2F800801F60E36A87
:1067A000A3E700BFD089002060890020308A002044
:1067B000E4890020E08900206C89002000ED00E0E1
:1067C000FC8900208089002094890020A88900206D
:1067D000BC8900201C8A0020488A0020348A0020BE
:1067E0006889002064890020E88900202DE9F843A9
:1067F000DDE90964002C60D016B93046BDE8F883A5
:106800000D469700984602233A4684F85130814657
:1068100026633046A52107F074F82A78236B84F8A4
:106820003420043F2A781F4427F0070702B36B780F
:1068300084F835306B78DBB1AB7884F83630AB78E0
:10684000B3B1EB7884F83730EB788BB12B7984F8DF
:1068500038302B7963B16B7984F839306B793BB17F
:10686000AB7984F83A30AB7913B1EB7984F83B30EB
:10687000089D042D28BF04250026E5626564201DBF
:1068800084F83B60A66402F059F8C5F1050504F1EF
:10689000180002F053F8E66442464946A5612461B7
:1068A00084F850606462384601F086F82060204623
:1068B000FFF70AFF2046BDE8F8832046BDE8F883CD
:1068C0002DE9F0479600804630460D469946099FCF
:1068D000FEF7A6FF002869D082465420FEF7A0FFED
:1068E000044600285BD00023C0F830A03246504652
:1068F00084F85130A52107F004F82A78236B84F836
:106900003420043E2A781E4426F0070A02B36B782E
:1069100084F835306B78DBB1AB7884F83630AB78FF
:10692000B3B1EB7884F83730EB788BB12B7984F8FE
:1069300038302B7963B16B7984F839306B793BB19E
:10694000AB7984F83A30AB7913B1EB7984F83B300A
:10695000089D042D28BF04250026E5626564201DDE
:1069600084F83B60A66401F0E9FFC5F1050504F178
:10697000180001F0E3FFE664A561246184F850602B
:1069800064624A464146504601F016F8206007B15D
:106990003C602046FFF798FE0120BDE8F087504696
:1069A000FEF750FF4FF0FF30BDE8F0874FF0FF30AB
:1069B000F3E700BF70B504464C4E01F039F8002CE7
:1069C00039D0251D284601F0E7FFA36A1BB104F169
:1069D000180001F0E1FF29464548464D01F0B2FF9D
:1069E00094F85030012B04BF002384F8503001F09C
:1069F00029F82B6893B93368A34200D070BD2B6887
:106A0000DBB93B493C4A09681268914226D03B4BAE
:106A10001B682BB33A4B01221A6070BD01F008F8D5
:106A2000384B1A68126892B9374B4FF0FF321A6030
:106A300001F008F8DFE73468C3E7344B4FF08052C9
:106A40005A6040BFBFF34F8FBFF36F8F70BD1A689E
:106A50002D4BD268D26852681A60E9E7336070BD86
:106A6000274A13603268336812681B6B9A4236D922
:106A7000274C284922689300981880000858E0B9EC
:106A8000551EAB0058198000085830BB951EAB004E
:106A900058198000085800BBD51EAB00581980005B
:106AA0000858D0B9151FAB00581980000858A0B974
:106AB000053A930098188000085813449B00CD189D
:106AC00008336868406868600B44984204BF4068B7
:106AD0006860C3683360226070BD2A46EDE73068A5
:106AE0003168343101F0CAFBC2E700BF6089002081
:106AF000348A0020308A0020D0890020DC890020E0
:106B0000608A002064890020148A002000ED00E0E3
:106B1000E48900206C89002080B170B51B4D2B6882
:106B200083420AD0044600F083FF194B62699A42FF
:106B300005D0BDE8704000F085BF70BD7047A36A06
:106B4000144A9342F5D0002BF3D1261D304601F0B4
:106B500023FF114AE36A116810488B4288BF136013
:106B600003EB830300EB8300314601F0EBFE2B685F
:106B7000E26ADB6A9A42DCD3094B4FF080525A60DA
:106B800040BFBFF34F8FBFF36F8FD2E76089002004
:106B9000348A00201C8A0020E48900206C890020AF
:106BA00000ED00E070B584B0002503AA02A901A899
:106BB000CDE9015501F066FB019C002C46D00298FE
:106BC000002843D0039E20630223B600A52132464D
:106BD00084F8513006F095FE236B1F4A6263201D36
:106BE00084F83850043E84F83B50E562C4E91155FE
:106BF0001E4401F0A3FE04F1180001F09FFE26F0F0
:106C000007060523A3612A461449E564304624613A
:106C1000646284F8505000F0CFFE20602046FFF7F9
:106C200053FD0F4B1C6000F0DBFD012811D1402308
:106C300083F311880B490C4A0C4B4FF0FF340C6066
:106C400010601D6000F0CEFE04B070BD044B002249
:106C50001A6004B070BD00BF49444C454D6F03003D
:106C6000108A0020148A0020308A00205C8A0020CC
:106C7000024A136801331360704700BFDC890020AB
:106C8000014B1868704700BF5C8A0020024A1368F5
:106C900018441060704700BF5C8A00202DE9F04F57
:106CA0003B4B1B6883B0002B42D13A4B1F68013726
:106CB0001F60002F4AD0384B01931B68BB423BD862
:106CC000364EDFF8EC80DFF8ECA0DFF8EC90002522
:106CD00025E03368DB68DC68636804F1040B9F42DD
:106CE000584651D301F058FEA36A04F118000BB1C5
:106CF00001F052FEE36AD8F8002003EB83009342D0
:106D000059460AEB800088BFC8F8003001F01AFE2F
:106D1000D9F80030E26ADB6A9A4228BF012533685D
:106D20001B68002BD5D1019A4FF0FF33136004E0AC
:106D30001B4A13680133136000251A4B1B68002B94
:106D40000CBF2846012003B0BDE8F08F134E164B50
:106D50003168164A1868306019601368013313608F
:106D600033681B683BB90C4B01931A464FF0FF3355
:106D700013601346A1E73368074ADB680192DB68BA
:106D80005B681360134698E7019A1360D5E700BF6C
:106D9000DC8900205C8A0020148A0020648900209D
:106DA000D8890020608A002068890020188A002085
:106DB000E48900206C890020608900202DE9F047DB
:106DC00000F036FE354B1A68013A1A601C68002C38
:106DD00057D1334B1B68002B53D0DFF8E0A0314E66
:106DE000314FDFF8DC90DFF8DC80336813B3F368F1
:106DF000DC68251D04F1180001F0CEFD284601F0E5
:106E0000CBFDE36A3A6803EB83009342294609EB22
:106E1000800088BF3B6001F095FDD8F80030E26A41
:106E2000DB6A9A424FF00103DFD3CAF800303368BF
:106E3000002BDCD13CB11D4B1A6812683ABB1C4BCD
:106E40004FF0FF321A601B4D2C6844B10126FFF74A
:106E500025FF08B1CAF80060013CF8D12C60DAF8CF
:106E6000003073B1144B4FF080525A6040BFBFF3F3
:106E70004F8FBFF36F8F012400F0E4FD2046BDE883
:106E8000F087002400F0DEFD2046BDE8F0871A6898
:106E9000074BD268D26852681A60D4E7DC890020B8
:106EA000D08900201C8A0020E48900206489002009
:106EB000148A0020D889002000ED00E0608A0020BC
:106EC0006C8900206089002070B548B9184B4FF0DC
:106ED00080525A6040BFBFF34F8FBFF36F8F70BDBA
:106EE000144A15491368154E013313600D680446A2
:106EF0003068043001F050FD336864195C600FD2D3
:106F00000F4B18683168043101F02CFD0D4B1A68E5
:106F1000944238BF1C60FFF751FF0028D6D070BDE7
:106F2000094B18683168043101F01CFDF3E700BF1C
:106F300000ED00E0DC8900205C8A002060890020F0
:106F400064890020148A0020688900202DE9F84F08
:106F50003C4E3D4D3D4CDFF80891DFF80881DFF8ED
:106F600008B14FF0805A2368D3B100F061FDF36897
:106F7000DF68381D01F010FD2B68013B2B60236892
:106F8000013B236000F05EFD97F85130002B37D0B5
:106F9000012BE8D13846FEF755FC2368002BE4D1DD
:106FA0002B4B1B68012B06D9CBF804A040BFBFF3C5
:106FB0004F8FBFF36F8F00F0D1FED9F8003033BB95
:106FC000D8F80030DB6A002BCDD1214B1B68012B98
:106FD000C9D8204B204A1B6812689B1A012BC2D9C2
:106FE0001E4A136801331360D9F80030BBB1D8F8DA
:106FF0000030DB6A0BB9164B1B68FFF7DFFEB2E708
:10700000386BFEF71FFC3846FEF71CFCABE7D8F8E0
:107010000030DB6A002BA6D10D4B1B68A3E7D8F824
:107020000030DB6A002BE8D1094B1B68012BE4D848
:10703000084B1868084B1B68C01A0128DDD900F0FE
:107040006DFDDAE7488A0020D0890020D48900202D
:107050006C890020148A00205C8A0020DC890020D2
:10706000E48900206089002000ED00E0274B1B68C8
:10707000002B40D1264A70B5264C13602268236845
:1070800012681B6B9A423AD9234D24492A6893000F
:10709000981880000858E0B9561EB300981980006F
:1070A000085830BB961EB30098198000085800BBE2
:1070B000D61EB300981980000858D0B9161FB30027
:1070C000981980000858A0B9053A930098188000D4
:1070D000085813449B00CE180833706840687060ED
:1070E0000B44984204BF40687060C36823602A6004
:1070F00070BD3246EDE7064B01221A6070472068EA
:107100002168343101F0BAF8BEE700BFDC89002005
:10711000608A002060890020E48900206C890020BA
:1071200070B5174D2B680C4603F1180101F01AFCDD
:10713000144B1E682868043001F02EFC631C17D025
:107140002B68A4195C600BD20F4B186829680431B6
:1071500001F008FC0D4B1A68944238BF1C6070BDEA
:107160000B4B18682968BDE87040043101F0FABB88
:10717000296808480431BDE8704001F0E3BB00BF56
:10718000608900205C8A002064890020148A002025
:1071900068890020348A002070B5194D2B680C4690
:1071A000164603F1180101F0CDFB164B5EB11B68CA
:1071B0002868043001F0F0FB296813480431BDE869
:1071C000704001F0BFBB1E682868043001F0E4FB8A
:1071D0002B68A4195C600BD20C4B18682968043129
:1071E00001F0C0FB0A4B1A68944238BF1C6070BDA6
:1071F000084B18682968BDE87040043101F0B2BB43
:10720000608900205C8A0020348A00206489002084
:10721000148A00206889002038B5C368DC6804F14E
:107220001805284601F0B8FB1A4B1B682BBB251D1F
:10723000284601F0B1FB184AE36A116817488B42EF
:1072400088BF136003EB8303294600EB830001F042
:1072500079FB134BE26A1B68DB6A9A4282BF114BCF
:1072600001201860104B1A68126898BF00204AB9B4
:107270000E4B4FF0FF321A6038BD29460C4801F022
:1072800061FBE6E71A68094BD268D26852681A6057
:1072900038BD00BFDC890020E48900206C89002013
:1072A00060890020608A002064890020148A002000
:1072B0001C8A0020034A044B12681B68C0E90023A3
:1072C000704700BF188A00205C8A0020F8B50D4680
:1072D000044600F0ADFB2B681649581C0A6813D011
:1072E000DFF854C0D4E90060DCF80070BE4201D081
:1072F00090421AD9121A93420BD800232B60012511
:1073000000F0A0FB2846F8BD002500F09BFB2846B6
:10731000F8BDDCF800009B1A0A682B60C4E9000283
:10732000002500F08FFB2846F8BD012500F08AFB00
:107330002846F8BD5C8A0020188A0020014B0122F3
:107340001A607047608A0020084B186860B9084BC3
:107350001B6853B9074A084B10681B68013B9842E9
:1073600014BF012002207047002070471C8A0020B3
:10737000608A0020348A0020D0890020054B1B68D9
:1073800033B1054B1B68002B0CBF02200020704757
:1073900001207047308A0020DC89002018B3F8B53E
:1073A0001C4CC36A2268D26A934214D28269002AB2
:1073B00004DB2268D26AC2F105028261164D42697D
:1073C00003EB830305EB83039A420DD02368DB6A4A
:1073D000C3620120F8BD2368406CDB6A98422CBF71
:1073E00000200120F8BD7047061D0746304601F019
:1073F000D3FA2268094BD06A1A68F862904200D921
:10740000186000EB800005EB8000314601F09AFA2D
:107410000120F8BD608900206C890020E4890020EB
:1074200050B138B5C16A836C426C013B91428364B0
:1074300000D01BB1002038BD00207047051D044658
:10744000284601F0A9FA0A4A636C1168E362C3F1A5
:1074500005008B42A061074888BF136003EB8303DC
:1074600000EB8300294601F06DFA012038BD00BF12
:10747000E48900206C89002048B1426CC36A9142C3
:1074800038BF11468B4202D0826C012A00D070476F
:10749000826970B5114DC162002A03EB8303426912
:1074A000A8BFC1F1050105EB8303A8BF81619A4222
:1074B00000D070BD061D0446304601F06DFA084B41
:1074C000E06A1A68904288BF186000EB800005EB04
:1074D00080003146BDE8704001F034BA6C8900206C
:1074E000E4890020044B1A681AB119688A6C0132C9
:1074F0008A641868704700BF608900202DE9F04F4A
:10750000AD4EDFF8C482AD4D89B033681C68002CE5
:1075100000F08E80DB681C68FFF7AAFBFFF7B0FB6A
:10752000D8F80030984207465DD38442C8F800007E
:1075300040F20B810022E11B2868FFF75FF8FFF79C
:107540003DFC88B99E4A4FF08053536040BFBFF363
:107550004F8FBFF36F8F07E0019B03992046984739
:10756000009B002B80F23881286800226946FEF7D4
:10757000D1FC0028C9D0009B029C002BECDB636986
:1075800013B1201D01F008FAFFF77AFBD8F800309C
:107590009842814643D3009BC8F80090092BE3D85A
:1075A000012202FA03F313F4047F69D113F0C70F29
:1075B00040F0A1809B06D7D594F82C30002BD3D176
:1075C0002046FEF73FF9CFE7DB68DC68D3F800A080
:1075D00004F10409484601F0DFF9636A2046984740
:1075E000E369012B36D033681A68002AECD175495B
:1075F000C8F800700A6832600B60FFF7DFFBB3E782
:10760000DB68DF68D3F800B007F1040A504601F0E8
:10761000C3F97B6A38469847FB69012B25D033684C
:107620001A68002AECD167490A6832600B60B2E739
:10763000FFF71EFBFFF724FBD8F800308342074614
:10764000D1D8604BC8F800701B681A68B2FA82F291
:10765000520970E7A36953449A45494622D26360B0
:107660002461306801F07EF9BDE7BB695B449B454E
:10767000514627D27B603F61306801F073F9CEE755
:10768000019B246103EB09024A45A36162602CD887
:10769000002B3FF469AF4B4B211D186801F062F9D4
:1076A000286862E72B68002B9DD00023CDE9043ABF
:1076B0000694FFF763FE00231A4604A92868FEF724
:1076C00073F990E72B68002BA9D00023CDE9043B88
:1076D0000697FFF753FE00231A4604A92868FEF711
:1076E00063F99CE74B4500D998B13068211D01F042
:1076F00039F9286839E7019BA269246199182CBFE0
:107700000120002049456160ECD8A9EB03039A42AF
:10771000C1D8636A20469847E369012B7FF424AF00
:10772000019BA2692868134400283FF41EAF002281
:10773000CDE904230694FFF721FE00231A4604A98D
:107740002868FEF731F928680FE7FFF737FB336841
:10775000DB68D3F80C9009F1040A504601F01CF9DB
:10776000D9F81C30012B04D0D9F82430484698476A
:10777000FAE6D9F81830C9F81090E218BA42C9F8F8
:10778000042004D95146306801F0ECF8ECE73F1BC7
:10779000BB421BD82B68002BE6D00023CDE9043474
:1077A000CDF81890FFF7EAFD00231A4604A92868CF
:1077B000FEF7FAF8D8E700BF648A0020E88C0020C2
:1077C00000ED00E0688A0020948C0020034B5146B5
:1077D000186801F0C7F8C7E7029CD0E6688A002065
:1077E000F0B5204C89B000F023F92568FDB100F018
:1077F00029F92068C8B1002407AA06A905A8CDE97F
:10780000054400F04DFDDDE905300221CDE9001011
:10781000079A0293144915482346FEF7E7FF144AD6
:107820000346001B18BF0120136009B0F0BD114FC3
:10783000114E384601F076F8304601F073F80F4AE1
:107840000F4900950F4B17600E600F4A1021202042
:10785000FEF706F820600028C9D00C49FEF7BCFEF0
:10786000C5E700BFE88C002018140400FD74030075
:10787000EC8C00206C8C0020808C0020648A00201E
:10788000688A0020988C00206C8A00201014040064
:107890002DE9F04F804685B030200F4616461D4634
:1078A000FDF7BEFF0446A8B1DFF8889000F0C0F8ED
:1078B000D9F8003093B100F0C5F80E9B6362C4F8AC
:1078C0000080C4E906762562201D01F037F8002308
:1078D00084F82C30204605B0BDE8F08FDFF858B0B2
:1078E000DFF858A00393584601F01CF8504601F009
:1078F00019F80B4A0B49039B00932020C2F800B0F3
:10790000C1F800A0084B094A1021FDF7A9FFC9F8EA
:1079100000000028CFD00649FEF75EFECBE700BF8F
:10792000648A0020688A0020988C00206C8A0020DD
:1079300010140400E88C00206C8C0020808C002047
:1079400030B5144D2C6885B0C4B10529CDE90012BD
:1079500002900BDCFFF712FD022812D000232868EA
:107960001A466946FEF720F805B030BD1A46204693
:1079700000236946FEF728FA05B030BD204605B061
:1079800030BD2868089A00236946FEF70DF805B057
:1079900030BD00BFE88C002010B5044600F048F868
:1079A0006469003418BF012400F04CF8204610BD73
:1079B000402383F31188FEE730B46FF002034FF0E9
:1079C0008075074C40F8045C40F80C4C40F8081CEB
:1079D00040F8202C40F8243C30BC4438704700BFAD
:1079E000B17903000F4C08B5E02384F8223000F091
:1079F00077F80D4B0D4A00211960D4F8883043F414
:107A00007003C4F88830536843F0404353602369DF
:107A100043F01003236100F04FF9402383F31188F2
:107A2000FEE700BF00ED00E0F08C002030EF00E04A
:107A3000402383F31188024A1368013313607047AF
:107A4000F08C0020034A1368013B13600BB983F3E9
:107A500011887047F08C002041DF704712DF7047BB
:107A600070B51B4B00251D6082B01B680193019B04
:107A7000EFF31186402383F31188164A164BD2F890
:107A800004451D601B680093009BFFF7F9F8241A5A
:107A900024F07F44012C0DD844B1FFF7FFF80546D0
:107AA00025B10E4B4FF080525A6040BF86F31188CB
:107AB00002B070BDFFF762FC0228EED1013CFFF777
:107AC000EDF8013C631C45EA0005F8D1E8E700BF8A
:107AD00040110140001001400011014000ED00E0A4
:107AE0000B4B0C4930B41F200B4DC3F80805012285
:107AF0000224E020C3F804232A601A60C3F8444338
:107B000081F811034FF400330B6030BC704700BFA5
:107B10000010014000E100E0081001402DE9F041B3
:107B2000804684B0EFF3108272B6584CA36883B9D4
:107B3000574B58480121A160D3F8801001402160C3
:107B4000C3F88000D3F8841061604FF0FF31C3F8B0
:107B5000841002B962B6504ED6F80475FFF7F4FBF4
:107B600000283DD04D4A4E49424528BF4246BB18E9
:107B700023F07F4301200025C6F80803C6F84035EE
:107B80000D600B6801934FF480330199C6F80433FC
:107B9000BFF34F8FB8F1000F54D13F4B404D4149D7
:107BA0004FF48030C3F80803002028602D68039547
:107BB000039D08600968029101210298C3F804132B
:107BC000D3F804353249DB1B23F07F45954228BFAB
:107BD00015464FF40033012DC1F8803111D827D05C
:107BE000A3685BB1EFF3108372B6294A2168116074
:107BF000616851600022A26003B962B604B0BDE8BA
:107C0000F081681EFFF742F8274BDB68DA010FD5D9
:107C1000264A1368DB070BD5254B516803FB05F596
:107C2000A5F57425A5F51075AD0A01EB8515556010
:107C3000FFF734F80028D3D01E4B4FF080525A6023
:107C400040BFCDE7F1EE103A23F09F03E1EE103A8A
:107C5000F1EE103A0E4B04A84FF480614026C3F8B1
:107C60008461C3F8841100F8045DFFF7F7FE9DF806
:107C70000C1039B920BFD3F80001D3F80411014327
:107C8000F8D08AE7FFF7E8FE87E700BFE895002015
:107C900000E100E0FC06FFBD00100140FDFFFF0019
:107CA0004011014000110140F0ED00E0001000E043
:107CB00040420F0000ED00E00748006880F30888AC
:107CC00062B661B6BFF34F8FBFF36F8F4FF0E00026
:107CD00080F3118800DF00BF00700200064B1968B6
:107CE0000868B0E8F04F80F30988BFF36F8F4FF05A
:107CF000000080F31188704760890020EFF309804D
:107D0000BFF36F8F144B1A681EF0100F08BF20EDE1
:107D1000108A20E9F04F10604DF8043D4FF040000C
:107D200080F31188BFF34F8FBFF36F8FFFF79EF97A
:107D30004FF0000080F3118808BC19680868B0E8AB
:107D4000F04F1EF0100F08BFB0EC108A80F30988C6
:107D5000BFF36F8F704700BF60890020704700BF7E
:107D60000A490B4A0B4B9B1A03DD043BC858D05001
:107D7000FBDC094809494FF0AD3202600430043998
:107D8000FBD100F08DF9EFF763FA0000B839040079
:107D9000006000206063002000F80320000800005D
:107DA000FEE7FEE7FEE7FEE7FEE7FEE7FEE7FEE7AB
:107DB000FEE7FEE708B50020EFF784FAFDF7FEF9CD
:107DC0000E4B43B10E4B7BB1FDF76EFA00F046FA55
:107DD000AFF30080F8E7FDF767FA00F03FFAFDF730
:107DE00063FA00F03BFAF6E7FDF75EFA00F036FAC8
:107DF000FDF75AFA00F032FAF6E700BF0000000083
:107E00000000000000B583B000F07EFB05F01EF915
:107E10000E4B019301234FF480620D4900930D48EE
:107E20000023FEF74DFD4FF4407000F037FBFEF7E6
:107E3000B9FEBFF34F8F0849084BCA6802F4E062ED
:107E40001343CB60BFF34F8F00BFFDE7F48C0020DE
:107E500020140400B57D030000ED00E00400FA05E5
:107E600038B507480C461546EFF782FB00B938BD18
:107E70002A4621460248BDE83840EFF701BB00BF63
:107E80007C630020FDF79CBCFDF7B4BC084A09499F
:107E900008B513681844884202D81060184608BD17
:107EA00005F086FC0C2303604FF0FF33184608BD35
:107EB0006461002000F80320114B1A78EAB90178B8
:107EC000104810B40A464FF0804402F00102C1F39A
:107ED0004001C4F88015C4F878250268D20706D49A
:107EE000E021012280F80013C0F880210260012205
:107EF00005481A705DF8044B70470448704700BF8E
:107F0000E495002000E100E00000AD0B0C00AD0B9B
:107F10000C4B012230B4C3F88020BFF34F8FBFF366
:107F20006F8F094C094D0A490A4A00234FF08040DF
:107F300023604FF460742B60C0F808430B6013702B
:107F400030BC704700E100E0F88C0020FC8C002081
:107F5000008D0020E49500200268074B4FF0804020
:107F600010B400214FF46074C0F80843196002B1E6
:107F70001A605DF8044B7047008D00204FF080437D
:107F80004FF46072C3F80423704700BF4FF0804382
:107F90004FF46072C3F80823704700BF4FF0804170
:107FA000034B4FF460700022C1F808031A60704759
:107FB000008D002010B54FF0804386B0D3F8044305
:107FC000620705D5D3F8082103F58473002A4ED142
:107FD000A30603D52A4B1A68002A3FD1600603D5B1
:107FE000284B1A68002A2FD1210602D5264B1A6881
:107FF0000ABBE20502D5254B1A6892B9A3050ED536
:10800000234B1A685AB100221A601A68214B059254
:10801000059A1B68022006B0BDE81040184706B05C
:1080200010BD00221A601B4A1B68049301201368CC
:10803000049A9847E2E700201860164A1B680393E9
:108040001368039A9847D4E700221A60124A1B6803
:10805000029301201368029A9847C5E70020186030
:108060000D4A1B6801931368019A9847B6E70022EE
:108070001A600A4A1B6800931368009A9847A7E79A
:1080800014010040180100401C0100402001004084
:1080900024010040008D0020FC8C0020F88C002082
:1080A000604B1B6830B45C1C37D05F4A082B1268E9
:1080B00000F08F805B4B5C4A1B681268082B15D060
:1080C000591C23D0584A1268082B12D0574AD2F8AC
:1080D000883043F47003C2F88830BFF34F8FBFF38A
:1080E0006F8F534B534A1A6030BC7047002A00F020
:1080F0008280032AEAD84FF08043D3F80024D207C5
:1081000044BF6FF00102C3F80024DFE74A4A4B4B3B
:1081100012681B78C2F30312D6E7484A464B12781E
:108120001B68082AC3F3031301D1032B53D9424A16
:10813000424B12681B78C2F30312082BBAD1032AF0
:10814000B8D84FF080523E4BD2F80414C3F8201533
:10815000D2F80814C3F82415D2F80C14C3F8281563
:10816000D2F81014C3F82C15D2F81414C3F8301533
:10817000D2F81814C3F83415D2F81C14C3F84015FB
:10818000D2F82014C3F84415D2F82414C3F84815C3
:10819000D2F82814C3F84C15D2F82C14C3F8501593
:1081A000D2F83014C3F85415D2F83414C3F860155B
:1081B000D2F83814C3F86415D2F83C14C3F8681523
:1081C000D2F84014C3F86C15D2F84424C3F87025D3
:1081D00070E7032A0CD8134B1B684FF08042002134
:1081E000581CC2F80C11C2F81011C2F838159ED0F4
:1081F0000D4A1268A1E7134C1349144D2560144829
:10820000144AFB24C1F8184501681268124C21F089
:108210000F0102F00F020A434FF400710260216067
:1082200050E700BF300100103401001000ED00E005
:10823000686100200090D003E80F00F0E00F00F02C
:1082400000C000408C56004000F000404881030010
:10825000E40E0040580200104096024008B5EFF7C7
:1082600037F8054B4FF080525A6040BFBFF34F8F35
:10827000BFF36F8F08BD00BF00ED00E0704700BF87
:10828000704700BF044B036010B46423034C0C60C0
:1082900013605DF8044B7047048D0020588D00205A
:1082A000054B036010B44FF48073044C0C601360F2
:1082B0005DF8044B704700BFE88E00203C8F002023
:1082C00070B51F4C84B04FF0FF3203A92068FDF752
:1082D00021FE0028F7D00398037A4568052B0DD8B6
:1082E000DFE803F0272A221C1503D0E90361D0E957
:1082F0000523C06900903046A847039803681BB166
:108300001846FDF777FA0398FDF774FADBE7D0E932
:108310000523D0E90301A8470398EFE7D0E9041249
:10832000C068A8470398E9E7D0E90301A847039884
:10833000E4E7A8470398E1E7C068A8470398DDE7AA
:10834000409300202DE9F0432D4B2E4C5B6885B007
:10835000C3F30803019001AF2068002B44D0002331
:1083600039461A46FDF730FD01283AD0DFF89880EB
:10837000D8F80000002240000421FDF7A1FA0646CB
:1083800078B3DFF88890D9F80000FEF713FBFFF709
:108390004FFB02E03046FDF707FB002203A92068EF
:1083A000FDF7B8FD00230546642203A90028F1D19A
:1083B0002068FEF7EDF82660FFF744FBD9F80000CF
:1083C000FEF7AAFBD8F800300D4A20685B00C8F819
:1083D00000305368C3F30803394653B96422FDF7EC
:1083E000E3FA05B0BDE8F08339466422FDF7DCFA14
:1083F000BAE72B462A46FDF7E7FC05B0BDE8F08357
:1084000000ED00E0409300203C93002044930020C6
:108410002DE9F8439DF8205006460F4691469846B0
:10842000CDB1A8000C30FDF7CBF9044688B100238C
:10843000C0F804900572036006B177B92DB1AA00A7
:10844000414604F10C0005F038FA2046FFF77AFFA8
:108450000120BDE8F8831020E5E73846FDF7B0F9C4
:1084600081462060A0B13A46314605F026FA002D3B
:10847000EBD0691EC9B208EB8101A8F1040353F8DF
:10848000042FB24208BFC3F800909942F7D1D6E753
:108490002046FDF7AFF94846DBE700BF30B5402383
:1084A0000B4D83B004460022184604212B60FDF7D3
:1084B00007FA084B084918600223CDE90031A2B23F
:1084C000002306490648FEF7FBF903B030BD00BFA4
:1084D0003C93002040930020449300202814040083
:1084E000C1820300BFF34F8F0549064BCA6802F4EF
:1084F000E0621343CB60BFF34F8F00BFFDE700BFC7
:1085000000ED00E00400FA054FF08043194AD3F86B
:108510000014194830B41160D3F80054D3F8002483
:10852000164C17492A43C3F80024D4F840250260AA
:1085300001224FF40030C3F818259A60C1F880007A
:10854000BFF34F8FBFF36F8F0E4C03F588334FF09F
:10855000A0454FF480304FF0FF31C3F84803C3F813
:1085600008035A609A60C5F80815C4F8081530BCAD
:10857000704700BF489300204C93002000A00040AB
:1085800000E100E00003005008B54FF080434E22A8
:10859000C3F81C25FFF7A6FF202819D8F0B4614BBB
:1085A00053F82030023B82B01D2B00F2B980DFE887
:1085B00003F011A4A6A8B7B7B7B7B7B7B7B7B7B79F
:1085C000B7B7B7B7B7B7B7B7B7B7B7B7AAACAEB063
:1085D000002070470127544B1C680023082CADF87D
:1085E000063040F398800A2C40F397800D2CB5BFDD
:1085F0000C250E25022303234C494D4AC1F8F035C2
:1086000001260023DFF834C14A48C1F80065C1F8EB
:108610001435C1F81035C2F81435C2F81035C2F857
:108620002435C2F82035C2F83435C2F83035C2F8E6
:108630004435C2F84035C2F85435C2F85035C2F856
:108640006435C2F86035C2F87435C2F870353A4AFC
:10865000DCF8003000681268DFF8E4C01B02000399
:1086600000F4805003F4E0631204034302F4E022B8
:108670009CF80000134343EA00630DF10602C1F8C1
:1086800018350846C1F81475C1F81075C1F82C26C4
:10869000C1F830660E60D0F80031002BFBD000210D
:1086A0000123224AC0F800114360D2F80431002BA4
:1086B000FBD0002001231D49C2F804019360D1F8CA
:1086C0001431002BFBD00023C1F81431BDF8062073
:1086D000120448BFADF80630144B0022C3F8002541
:1086E000BDF80600AC4200B204D035BF2C1B641BA1
:1086F000E040A04002B0F0BC704702276BE70327C0
:1087000069E7042767E7052765E7062763E7072783
:1087100061E708275FE708256EE70A2501236BE775
:108720000020E7E72C3604006C6100200070004058
:1087300010700040589300205C9300205493002058
:108740005093002020281BD83C4B53F820301F2B7F
:1087500086BF03F01F033A4A4FF0A0420E290FD8FC
:10876000DFE801F0655F59534D474039322B241D36
:10877000160F080003F5E07340F2037142F823106E
:10878000704703F5E07340F2036142F8231070472D
:1087900003F5E07340F2035142F82310704703F5EC
:1087A000E07340F2034142F82310704703F5E07391
:1087B00040F2033142F82310704703F5E07340F2B2
:1087C000032142F82310704703F5E07340F20311D0
:1087D00042F82310704703F5E0734FF4403142F83C
:1087E0002310704703F5E0734FF4003142F8231073
:1087F000704703F5E073134942F82310704703F5FF
:10880000E073114942F82310704703F5E073042127
:1088100042F82310704703F5E0730C2142F823104F
:10882000704703F5E073032142F82310704703F506
:10883000E073002142F82310704700BF2C3604007B
:1088400000030050040002000C000300202811D88F
:108850000A4B53F820301F2B88BF03F01F034FF043
:1088600001028CBF06484FF0A04002FA03F311B199
:10887000C0F808357047C0F80C3570472C36040036
:1088800000030050202800D970470E4B53F82010E9
:108890001F298ABF0C4A4FF0A04201F01F01D2F8F5
:1088A000140501238B40034214BFD2F80415D2F8FB
:1088B00010150B4202D1C2F808357047C2F80C35CA
:1088C000704700BF2C3604000003005020280DD84C
:1088D000074B53F820201F2A86BF02F01F020549CC
:1088E0004FF0A04101239340C1F80835704700BF05
:1088F0002C3604000003005020280DD8074B53F8F5
:1089000020201F2A86BF02F01F0205494FF0A04118
:1089100001239340C1F80C35704700BF2C3604008A
:108920000003005000F108034FF0FF310022816086
:1089300002604360C0E90333704700BF0023036156
:10894000704700BF4368026810B49C688C609C68E4
:108950004B600132616099605DF8044B0861026010
:10896000704700BF30B40D686B1C11D000F10802D5
:1089700000E01A4653681C68AC42FAD904684B60A0
:10898000013499608A6051600861046030BC7047AE
:1089900002695368F2E700BF42688168036910B456
:1089A000916081685C684A601A68844208BF5960B7
:1089B000013A002101611A6018685DF8044B7047A4
:1089C000F0B5054699B01F4600230E46144605A88B
:1089D00019460322D5F8D05001F062F938BB0146A0
:1089E000AD00082303AA05A8CDE9034501F098F9D5
:1089F000E8B9611905A801F0B7F9C0B937B923463C
:108A00001022314605A801F0C7F980B905F110031D
:108A100002A9019100941946324605A8029301F07B
:108A2000F9F9044B002818BF184619B0F0BD0148E9
:108A300019B0F0BD360CF0002DE9F04F864C8046A1
:108A40009E460F4694460FCCB7B00DF11C0A554612
:108A50000FC594E80F0004F1100685E80F000FCE53
:108A60000FAD0FC596E80F00303485E80F000FCC2E
:108A700017AD0FC50FCC0FC594E80F00D8F8D04044
:108A8000CDF80CE0042C85E80F0001D0082C6BD148
:108A9000409A231DB2EB830F4FEA830B03D06F483C
:108AA00037B0BDE8F08F07EB0C019CFA8CF30CF1AA
:108AB00018060CF109003B609BFA8BF5802326F029
:108AC0000F06321A7D6038440B72002101F09CFDC4
:108AD000409B1B09ABF1100B00F0BB80042C47D06E
:108AE000DDF80C90CDF808B04B4617ADB1464FF00D
:108AF000000823ACBB461E4624E0029FCDF814A01C
:108B0000069701F00DF903462946204610353BBB78
:108B100001F02AF984464FF0100E4B465A4649465A
:108B20002046BCF1000F1BD10DEB0E07CDE900670D
:108B3000CDF810E001F06EF9103688B9409BB8EB23
:108B4000131F58D2002319460222204601F0A8F82C
:108B5000014608F10108082305AA20460029CCD0C7
:108B60003F4837B0BDE8F08F3E4837B0BDE8F08FE2
:108B7000DDF80C90CDF808B033460FAD4E464FF0FF
:108B8000000823ACBB46994626E0029FCDF814A00E
:108B9000069701F0C5F80346294620461035002BFC
:108BA000DED101F0E1F884464FF0100E4B465A46F4
:108BB00049462046BCF1000FD2D10DEB0E07CDE99E
:108BC0000067CDF810E001F025F910360028C7D174
:108BD000409BB8EB131F0ED20023194602222046F9
:108BE00001F05EF8014608F10108082305AA2046B5
:108BF0000029CAD0B4E7DDF808B0039D0023194668
:108C000001222046CDE9055B01F04AF80146002823
:108C1000A6D1082305AA204601F082F800289FD19A
:108C200005EB0B01204601F09FF80146002897D183
:108C3000409A284601F0E8FC409B009540A901912C
:108C40002A462046194601F0E5F800283FF428AFEF
:108C500086E723ACD1E700BFA4140400230CF00086
:108C6000360CF000210CF0002DE9F04F2DED028BB9
:108C7000164687B007321C46D308129D039300287E
:108C800000F0BC800F46002900F0BF80002C54D0BB
:108C9000BDF80C108046204600F0BCFF02280646B6
:108CA00040F2AA8003285DD12378032B40F2A480F0
:108CB000039B681C591E0123019301F0A7FC019B33
:108CC0000493019B76429AB206F007064FF0FF0A22
:108CD0004AFA06FA08EE102A5E1E4FF6FF72103BA3
:108CE0005FFA8AFA2E440292059318EE101A2A4669
:108CF0004046B84700287DD133780AEA0303337031
:108D0000049B102B40D0BDF804302246194628465B
:108D100000F0ACFE022852D0029B013B0293E4D14A
:108D20003E4B03990193284601F070FC019B1846C5
:108D300007B0BDEC028BBDE8F08F99B22A461C4605
:108D4000B84703460028ECD1611E70076A5C42F008
:108D500080025CD16A540023184607B0BDEC028B38
:108D6000BDE8F08F039B00F10709A3EBD90105EBE8
:108D7000D90001F04BFC4FEAD903B9F1870F0193F9
:108D800088BF102304939CE7059B05EB030904EBC4
:108D9000030B07E0002BB6D0B84758BB33780AEA7C
:108DA00003033370102319465A46484600F05EFE0E
:108DB0000346022B4A464FF010014046EAD1019B80
:108DC000002BC8D0013DE918012315F8012F1344E9
:108DD0008D422B704FEA2323F7D1019B013C2344A2
:108DE000022214F8011F0A449C4222704FEA2222F8
:108DF000F7D1B0E7034694E7094B92E7094B1846D1
:108E000007B0BDEC028BBDE8F08F074B8FE77642D1
:108E100006F0070632416A5489E700BF010CF000F2
:108E2000320CF000250CF000140CF0002DE9F0439A
:108E30008FB0884607A91746044601F0A5FA0546F3
:108E400000284ED1D4F8D050042D01D0082D4ED199
:108E5000D4F8C4300C2B62D8B8F1000F45D02E1DC9
:108E6000760106AA04ABCDE90032029707A905AB4B
:108E700000222046059600F0DFFD00283CD1069B2D
:108E80000498D4F8C42023F00303083304F18409C0
:108E900018449200494601F0B3FBD4F8C400069A86
:108EA00004992B1D9E0002EB800200964B46204643
:108EB0000692FFF7C1FD054650B9B8F1010F33D056
:108EC0000346224649462046FFF77AFDB0B10546E3
:108ED0002046E42101F09AFB38464FF4BF5101F0DF
:108EE00095FB28460FB0BDE8F0836E01B9E71B4D36
:108EF00028460FB0BDE8F083194DE9E7D4F8D43027
:108F0000012243F00103C4F8D430C4F8CC2000237C
:108F10004846C4F8C430402101F078FBDCE7114D2D
:108F200028460FB0BDE8F0833146204601F06EFBC5
:108F30002B46224649462046FFF742FD0028C6D16F
:108F4000D4F8D430084AC4F8CC8023F4803343F0FA
:108F50000103C4F8D430C4F8DC20D8E7210CF000B9
:108F6000260CF000040CF000CDAB23012DE9F04FEE
:108F70009DB0002800F03B811646002A00F03D819C
:108F80000D4621B98B4658461DB0BDE8F08FB14F54
:108F900004464FF0FF31386801F058FB002840F0DC
:108FA0001981AD4BD4F8DC209A4216D0DFF8B8B264
:108FB0002946304601F02AFBD4F8C430002B40F09B
:108FC0000D81386801F05CFB0028DCD0A34801F07B
:108FD000EBFA58461DB0BDE8F08FD4F8D430DA076C
:108FE00040F10E81D4F8CC30113300F20F81D4F867
:108FF000D080B8F1040F05D0B8F1080F02D0DFF827
:109000006CB2D5E7D4F8C4200C2A00F2FC8004F13D
:109010004003029304F1840A002A00F0FD809200CC
:10902000514604F1480001F0EBFAD4F8C42002994B
:1090300008F104039B000093920053462046FFF77B
:10904000FBFC83460028B3D1034622465146204606
:10905000FFF7B6FC83460028AAD104EB8809012259
:10906000D9F80C301BBA9B181BBAC9F80C304FEA60
:10907000880B16D3D9F808301BBA9B181BBAC9F84D
:1090800008300ED3D9F804301BBA9B181BBAC9F8A4
:10909000043006D354F828301BBA13441BBA44F8E2
:1090A0002830002309A81946032200F0F9FD002802
:1090B00040F0AF800146082307AA09A8CDE9074B75
:1090C00000F02EFE002840F0A480494609A800F0D8
:1090D0004BFE002840F09D80614AD4F8D4301A42FB
:1090E00000F0A2802B0915F00F0B049300F099807B
:1090F00001330493CDF80CB05B469D420DD0EA1AC3
:1091000011463046059201F081FA059A3346314600
:1091100009A800F041FE00287BD104F1300B102299
:109120000298594601F06CFA5846102101F06EFA87
:10913000102306A90191CDF800B009A85A46194696
:10914000069300F067FE002863D1039AA81A304402
:10915000594601F055FAD4F8D430DB0509D45A4603
:109160000298049B314600F0CBF9834600287FF437
:109170001FAFD9F80C30049A1BBAD3181BBAC9F820
:109180000C3017D3D9F8083001221BBA9B181BBA30
:10919000C9F808300ED3D9F804301BBA9B181BBA93
:1091A000C9F8043006D354F828301BBA13441BBA4C
:1091B00044F828305146012322462046FFF700FCA0
:1091C000834600287FF4F4AED4F8CC300133C4F8E1
:1091D000CC30F1E6234801F0E7F9E2E60023C4F8D9
:1091E000C43004F18400402101F010FAE9E6DFF810
:1091F00080B058461DB0BDE8F08FDFF878B0C2E609
:10920000DFF874B0D4E6DFF874B0D1E6DFF870B000
:10921000CEE6DFF870B0CBE65046402101F0F6F91B
:109220001BE71023039368E704F13003184610216D
:10923000039301F0EBF9039B1022194609A800F0F3
:10924000ABFD0028E5D1D4F8D43043F48033C4F822
:10925000D43047E7F4950020CDAB23014C14040033
:1092600000010100341404000E0CF000210CF00089
:10927000270CF000000CF000080CF000040CF000CB
:10928000070CF000360CF00070B5002849D00D46F0
:10929000002943D0244E04464FF0FF31306801F0DE
:1092A000D5F990BB002001F021FA50BB20462A4698
:1092B0000121FFF7BBFD0446012001F017FAB8B900
:1092C000306801F0DDF950B9012001F00FFA08B95A
:1092D000204670BD154801F067F9204670BD14485E
:1092E00001F062F9012001F001FA0028F0D0F1E765
:1092F0000E4801F059F9306801F0C2F90028E3D0B6
:10930000EDE70C4801F050F9D0E70B4801F04CF9BB
:10931000002001F0EBF90028C8D0F2E7074C204606
:1093200070BD074C204670BD0496002084140400D4
:109330004C1404006414040034140400200CF000E5
:10934000250CF00000284CD0F0B50D4689B000295E
:1093500038D00446E42101F059F901A9204601F072
:1093600013F810B1204809B0F0BD204F4FF0FF3185
:10937000386801F06BF980BB002001F0B7F940BB01
:1093800001A92A46204600F063FB0646012001F0B1
:10939000ADF9D0B9386801F073F978B9002EE1D190
:1093A0002046E42101F032F929462046FFF76CFF00
:1093B0000F4B002818BF184609B0F0BD0D4801F04A
:1093C000F3F8EBE70C4809B0F0BD0C4801F0ECF8FD
:1093D000E0E70B4801F0E8F8D2E70A4801F0E4F8CA
:1093E000CAE70948704700BF110CF000049600203E
:1093F000120CF0004C140400200CF0008414040043
:109400006414040034140400250CF00030B4029DF0
:109410004DB1064D941EAC4202D830BCFFF724BCBF
:10942000034830BC7047034830BC7047FDFF07005D
:10943000310CF000300CF00038B504464FF4806079
:1094400001F040F9054D06480649074A00232B6004
:1094500003600B682360136038BD00BFC8B10250C1
:109460002CB1025004B1025008B102500138072853
:1094700005D8DFE800F00A0E0412040404060948C7
:1094800070478B698B6000207047CB688B60002031
:1094900070470B698B60002070474B698B60002020
:1094A000704700BF310CF1000B6802E0082B0B6025
:1094B00006D8426813424FEA4303F7D000207047B2
:1094C00000487047310CF100084B094A002119602F
:1094D0001368002BFCD107480749084A03604FF482
:1094E00080604FF0FF330860136070472CB102506A
:1094F00010B90250C4B1025008BA025008B102506B
:10950000012BF8B516461CD010221D460C4601F062
:109510005FF8E0B1AF1E314604EB0710102201F0F6
:1095200057F8A0B1022D0ADD00252046103421464F
:10953000102201F04DF8013548B1BD42F5D10020AF
:10954000F8BD1146102201F043F80028F7D1014878
:10955000F8BD00BF020CF000002877D0F8B50C462B
:10956000002971D01D46002B6ED0064622B1012283
:1095700000232A60C0F8D8302B68002B62D029461F
:109580002046FFF791FF00285BD128682146FFF7AE
:109590006DFF002855D1364B3649374A01271F60E9
:1095A0009C460F60CCF80070A368136011688B4272
:1095B000F8D1324F3249334A334B4FF0000CC7F8E1
:1095C00000C004270F600A2111606FF03A021A6090
:1095D000079B012B4FF080533AD0D3F8002C013277
:1095E00043D0D3F8002C294BA3FB02321209A36805
:1095F000274C2849284F03FB02F303EB4303DB030B
:109600009B092360254B2C680C601A60069A244C39
:109610003A604FF48062226001224FF0FF3441F83B
:10962000C44C43F80C2CD6F8D8302A6823F07F437A
:1096300043EA0263C6F8D8302A6843EA0223C6F830
:10964000D830F8BD1748F8BD1748F8BD1648704720
:10965000D3F80C2C013206D0D3F80C2C0B4BA3FB07
:109660000232FA40C3E71622C1E70622BFE700BF75
:10967000C4B1025040B1025030B102502CB102507E
:109680000CB1025038B1025000B10250ABAAAAAAE4
:10969000D8B10250CCB10250D0B10250D4B1025076
:1096A00008BA0250310CF100350CF100F0B4C900D9
:1096B000002401F1FF3C2646274606E09F4216D0D3
:1096C0000126654519D82C461F46630904F01F0181
:1096D00050F823301F2923FA01F304F1010518BFC4
:1096E00003F00103002CE9D101263546EBE70136F2
:1096F0009642E6D10248F0BC70470020F0BC7047AB
:10970000360CF100002861D02DE9F0414C1EB4F573
:10971000047F27D233B32AB3CD00012B05F1FF3EDE
:1097200030D000218C460F460E4603F1FF384C091D
:1097300001F01F0550F824401F2D24FA05F418BF2E
:1097400004F0010421B90126B44631462746EEE76C
:10975000B34213D0A74201D10CF1010C464504D10C
:10976000624502D21A48BDE8F0813C4601318E457F
:1097700006F10106EAD20020BDE8F08100264FF094
:10978000010CF3E70026B44637463446610904F07D
:109790001F0350F821101F2B21FA03F118BF01F00D
:1097A00001013CB15FB98C4501D0614608E001364A
:1097B000614605E0012634468C460127E6E73E4631
:1097C000B242CFD30134AC42F6D1D4E7004870475F
:1097D000370CF1002DE9F04F89B01D46149BDDF8E0
:1097E0004CA004460E4617464BB94FF08053D3F8B1
:1097F000002C013200F0A980D3F800BC08E04FF043
:109800008053D3F80C2C013200F0A280D3F80CBCAA
:109810007C480AF5C1622A60129A00234FF0FF319A
:10982000136000F013FF002840F08680764A774BE3
:10983000774910600432196013680693069BD907B4
:10984000FAD5714A714B002111601B6807930432ED
:1098500013680793079BDB07FAD56C4B6D4A1B68AF
:109860000793DDF81C9013680793079BD807FAD578
:10987000644800F005FF00285AD1654B994540F037
:10988000B680D4F8D43013F400790ED1D90512D5AE
:109890002B68129A1B6813603BB1D4F8D4309B0537
:1098A0005BD5484609B0BDE8F08FDFF87C914846AB
:1098B00009B0BDE8F08F002F00F08780564A574B63
:1098C0001168B2681B689A4245D10A2943D194F8BD
:1098D000DB3005930AF5C26A042500274FF0805853
:1098E00004A8FFF7A9FD0498820602D510F01A001B
:1098F00039D0D4F8D810059A0B0A03F47F030B4330
:1099000023F07F43082AC4F8D83077D0149B4FEA5D
:10991000420CCDE90073002205AB31462046CDF85C
:1099200014C0FFF719FE00285FD1013DD8D1B4E77C
:109930003B4800F039FEA0E73A48DFF8F09000F02D
:1099400033FE484609B0BDE8F08F4FF0900B5FE75B
:109950004FF4047B5CE7DFF8D890FFF7B5FD48468D
:1099600009B0BDE8F08F129B5246C3F800B05946CB
:1099700000F03CFD002838D1D8F8043C129A01339D
:1099800018BFD8F8043C116808BF51230293D8F8D7
:10999000083C01332ED0D8F8083C03934B1EB3F596
:1099A000047F0FD2029A02915046FFF77FFE48B91A
:1099B0000299039A4FF480635046FFF7A3FE0028F4
:1099C0003FF46BAF129B1F6093E723F00F03C4F8C3
:1099D000D430149B0122CDE90093314605AB2046DB
:1099E000FFF7BAFD00283FF475AF814655E7DFF871
:1099F0003C9056E740F237330393CFE7DFF83490DB
:109A00004BE700BF0C96002004BF025000BF02507D
:109A100012FA12FA08BF025038B1025030B10250A7
:109A20004C14040034140400330CF000350CF00026
:109A3000300CF100320CF10030B4DDE90234049D49
:109A400002940024CDE9035430BCFFF7C3BE00BF2D
:109A500010B586B005AB0124CDE9012400930022A6
:109A600004ABFFF7B7FE06B010BD00BFF0B444185A
:109A700031B114F8015D4E1E15B931460029F8D1F7
:109A8000D41833B114F8015D5E1E45B93346002B7E
:109A9000F8D10D1E18BF01252846F0BC70478B4237
:109AA00022D325D84C1EA64228BF2646002E23DBF3
:109AB000013694190025821904E0012D38BF0125D3
:109AC00090420BD012F8016D14F8017DB742F4D327
:109AD000F6D9002D08BF02259042F3D18B4218BF62
:109AE00000252846F0BC704701252846F0BC704789
:109AF00002252846F0BC70470025EFE79942F0B5F3
:109B00000DD801EB03044FEA540467D3002C7DD039
:109B10004FF0000C171F2146051F624632E003F18B
:109B2000804C0CF1FF3C051F002600EB8C0C05EB74
:109B3000810E34465CF8047FE64546EA0706F9D113
:109B400016F1FF3744F1FF3C6FEA0C0C99420CF020
:109B5000010C3ED201F1804E0EF1FF3E171F02EBC9
:109B60008E0507EB830355F8042FAB4246EA020645
:109B7000F9D116F1FF3644F1FF32D24302F001026F
:109B800091B3051F002305EB810E28463C4619467C
:109B900050F8046F54F8045FAE4218BF002103F080
:109BA000010318BF002388BF41F0010138BF43F013
:109BB00001038645ECD1A9B182F00100BCF1000F90
:109BC00000D108408CF0010402B91C4000EB4400B5
:109BD000F0BDC3B1171F19460022D3E70026344653
:109BE000B446B7E7002BE7D1BCF1000F03D132B187
:109BF00060461446EAE782F001000023E2E71046DF
:109C000013461446E1E760461C46DEE7204623463D
:109C1000DBE700BF4218084630B112F8013D411E93
:109C20001BB908460028F8D170471A064FEAC00051
:109C300018D4590600F1FF3215D49906A0F102029A
:109C400011D4D906A0F103020DD41907A0F1040222
:109C500009D45907A0F1050205D49B07A0F106021B
:109C600001D4073870471046704700BFA1B100EB20
:109C7000810001E001390FD050F8043D002BF9D0EC
:109C80004801A0F1200202E00138904206D0002BEA
:109C90004FEA4303F8DA704708467047704700BF41
:109CA00078B3032A70B50E461546044601D9052A35
:109CB0001CD1012E18D8ABB9022D19D0052D17D003
:109CC0004C21204600F0A2FC052D88BF4FF0FF324A
:109CD00013D900200123C4E90826C4E90B00C4E914
:109CE0000D3370BD094870BD094870BD094870BD8D
:109CF00056B94C21204600F089FC074B53F825202B
:109D0000E7E74FF470007047044870BD0E00F000A4
:109D10000600F0000200F000141504001200F0002C
:109D2000C8B110B50C4682B18CB9082B0DD153685F
:109D3000102B0ED1136843B101238362D2E90012C4
:109D4000103000F05DFC204610BD044810BD0448F2
:109D500010BD044810BD4FF4700070470400F000BF
:109D60000500F0000300F00070B108B5036A013B84
:109D7000022B05D831B1102200F042FC002008BDB2
:109D8000034808BD034808BD4FF47000704700BF8A
:109D90000200F0000100F00038B349B31AB338B53F
:109DA00012F00F051BD1046A24F00404032C01D027
:109DB00003B31D4613462A4601F022FE58B1A0F512
:109DC0007100052818D8052816D8DFE800F005032B
:109DD0000A0303080A4838BD4FF4700038BD09482B
:109DE00038BD094838BD074870474FF470007047C8
:109DF00006487047064838BD4FF4750038BD00BFAF
:109E00000200F0000A00F0000600F0000800F00078
:109E10000900F000F8B5079F48B30E460546002A32
:109E200035D0994239D8002F41D02B6A23F0040154
:109E3000032906991FD0002932D03968B14233D3A3
:109E4000300703D0012B1CD8EB6A23B311463346ED
:109E5000069A284601F0E0FE044660B3A0F57104BE
:109E6000052C37D8DFE804F00310251010174FF445
:109E700070042046F8BDA9B139680F2914D93107FB
:109E8000E4D0032BE2D1DFE7144C2046F8BD0029D3
:109E9000C9D0134CEDE7134CEBE7134C2046F8BD4B
:109EA000002ED3D0114CE4E7114C2046F8BD114CE4
:109EB000DFE7114CDDE72B6A23F00403032B01D00D
:109EC0003E60D6E706982946102200F099FB102341
:109ED0003B60CEE74FF47504CBE700BF0200F00013
:109EE0000800F0000A00F0000C00F0000900F0008B
:109EF0000D00F0001100F0000600F0002DE9F84F11
:109F00001E460A9B002B6AD00D4600296FD00446DE
:109F100000287DD0022E5ED816B10B9B002B79D085
:109F2000D4F8B872B7F5107F4CD8D4F8BC127B1CAB
:109F3000994247D895F80090B9F1070F53D8B9F175
:109F4000050F50D009F006030737022B4FEAD70759
:109F50003CD07B00013393423BD10A9807F1030BBD
:109F60004FF45D7100F1040A2BF0030800F04EFB82
:109F7000414650463B466A1C00F002FC002838D19E
:109F80004FEA9B0B5B46594622465046FFF7B6FD0B
:109F9000022855D119F0040F3ED10A9B214603F146
:109FA00094004FF4377200F02BFB4946504600F006
:109FB0006DFC0446002845D1022E45D00A9A264B56
:109FC00013601CE0254C2046BDE8F88F7B1C9342B3
:109FD000C3D0234CF7E7234C2046BDE8F88F224C32
:109FE0002046BDE8F88F214C2046BDE8F88F204C74
:109FF000E9E7204C0A984FF45D7100F007FB0B9BDA
:10A00000002BE0D04FF46371184600F0FFFADAE756
:10A01000194CD8E7194CD6E70A9B7A1C4C334146B9
:10A02000184698462A443B4600F0AAFB0028E0D197
:10A0300040465B4659462246FFF760FD0228ACD0F9
:10A040000C4CC0E70E4CD5E70B99504600F0FCFCD9
:10A050000028B3D00446CDE7010000EC9508F000DD
:10A060000F08F0001108F0000E08F0000708F000DB
:10A070000D08F0001008F0000208F0001208F000CF
:10A080003008F0002DE9F04383B0019300283DD063
:10A090001646002A67D002681F46354B9A4204468E
:10A0A0001BD18FB3052914D0072912D8D0F84C330F
:10A0B000C56C21F0020203F10709042A03F11F0312
:10A0C0004FEAD9094FEA531305F0010522D00229BE
:10A0D00007D0284803B0BDE8F083274803B0BDE8A7
:10A0E000F0833A6809F1010842453ED3304645F015
:10A0F000020500F8015B9B00221D494600F096FB1B
:10A1000048BBC7F80080E5E71C48E3E71C4803B0FC
:10A11000BDE8F0833A684FEA490808F10108424572
:10A1200023D3042930460CBF0D4645F006059B009D
:10A1300000F8015B221D4946019300F077FB50B9FE
:10A1400009F10100019B04F14C023044494600F042
:10A150006DFB0028D5D03046396800F057FA00234F
:10A1600008483B60B6E70848B4E70848B2E700BFD4
:10A17000010000EC1508F0001A08F0001708F000C4
:10A180001408F0001B08F0001608F0001808F00092
:10A190002DE9F04782B0DDE90A98002A5CD01D461F
:10A1A000002B5ED0B9F1000F5DD0B8F1000F5CD08C
:10A1B000074600285BD08A46002948D01446184636
:10A1C0004FF44C7100F022FA4FF45D71484600F0F4
:10A1D0001DFAD4F8BC621F367609B200013E04F1C4
:10A1E000D801404605EB860600F00AFA00237360AA
:10A1F0002B1DD4F8BC220093514638464346FFF746
:10A2000005F90646C8B128464FF44C7100F0FEF936
:10A2100048464FF45D7100F0F9F90C9B23B140F60C
:10A220006811184600F0F2F940464FF4537100F0FF
:10A23000EDF9304602B0BDE8F087204643464A4675
:10A24000294602F06DFE06460028E6D0DBE7094EFF
:10A25000304602B0BDE8F087074E304602B0BDE898
:10A26000F087064EE5E7064EE3E7064EE1E7064EC9
:10A27000DFE700BF9008F0000208F0000308F000DC
:10A280000408F0000508F0009108F0002DE9F04105
:10A29000002940D016461F460A682B4B9A420C46AE
:10A2A00031D1054600283AD00268013B9A422ED1AE
:10A2B000002E45D0002F45D0069BB3B300F194018A
:10A2C0004FF4377204F1500000F082F90435211D7B
:10A2D00068BBD4F808333A680733B2EBD30F4FEAC0
:10A2E000D3081ED3069B2846324600F0DDFB044609
:10A2F000F8B9C7F8008006984FF4537100F086F95A
:10A300002046BDE8F081114C2046BDE8F081104C9C
:10A310002046BDE8F0810F4C2046BDE8F0810E4C90
:10A32000F2E70E4CC7F80080EEE70D4CECE70D4C61
:10A33000EAE73968304600F069F900233B60DAE764
:10A34000094CE1E7094CDFE7020000EC3408F000BB
:10A350003208F0003308F0003108F0003808F0004F
:10A360003708F0003A08F0003508F0003608F00031
:10A370000B2804D8034B53F8203003B118470020B2
:10A38000704700BF8816040030B5042285B0012351
:10A39000C0F8D0200B6068460023CDE90033CDE93A
:10A3A00002330C4600F04EF80546C8B9DDE900302E
:10A3B000DDE90212E360003BC4E9040118BF012398
:10A3C000A26108B143F0020309B143F004030AB1EA
:10A3D00043F00803002228466360A26005B030BD48
:10A3E000014800F0E1F8E1E72C15040030B585B034
:10A3F00004460D46104803924FF0FF3100F026F955
:10A40000039A68B9204600950123002101F0E6FF78
:10A410000446094800F034F938B9204605B030BD8B
:10A42000064800F0C1F8039AECE7054800F0BCF8D4
:10A43000204605B030BD00BF0C9600203414040047
:10A440004C14040000234FF4FA714FF47A72C0E9FF
:10A4500000228160C3601846704700BF10B500F04D
:10A4600031F8A0B900F01EF920B1032400F070F813
:10A47000204610BD00F03AF9034680B90D4A126833
:10A48000120EF02A06D0052400F00EF9EEE704249F
:10A49000204610BD0849094A0968914201D00624A6
:10A4A000F2E7074A0120136000F020F90446002873
:10A4B000DED0E8E728B9025024BA02500000E020BC
:10A4C0000CBA025008B5184800F0A4F898B917481B
:10A4D00000F0A0F8B8B9164800F09CF8D8B9154BB0
:10A4E000124A15481A6000F095F8C0B9134B124A89
:10A4F0001A60002008BD124800F056F80B4800F022
:10A5000089F80028E7D00F4800F04EF8084800F01E
:10A5100081F80028E3D00C4800F046F8DFE70B484C
:10A5200000F042F8E2E700BF0C960020FC95002006
:10A53000089600200496002000960020F495002044
:10A540005C1504007815040094150400B41504008B
:10A5500008B500F03BF80F4800F06AF804210D48F8
:10A5600000F054F80C4800F063F80B48042100F0A8
:10A570004DF80A4800F05CF840B9094800F058F876
:10A58000BDE808400648042100F040B8054800F046
:10A590000BF8F2E70C960020FC95002008960020AE
:10A5A0000096002094150400BFF34F8F0549064B19
:10A5B000CA6802F4E0621343CB60BFF34F8F00BF61
:10A5C000FDE700BF00ED00E00400FA05704700BFA2
:10A5D000A2B1013A30B401398518421E002012F8A8
:10A5E000013F11F8014F954283EA040340EA03005A
:10A5F000F5D1003818BF012030BC704710467047B5
:10A6000003F05BB903F064B903F07BB90A4600219B
:10A6100003F077B910B5044610B10020206010BDDA
:10A620000248FFF7C1FF0020206010BDD4150400D0
:10A6300010B5044610B10020206010BD0248FFF79D
:10A64000B3FF0020206010BDD415040010B50446EF
:10A6500080B10123BFF35B8F54E8002F44E8003141
:10A660000029F9D1BFF35B8F012AF3D0BFF35F8FCD
:10A67000002010BD0148FFF797FFEAE7F815040036
:10A6800010B5044620B1BFF35F8F0020206010BDDD
:10A690000348FFF789FFBFF35F8F0020206010BDE4
:10A6A000181604000020704700207047014B186006
:10A6B000704700BF08BA0250014B1860704700BFD6
:10A6C00004BA025010B5044630B1054B1868044274
:10A6D000FCD0044B1C6010BD0348FFF765FFF4E796
:10A6E00000BA025008BA02503816040010B54FF0F4
:10A6F000FF3104461748FFF7A9FFE8B9164A54B1DD
:10A700001368A3B1012B18D0013B1360BDE81040C2
:10A710001048FFF7B5BF106838B9104B1049012435
:10A72000C3F800450B68002BFCD101301060BDE878
:10A7300010400848FFF7A4BF10BD09490B68002B63
:10A74000FCD106480749C0F800356FF07E430B6026
:10A750001368D9E7089600206093002000A00250FB
:10A7600010B9025004BA02503AB10A44013812F842
:10A77000013D00F8013F8A42F9D10020704700BF37
:10A78000002A48D02DE9F0410446002845D015465E
:10A790005A1E053234D811F0030631D18B422FD81E
:10A7A000CF1C27F003028A4232D8A2EB03084044B0
:10A7B0001A462946FFF726FF414620464FEA9708EA
:10A7C000FFF724FFB8F1010F1DD0FF0804EB87004D
:10A7D0000438231F04EB880553F8042F55F8041D93
:10A7E00012BA09BA834219602A60F5D118F0010043
:10A7F00007D054F827301BBA44F82730002000E077
:10A800000748BDE8F08123681BBA30462360F8E7AB
:10A810000448BDE8F081044870470348F1E700BFF1
:10A82000050DF000090DF000040DF00030B40AB37E
:10A8300000B3DBB113F0030518D18B4216D3A9B1D5
:10A84000904208D002D91344984217D3904202D2C2
:10A8500043189A4212D91144431E11F8014D03F8CE
:10A86000014F8A42F9D1284630BC7047044D284632
:10A8700030BC7047034D284630BC7047024DF6E7A8
:10A88000050DF000040DF000060DF000F0B50446D3
:10A89000D0F848038DB000F11F062023B6F5187FCD
:10A8A00000937ED20F46694601F0F0FB054610B1D9
:10A8B00028460DB0F0BD7609334604F1900201211F
:10A8C00001F024FD01210846052304F5127201F070
:10A8D0001DFD334622460121022001F017FD3346BB
:10A8E00004F1D8020121042001F010FD04F590725A
:10A8F00033460121052001F009FD424A1368019306
:10A90000019BDB07FAD5404B40493E4A196013686A
:10A910000293029BD807FAD53B4B3D49394A19604F
:10A9200013680393039BD907FAD5374B3949354A46
:10A93000196013680493049BDB07FAD5324B364A3F
:10A940001A6007F00603022B2FD004F148023346A9
:10A950000121032001F0DAFC2A4A13680593059BC4
:10A96000DC07FAD5284B2D49264A1960136806934F
:10A97000069BD807FAD5244B29492A4A196013683F
:10A980000793079BD907FAD5274A284B126812F478
:10A99000805F08BF1D46009801F062FC28460DB09C
:10A9A000F0BD234D28460DB0F0BD01F069FE002832
:10A9B00026D01C4A13680893089BDB07FAD51D4B69
:10A9C000184A196813680A930A9BD807FAD51A4AD5
:10A9D0001A4B11601B680993099B5F40F90708D562
:10A9E000343A13680B930B9BDB07FAD5064B144ADA
:10A9F0001A60314604F14800032201F05BFCCAE70B
:10AA0000104DC8E7B0B0025080B0025080210888D5
:10AA100080411831806108880051183180310C88DC
:10AA200000681051B4B0025088B002501008F00015
:10AA30000F08F0000CB00250E4B00250DCB002503D
:10AA4000C03000294021F00070B5D0E9D2421F3457
:10AA500084B0640900F148030D4601EB84061F32FF
:10AA600001EBC4010391009300F5B4710346CDE9F5
:10AA700001565209903000F0D3FE70B9304621469D
:10AA8000FFF7F4F830B921462846FFF7EFF808B988
:10AA900004B070BD024804B070BD024804B070BD7F
:10AAA0001008F0003008F0002DE9F043D0E9D2455D
:10AAB0001F3485B0640903EBC40E1E4603EB840704
:10AAC0001F3500F148030093CDE9027E034601964D
:10AAD000904690306A0900F0A3FE054640B130462A
:10AAE0004FF45371FFF792FD284605B0BDE8F0839F
:10AAF00038462146FFF7BAF860B121463046FFF7E5
:10AB0000B5F838B14FEA84094A4640463146FFF766
:10AB10002BFEE4E7004DE2E72008F1002DE9F04FBD
:10AB200097B0DDE920744FEA043E4EEA844E4EEAC7
:10AB300083149D4D44F0045C9C012E680096009E99
:10AB4000F607FAD5229DDFF86482974EC8F800C058
:10AB5000920142EA834242EA053545F010454FEA48
:10AB6000834832680192019AD207FAD58F4ADFF8FA
:10AB700038C215604EEA811E4EF0104E8E01DCF890
:10AB800000200292029AD507F9D53D0345EA874590
:10AB9000864A854FC2F800E044EA050949F00459A5
:10ABA0003A680392039AD207FAD5804ADFF8F8E1AF
:10ABB000C2F8009044EA033C48EA0C0747F0045707
:10ABC0004FEA033ADEF800200492049AD207F9D53E
:10ABD000764ADFF8D4E117604CEA814949F0104920
:10ABE0008F04DEF800200592059AD207F9D56F4A46
:10ABF000DFF8B4E1C2F8009045F0104545F48075E7
:10AC0000DEF800200692069AD207F9D5DFF89CE11B
:10AC1000674ADFF89491CEF8005042EA80124FEA7A
:10AC2000801ED9F800500795079DED07F9D5DFF88C
:10AC30007CB1DFF884915C4DCBF8002049EA003903
:10AC40004FEA003B2A680892089AD207FAD5574D76
:10AC5000C5F80090239A574D45EA8249524A126836
:10AC60000992099AD507F9D5504A4F4DC2F800907C
:10AC70004CF0245949F400192A680A920A9AD2071A
:10AC8000FAD54A4D484AC5F800904EEA030343F00E
:10AC9000484343F4821315680B950B9DED07FAD5D5
:10ACA0004EEA0B05DFF804E13F4ACEF8003045EAF2
:10ACB000080545F0045513680C930C9BDB07FAD587
:10ACC0003A4B394A1D604CEA804040F0045013680A
:10ACD0000D930D9BDD07FAD5344BDFF8E0C0324A07
:10ACE00018604AEA0C0C13680E930E9BD807FAD52D
:10ACF0002E4B2D4DC3F800C047EA013746EA070C3A
:10AD00004CF004500A032B680F930F9BDB07FAD516
:10AD1000264B254D18604CF0104C2B681093109B5F
:10AD2000DB07FAD5214B204DC3F800C02B681193E7
:10AD3000119BDB07FAD51D4B1B4D1860274347F0CD
:10AD400004572B681293129BDB07FAD5174B164852
:10AD50001F60239B44EA080444EA033444F010448F
:10AD600003681393139BDD07FAD5104B0E481C6044
:10AD7000324342F0245242F4101203681493149B9D
:10AD8000DC07FAD5094B08481A600E4346F04846DE
:10AD900046F4A21603681593159BDB07FAD5034BFF
:10ADA0001E6017B0BDE8F08FB0B0025080B0025006
:10ADB00000401021004100210001102140012829FC
:10ADC0002DE9F04F9FB0AF4F2D9D289E2C0344EAF4
:10ADD000854C4CEA831C4FEA854E01944CF0104C94
:10ADE0009D013C680494049CE407FAD54FEA801B5B
:10ADF000A54F4BEA033848EA8646DFF88882C7F851
:10AE000000C046F010461F03D8F800400594059C8A
:10AE1000E407F9D5DFF87082DFF868C24BEA003446
:10AE20000294C8F8006044F0245848F40018DCF894
:10AE300000400694069CE607F9D5DFF84C92914E47
:10AE4000C9F8008045EA070C4EEA0C0E4EF0104E91
:10AE500034680794079CE407FAD5299CDFF8289208
:10AE6000DFF82082C9F800E047EA811646EA844606
:10AE70008C0146F010460094D8F800400894089CD5
:10AE8000E407F9D5009CDFF80082DFF8F891C8F8F4
:10AE9000006044EA013E4EF0245848F40018D9F806
:10AEA00000400994099CE607F9D52A9CDFF8D8915F
:10AEB000744EC9F800804FEA043A4AEA844A2A9C50
:10AEC0004AEA050A4AF0104A4FEA844934680A946B
:10AED0000A9CE407FAD52B9C47EA8446064303966E
:10AEE000694E684CC6F800A0039E46F0484A4AF0F6
:10AEF000C00A26680B960B9EF607FAD5624C614E87
:10AF0000C4F800A049EA0C0A4AF0104A34680C94CC
:10AF10000C9CE407FAD52C9C47EA84460E43039622
:10AF2000594E584CC6F800A0039E2E4346F0484A9E
:10AF300026680D960D9EF607FAD5019C44EA821606
:10AF4000514C46EA09094F4EC4F800A049F0104997
:10AF50004FEA821A34680E940E9CE407FAD54A4CE4
:10AF6000484EC4F800904AEA824A4AF0104A4AF42D
:10AF7000405A4FEA824934680F940F9CE407FAD58F
:10AF8000414E404CC6F800A026681096109EF60769
:10AF9000FAD53D4EDFF8F8A03A4CC6F800A0266876
:10AFA0001196119EF607FAD5374EDFF8E8A0354C1A
:10AFB000C6F800A026681296129EF607FAD5324E01
:10AFC000DFF8D4A02F4CC6F800A04EF0104E4EF47F
:10AFD000402E26681396139EF607FAD52A4E2B4C60
:10AFE000C6F800E044EA804E303680043468149499
:10AFF000149CE407FAD547EA8347DFF88CA0214C7C
:10B00000CAF800E04BEA070646F0484646F0030659
:10B010004FEA834A23681593159BDB07FAD5DFF8BF
:10B0200068E0184CCEF80060029B43F0045646F4EA
:10B03000801623681693169BDB07FAD5124CDFF8AF
:10B0400044E02660DEF800301793179BDC07F9D543
:10B050000D4CDFF830E0266040F0045040F48240B0
:10B06000DEF800301893189BDB07F9D5009B054CE0
:10B070004AEA01011943044B41F04841186041F488
:10B0800080410BE0B0B0025080B00250004100900F
:10B0900000310C90C0400C90C030202923681993D7
:10B0A000199BDE07FAD5194B1948196003681A93E2
:10B0B0001A9BDC07FAD5154B1549C3F8008049EAFD
:10B0C00002322A4342F010420B681B931B9BD807A5
:10B0D000FAD50E4B0E491A602F4347F010470B6804
:10B0E0001C931C9BDA07FAD5084B094A1F604CF0E9
:10B0F000104141F4301113681D931D9BDB07FAD5F5
:10B10000024B19601FB0BDE8F08F00BF80B0025045
:10B11000B0B002502DE9F04F99B0DFF870C2269C14
:10B12000239D270347EA844949F0104646F08006EC
:10B1300099464FEA844EDCF800300193019BDC070E
:10B14000F9D5914B914C1E604FEA894949EA801923
:10B1500049F0104646F400564FEA801A23680293DD
:10B16000029BDB07FAD5884B884C1E604AEA003CFC
:10B170004CF0245646F4001623680393039BDB0728
:10B18000FAD5814B814C1E604EF0104646F40256B3
:10B1900023680493049BDB07FAD5229B7B4C4FEA80
:10B1A000834E4EEA811E784B4EF0104E1E604EF4D8
:10B1B000005E8E0123680593059BDB07FAD5724B71
:10B1C000724CC3F800E046EA013949F0245B4BF4C5
:10B1D000001B23680693069BDB07FAD54FEA053E62
:10B1E000694B6A4CC3F800B04EEA854E4EF0104EE3
:10B1F0004EF0800E4FEA854823680793079BDD07D2
:10B20000FAD5249B604C40EA834545F048455F4BA6
:10B21000C4F800E045F403551C680894089CE40752
:10B22000FAD5594B594C1D6048F0104545F402556C
:10B2300023680993099BDB07FAD5259BDFF848E1D2
:10B24000524CCEF8005041EA834343F0484545F460
:10B25000025523680A930A9BDB07FAD547EA82174F
:10B26000494B4A4C1D6047EA080848F010479501D1
:10B2700023680B930B9BDB07FAD5434B434C1F60B2
:10B2800045EA824242F0104242F4405223680C9355
:10B290000C9BDD07FAD53C4B3C4C1A6023680D93A0
:10B2A0000D9BDA07FAD5384B394C384A1C601368C5
:10B2B0000E930E9BDB07FAD5334B364C334A1C609A
:10B2C00013680F930F9BDF07FAD52F4B324C1C608E
:10B2D0002E4A49F0104444F4402413681093109B04
:10B2E000DD07FAD5284B2D4D284A1C6045EA8045DC
:10B2F000800413681193119BDC07FAD5224B284C6C
:10B30000224A1D604AEA040413681293129BDB0769
:10B31000FAD51D4B1D4A1C604CF0045444F48014B3
:10B3200013681393139BDF07FAD5174B174A1C605A
:10B3300013681493149BDD07FAD5134B134A1C6052
:10B3400040F0045040F4824013681593159BDC07CD
:10B35000FAD50D4B0D4A18600E4346F0484646F4A8
:10B36000042613681693169BD907FAD5064B074A8D
:10B370001E6013681793179BDB07FAD5024BC3F8BF
:10B3800000B019B0BDE8F08F80B00250B0B00250EC
:10B3900000310C90C0400C90C0302029004100903A
:10B3A000032008C82DE9F043974AABB0136809930E
:10B3B000099BDF07FAD5954B9549934A19601368A5
:10B3C0000A930A9BDE07FAD5904B92498E4A196080
:10B3D00013680B930B9BDD07FAD58C4B8E498A4A79
:10B3E000196013680C930C9BDC07FAD5874B8B49CB
:10B3F000854A196013680D930D9BD807FAD5834BC6
:10B400008749814A196013680E930E9BD907FAD5B4
:10B410007E4B844A1A601B2000F030FD0446182041
:10B4200000F02CFD8442784A09D913680F930F9ECF
:10B4300016F00106F9D0754B7B4A1A6009E01368D3
:10B440001093109BDB07FAD5704B784A1A600446BC
:10B4500000266D4A13681193119BDF07FAD56B4BD9
:10B460007349694A196013681293129BDD07FAD574
:10B47000664B704A1A601C201D2118220B238DE890
:10B480000F000F230E220D210C20FFF747FB013484
:10B490000C200D210E220F238DE80F0024F0010453
:10B4A0001323122211211020FFF738FB0125A11EC2
:10B4B00008AB07AA1B20089500F02CFD022800F01D
:10B4C0006A81032800F04081012800F016810027DE
:10B4D0004D4A13681F931F9BDB07FAD54B4B564908
:10B4E000494A196013682093209BDD07FAD5474B22
:10B4F0005249454A196013682193219BD807FAD510
:10B50000424B4F4A1A60043C39D44FF017091625B4
:10B510004FF01A0815211420CDE900011A23162234
:10B52000CDE90259FFF7FAFA142003468DE822010B
:10B53000162201F07BFB08AB07AA21461B2000F076
:10B54000E9FC00EB87000430072816D8DFE800F09C
:10B55000A1A8A59D999584041227112210231521D5
:10B560001420CDE904270393CDE9000102951723A8
:10B570001622FFF725FC4FF0FF37023CCAD51920F1
:10B580001C21162215231824CDE90121CDE903043D
:10B5900000930E2214230D210C20FFF7BBFD1A4A45
:10B5A000002F40F0818013682693269BDC07FAD594
:10B5B000164B2449144A196013682793279BD80710
:10B5C000FAD51248204B2149214C0F4A0460002E25
:10B5D00014BF1E460E4613682893289BD907FAD538
:10B5E0000A4B094A1E6013682993299BDB07FAD589
:10B5F000064B184A1A6018231D221C21012001F055
:10B6000029FC2BB0BDE8F083B0B0025080B00250EE
:10B6100000020021008220214082202180822421FA
:10B6200040066E4900966929C0066649C00662490F
:10B63000000662410016624940D62129C0D3202964
:10B64000C0142129C05521294007564940075E49A9
:10B650000007524900065A490E270D220C231521D6
:10B660001420CDE904270393CDE9000102951723A7
:10B670001622FFF7A5FB00277FE718271D221C23B2
:10B68000EDE718271D221C2369E7182719221C2320
:10B69000E5E7122713221023E1E70E270F22DDE74B
:10B6A0000E270F220C235AE713682293229BD907F7
:10B6B000FAD54C4B4C494D4A196013682393239B90
:10B6C000DB07FAD547484A4B4A494B4C474A046086
:10B6D000002E14BF1E460E4613682493249BDF07DA
:10B6E000FAD5404B414A1E6013682593259BDD0720
:10B6F000FAD53C4B414A1A607DE73C4A13681393E4
:10B70000139BD807FAD5374B3D49384A196013685F
:10B710001493149BD907FAD5324B3A49334A19602E
:10B7200013681593159BDB07FAD52E4B36492F4A24
:10B73000196013681693169BDF07FAD5294B334A15
:10B740001A604FF0FF37C3E6284A13681B931B9B10
:10B75000DF07FAD5234B2E49244A196013681C933E
:10B760001C9BDD07FAD51F4B2A49204A1960136834
:10B770001D931D9BD807FAD51A4B27491B4A196000
:10B7800013681E931E9BD907FAD5164B234A1A60DD
:10B790004FF0FF379CE6154A13681793179BDD0798
:10B7A000FAD5104B1649114A196013681893189B63
:10B7B000D807FAD50B4B13490C4A19601368199333
:10B7C000199BD907FAD5074B0F49084A1960136826
:10B7D0001A931A9BDB07FAD5024B0C4A1A60002712
:10B7E00076E600BF80B00250C0D32029B0B002502E
:10B7F0004007364940073E490007324900063A49AA
:10B80000000532494005364980053A49C0053E49A0
:10B81000000542494005464980054A49C0054E4950
:10B820002DE9F04F0D4687B0044611462846009298
:10B830009846FEF71BFAD4F8BC32009904F1D80AF6
:10B840001F3306465B0952462846FEF757F9002E7D
:10B8500070D001286ED0D4E9AEB0394B584593F979
:10B860001A2093F91CC000924FF0200793F91B2077
:10B8700093F91D30059738BF584605A90192CDF8B8
:10B8800008C0039300F002FC074618B1384607B021
:10B89000BDE8F08F2B490BF11F094FEA59194B46B0
:10B8A000C1F800B02246012100F030FD0121084618
:10B8B00004F5DC72052300F029FD4B4604F1480233
:10B8C00001210B2000F022FDD4F8BC329DF8084085
:10B8D0009DF800001F3352465B099DF80CA0012122
:10B8E00000F014FD42464B462046012100F00EFDBB
:10B8F000109A4B465046012100F008FD06F11F0347
:10B900005B099DF804002A46012100F0FFFCFFF7C7
:10B9100049FD11982246494600F0CCFC1298524647
:10B92000494600F0C7FC059800F09AFC384607B07D
:10B93000BDE8F08F044F384607B0BDE8F08F00BF78
:10B940006816040090B002503008F10038B5224B60
:10B95000224A0121054619601368002BFCD1204AB8
:10B960001368002BFCD11F4A1368002BFCD11E4A20
:10B970001368002BFCD11D4B1C68002CFCD14FF030
:10B98000FF30FEF793FE2B6A23F00403032B184BC2
:10B9900018680CBF20F0400020F08000FEF78CFEFD
:10B9A000144B00221A602B6A23F00402032A18BFEA
:10B9B0006C6A114A4FEA830318BF04F0010403F0D4
:10B9C0001C031C4314602B6A072B02D10B4B012272
:10B9D0001A60002038BD00BF00B9025070B4025098
:10B9E00020BD025020BC025038BD025038BC02506D
:10B9F00004BA0250BCB40250C0B402507CB402502D
:10BA0000002800F0BF80F8B51D46436B0E46174670
:10BA10000446002B35D0012B02D1B5F5803F33D23F
:10BA200065484FF0FF31FEF711FE002857D1002086
:10BA3000FEF75CFE00284ED1604B01221A60236A9B
:10BA4000032B28DC002B28DA5D4A1368002BFCD17D
:10BA50005A4A1360236A23F00403032B594B1868D6
:10BA60000CBF40F0400040F08000FEF725FE0120B2
:10BA7000FEF73CFE002836D14F48FEF701FE28B9FC
:10BA8000F8BDB5F5805FCBD34F48F8BD4F48FEF702
:10BA90008BFD0020F8BD072BD6D1636A012BD3D8CC
:10BAA000636B012BD0D8A36B012BCDD82046FFF7B9
:10BAB0004DFF0028C8D1A36A012B6CD033F00202DD
:10BAC00063D0236A5A1E062A1BD8DFE802F0104B07
:10BAD000101A1A1A10003E48FEF766FDACE73D4802
:10BAE000FEF762FDA3E73C48FEF75EFDC4E73B4B73
:10BAF00022681A6062685A60A2689A60E268DA6036
:10BB0000236A23F00403032B31D0A36B012B4CD009
:10BB1000334A344B176020201D60636B012B2CD0FF
:10BB2000314A324B16601D60FEF7CCFD244A136883
:10BB3000002BFCD1236A013B062B10D8DFE803F071
:10BB40000414040F0F0F0400244A294B12682260CA
:10BB50001A6862605A68A26008331B68E3600123B8
:10BB6000236371E7234BC3E7224A234BEEE7636B62
:10BB7000012B01D01020D3E74020204A204B166033
:10BB80001D60D1E74FF4710070471E491E4A0B60DB
:10BB90000123136095E71D4B22691A6062695A60A0
:10BBA000A2699A60E269DA608BE7194A194B17605B
:10BBB00080201D60B1E700BF0C96002010B8025035
:10BBC00010B9025004BA02500500F1004C140400F0
:10BBD00064140400341404008414040040B40250BB
:10BBE00030BD025034BD025030BC025034BC025053
:10BBF00044B4025060B4025064B4025028BC0250F5
:10BC00002CBC025038BA025078B4025000B4025032
:10BC100028BD02502CBD02502DE9F041002800F053
:10BC200081801D46036A072B0F46044616D055B97E
:10BC3000032B0FD1036B6BB9C0E90F55C0E9115548
:10BC400000F13C0710252B4639462046BDE8F0415F
:10BC5000FFF7D6BE2E463046BDE8F081436B002B81
:10BC600037D1B5F5805F39D215B9236B002B35D1AB
:10BC700067484FF0FF31FEF7E9FC002840F097805D
:10BC80000020FEF733FD002840F09980614B01222F
:10BC90001A60236A032B23DC002B23DA5E4E5F4AF3
:10BCA0001368002BFCD15B495D4A0B60106840F0C3
:10BCB0004000FEF701FD0120FEF718FD00287AD1B3
:10BCC0005348FEF7DDFC0028C5D05648FEF76CFC53
:10BCD000C1E7012BC8D1B5F5803FC5D3524EBAE7B5
:10BCE000072BDBD1636A012B78D8636B012B57D804
:10BCF000A36B012B00F284802046FFF727FE064647
:10BD00000028CCD1A36A012B6AD033F0020271D093
:10BD1000236A013B062B13D8DFE803F0094409121C
:10BD2000121209004FF471063046BDE8F0813F4B16
:10BD300022681A6062685A60A2689A60E268DA60F3
:10BD40003B493C4A01230B601560002D3BD1226B1F
:10BD50000AB9394A1360314B1E68002EFCD1236AA0
:10BD6000013B062B9BD801A252F823F089BD0300AA
:10BD7000A9BD030089BD03009FBC03009FBC030055
:10BD80009FBC030089BD0300284A2C4B1268226027
:10BD90001A6862605A68A26008331B68E3607EE735
:10BDA000274E7CE7274BC3E7264A274BEEE7274879
:10BDB000FEF7FAFB64E72648FEF7F6FB80E7254826
:10BDC000FEF7F2FB62E7636B012B1BD0224A234B89
:10BDD000176010201D60FEF775FCBCE7204E5EE783
:10BDE000204B22691A6062695A60A2699A60E2690E
:10BDF000DA608DE71C491D4A0B600123136087E759
:10BE00001B4E4CE71B4A1C4B176040201D60E2E7AD
:10BE10000C96002010B802500100F10010B9025039
:10BE200004BA02504C1404000500F10040B4025062
:10BE30007CB40250BCB4025024B5025044B4025049
:10BE40000300F10060B4025064B4025034140400E2
:10BE5000841404006414040030BC025034BC02504A
:10BE60000200F10000B4025038BA025078B4025017
:10BE70000400F10028BC02502CBC025030B4214A0E
:10BE800084B013680093009BDC07FAD500F1A0533F
:10BE900003F52C439B001B4A186813680193019B10
:10BEA000D907FAD5184B1A6812F11F0348BF02F1DF
:10BEB0003E035B11591E0FD4124A144D144C1368E3
:10BEC0000393039BDB07FAD50B182B6023680293BF
:10BED000029B2BB90139F2D2580104B030BC704733
:10BEE00001314801A0F120014FF0004202E0013889
:10BEF0008142F2D013424FEA5202F8D004B030BC73
:10BF0000704700BFB4B00250ACB00250E4B0025071
:10BF1000DCB0025070B41C6885B001F01F0644B953
:10BF20001E2E06D01068F04000F0030005B070BC73
:10BF300070470F4D2C680194019CE407FAD500F17D
:10BF4000A05404F52C44A400094D20682C680394E7
:10BF5000039CE407FAD5074C00EB61110648216009
:10BF6000016802910299116000211960DAE700BFAF
:10BF7000B4B00250E4B00250DCB00250A0F1200393
:10BF8000B3F5426F61D8F0B48F2882B053D900F175
:10BF90001F035B095B013F339B09013311B18B42E6
:10BFA00055D80B46DC004FF48051B1FBF4F1202949
:10BFB00028BF202102B11160264C274D0126002206
:10BFC00026600239144603FA06F640F6FC778C42E6
:10BFD00004F10104B6BF2A602F6092191E2C05F1EE
:10BFE0000405F4D11D4C1E4D226032442A6000F13C
:10BFF0003F011C4A1C4DDFF890C0E56021F03F0175
:10C0000010604031194F1A4E1A4D1B48CCF80010E1
:10C010009B011A493B6033602B60E3620360D3618C
:10C020000A680192019AD207FAD5154A00201360D6
:10C0300002B0F0BC704700F1470400F16603E4066B
:10C040004FEA5313A6D00133A4E70E4870470D48BA
:10C05000EEE700BF1CB8025000B0025078B00250AA
:10C060007CB0025090B0025020F80F0098B00250FF
:10C070009CB00250A0B00250A8B00250B4B0025020
:10C08000ACB002502221F00094B0025038B5044602
:10C090000D4619484FF0FF31FEF7D8FA60B900207D
:10C0A000FEF724FB80B920462A460021FFF766FFF1
:10C0B0000446A0B9204638BD1048FEF775FA0020A6
:10C0C000FEF714FB0028EED00D48FEF76DFA20466F
:10C0D0002A460021FFF752FF04460028EAD001203B
:10C0E000FEF704FB20B90448FEF7CAFA204638BD23
:10C0F0000448FEF759FAF6E7FC95002034140400D2
:10C1000064140400841404002DE9F0434E4C89B0FB
:10C1100023680193019BDD07FAD54C4B13449B0028
:10C120000A181D681E2A05F11F0588BF1E224FEA46
:10C13000551502FB05F288BFC0F11E01B2F5806FF4
:10C1400004D94FF48061B1FBF5F1091A002976DDBD
:10C1500000F1A05000F52C4005F1010E4FF0000C4D
:10C16000394ADFF8F4803A4C87002EF00106604629
:10C1700013680293029BDB07FAD5D7F80090136887
:10C180000393039BDB07FAD5C8F80090002355B151
:10C1900001339D422060FBD1AE4204D92B460133CE
:10C1A0009E422060FBD10CF1010C614507F10407B0
:10C1B000DED1254A13680493049BDC07FAD5254B8E
:10C1C000214A196813680593059BD807FAD5224BB5
:10C1D00019607DB100231E491A4601339D420A6051
:10C1E000FBD1AE4206D91A492B46002201339E42AA
:10C1F0000A60FBD1144A13680693069BD907FAD547
:10C20000164B114A196813680793079BDB07FAD589
:10C21000114B196035B100230D491A4601339D4277
:10C220000A60FBD1AE4207D9094A002301E00EF1B2
:10C23000010E76451360FAD109B0BDE8F08305F12F
:10C24000010E2EF00106B4E7B4B0025024AC001485
:10C25000D8B002507CB00250D4B0025078B0025036
:10C2600008B558B90F4B00221A600120FEF73EFABC
:10C2700098B90D48FEF704FA50B908BD20280146C8
:10C280004FF0070228BF20210020FFF73DFFE9E71C
:10C29000BDE808400548FEF787B90548FEF784F970
:10C2A000E7E700BF1CB80250FC9500204C140400C6
:10C2B0008414040010B4124C85B023680193019BD0
:10C2C000DB07FAD502F1A05202F52C4293000C4A8A
:10C2D0001C6813680393039BDB07FAD5094B1C60AA
:10C2E00051B10438084A00EB810113680293029BA4
:10C2F00040F8043F8842F8D105B05DF8044B704720
:10C30000B4B00250E4B00250DCB0025070B42F4D13
:10C3100085B02C680094009CE407FAD500F1A05089
:10C3200000F52C408000294C056820680190019898
:10C33000C607FAD52648012605609BB1043A254E6A
:10C3400002EB830452F8040F3060A242FAD15E1C63
:10C3500026F00102934205D21E4C00200133934285
:10C360002060FBD1194A26F0010013680293029B5A
:10C37000DC07FAD5184B0B449B001B681F33B0EB4E
:10C38000531F4FEA53121DD210490B680393039BAE
:10C39000DB07FAD50E4B0544121A1D6012D000239C
:10C3A0000C481946013393420160FBD15A1C22F01C
:10C3B0000101994206D90748002300E001328A4270
:10C3C0000360FBD105B070BC704700BFB4B0025031
:10C3D000D4B00250D8B0025024AC0014F8B5069E78
:10C3E000002E33D001292FD8012B31D81C4C074601
:10C3F00000251C4825600468002CFCD11A4D2C68CF
:10C40000002CFCD1194D2C68002CFCD1184D2C6847
:10C41000002CFCD1174D2C68002CFCD1012B19D01D
:10C420001548164B026020201E6001290BBF144BDB
:10C43000144B154A154A17601E60FEF743F9144B5A
:10C4400018680028FCD1F8BD1248F8BD1248F8BDA4
:10C450001248F8BD1248134B026080201E60E4E7CA
:10C4600000B9025070B4025020BD025020BC0250EE
:10C4700038BD025038BC025030BD025034BD0250AD
:10C480002CBC025034BC025028BC025030BC0250BC
:10C4900010B902500200F4000100F4000300F4009F
:10C4A00028BD02502CBD02502DE9F043644A93B0E0
:10C4B00013680093009BD907FAD5624B6249634A1F
:10C4C000196013680193019BDB07FAD5604B1B6869
:10C4D000DF0400F1AF805A4A13680293029BDE0723
:10C4E000FAD5584B5B49594A196013680393039B6B
:10C4F000DD07FAD5564B1B68DC0400F18580534BF1
:10C50000554E4F494F4FDFF86CC14FF00109DFF82E
:10C5100068E1524D00241A680492049AD007FAD5B3
:10C5200030681A680692069AD207FAD5CEF800004B
:10C530002A680592059A12B95DE052080134D007C5
:10C54000FBD514F01F0568D11D680995099DE80702
:10C55000FAD5434DD5F800801D680B950B9DED076E
:10C56000FAD5DFF814E13D4DCEF800802D680A952C
:10C57000E0070A9D05D505F00704032C4AD0052CD9
:10C5800048D002F00302032A05D105F00305032D6C
:10C5900008BFC9F100090A680C920C9AD407FAD5B1
:10C5A000304A3A600A680D920D9AD007FAD52E4AA1
:10C5B0003A600A680E920E9AD207FAD52B4A3A6070
:10C5C0000A680F920F9AD507FAD5294A3A600A6885
:10C5D0001092109AD407FAD51B4A3A601A68119241
:10C5E000119AD007FAD51A4A1268D2048FD5484654
:10C5F00013B0BDE8F0830A680792079AD207FAD50C
:10C60000C7F800C0203486E74FF00109484613B050
:10C61000BDE8F083C9F10009B3E7DFF860E0013D50
:10C620004EEA053E0D680895089DED07FAD5C7F856
:10C6300000E089E74FF00009484613B0BDE8F083F9
:10C64000B0B0025080B0025000082A51B4B002507D
:10C6500088B0025000182A5128B00250DCB00250B5
:10C660002CB0025000032A4980022E49C0C228A1E2
:10C67000C002324980F22961E4B002508002286190
:10C680002DE9F047894ABAB013680093009BD80798
:10C69000FAD5874B8749884A196013680193019B33
:10C6A000D907FAD5854B1B68DB0400F19181824ADA
:10C6B00013680393039BDE07FAD5814B7E4A196802
:10C6C00013680593059BDD07FAD57E4A7E4B116002
:10C6D0001B680493049F07F00303032B00F074828C
:10C6E00007F00703052B714A00F02781136819939F
:10C6F000199BDC07FAD56E4B74496C4A19601368B4
:10C700001A931A9BD807FAD5694B714A1A60FFF73A
:10C71000CBFE013000F01D82644A13681B931B9B03
:10C72000D907FAD562486B4B0360013F40F0718234
:10C730005E49DFF8D0C1604B674E624D624CB8462F
:10C740000A681C921C9AD207FAD5C0F800C008F1FA
:10C7500020081A681D921D9AD707FAD537681A68FB
:10C760001F921F9AD207FAD52F6022681E921E9F31
:10C77000002FE5D017F0010311D17F08FE071946FD
:10C7800003F10103F9D5494802682092209AD507A0
:10C79000FAD5524A464842EA013198440160434A78
:10C7A00013682193219BDC07FAD5414B4C493F4A42
:10C7B000196013682293229BD807FAD53C4B494A4B
:10C7C0003A4CDFF84491484E414D1A609A4623682E
:10C7D0002393239BD907FAD5CAF8009023682493A2
:10C7E000249BDA07FAD5CAF8006023682593259BB5
:10C7F000DB07FAD5CAF80050FFF756FE0130E6D144
:10C800002A4A13682693269BDC07FAD5284B37491A
:10C81000264A196013682793279BD807FAD5244B1B
:10C820003349224A196013682893289BD907FAD5FF
:10C830001F4B2A491D4A196013682993299BDB075E
:10C84000FAD51B4B2B49194A196013682A932A9B66
:10C85000DE07FAD5164B2849144A196013682B9342
:10C860002B9BDD07FAD51248244A104BDFF89C9029
:10C87000DFF89CE0224EDFF89CC002601A682C9220
:10C880002C9AD407FAD5C0F800901A682D922D9AE8
:10C89000D107FAD50849094DC0F800E000241A680C
:10C8A0002E922E9AD207FAD5066035E0B0B002502B
:10C8B00080B0025000081251B4B0025088B002504B
:10C8C00000B00250E4B00250DCB0025080021249C5
:10C8D000C0020249C01002290CB00250C0000C6115
:10C8E000C0011E41C0111E4980021E49C0311C9862
:10C8F000C0100E21C030109840021249809184A8C7
:10C9000000182651C0F00D61C0111E2140320C8864
:10C9100040622488409224880A682F922F9AD20776
:10C92000FAD52A68D20460D401341A683092309A59
:10C93000D207FAD5C0F800C0B1E713680993099B84
:10C94000DB07FAD5854B8649864A196013680A9336
:10C950000A9BDF07FAD5814B8349824A1960136825
:10C960000B930B9BDE07FAD57C4B80497D4A1960FF
:10C9700013680C930C9BDD07FAD5784B7C497D4AF4
:10C98000196013680D930D9BDC07FAD57A4B754A35
:10C990001B68D80440F1928013680E930E9BD90750
:10C9A000FAD56E4B75496F4A196013680F930F9B48
:10C9B000DB07FAD5694B72496A4A1960136810930C
:10C9C000109BDF07FAD5654B6E4A1A60002054E0D1
:10C9D000644A13680293029BDF07FAD55F4B6A4AE9
:10C9E0001A6001203AB0BDE8F087002C3FD0A8EBD8
:10C9F0000404012C33D0621E02F01F01002A4FF004
:10CA00000107B8BF04F11E028F4051111A6832921B
:10CA1000329AD207FAD55D4A564C026022683392A8
:10CA2000339AD507FAD55A4A524C1568226834927F
:10CA3000349AD207FAD5574C574A294421601760D7
:10CA40001A683592359AD207FAD5544A02601A68A4
:10CA50003692369AD507FAD5514A02600EE71A681F
:10CA60003192319AD107FAD54E4A026006E707F0B3
:10CA70000303032B40F0C58001203A4A1368379323
:10CA8000379BDC07FAD5354B4749364A196013689E
:10CA90003893389BD907FAD5304B4449354A196049
:10CAA00013683993399BDB07FAD5334B1B6813F4B2
:10CAB000805F18BF01203AB0BDE8F087136811937A
:10CAC000119BDE07FAD5254B39492A4A19601368AC
:10CAD0001293129BDD07FAD5274B1B68DC04C3F3C6
:10CAE0000030CAD51F4B1A681392139AD107FAD592
:10CAF0001A4B304A1B491A600B681493149BDA07CF
:10CB0000FAD5164B1E4A17491A600B681593159BE8
:10CB1000DB07FAD5114B284A12491A600B681693A5
:10CB2000169BDF07FAD50D4B244A0E491A600B6895
:10CB30001793179BDE07FAD5084B214A09491A605B
:10CB40000B681893189BDD07FAD5044B1D4A1A6031
:10CB50003CE700203AB0BDE8F08700BF80B002504B
:10CB600040120229B0B00250C011246180711098A7
:10CB700000181A51B4B0025088B00250803102211E
:10CB800080211861C0601098C0000E41000222414F
:10CB900020B00250D4B00250D8B0025040821C984D
:10CBA000C0900C88C0700C8880310C8800481851E7
:10CBB000009818518051022940121071C0612498C8
:10CBC00040021071C0901C88343A13680693069B8B
:10CBD000DC07FAD5104B1149114A19601368079305
:10CBE000079BD807FAD50C4B0E490D4A19601368FC
:10CBF0000893089BD907FAD5074B0B4A1A60002007
:10CC00003BE707F00707052F4FF001003FF435AF72
:10CC1000E8E64FF00008ADE580B00250C0100221F8
:10CC2000B0B0025080110C61C0601098F0B595B0A2
:10CC30007D4C1A9E370347EA864747F0045545F076
:10CC4000800526680096009EF607FAD51B9C764E56
:10CC5000920142EA0434754A44F01044156044F4E9
:10CC6000002432680192019AD507FAD56F4A6E4EB8
:10CC7000146047EA811747F010478A01346802942C
:10CC8000029CE407FAD54FEA033C4CEA834C674B1D
:10CC9000654C1F604CF0045646F0800623680393F1
:10CCA000039BDF07FAD5614B5F4C1E60236804933A
:10CCB000049BDD07FAD55D4B5D4F5E4C5A4E1C6000
:10CCC00047EA81478C0433680593059BDB07FAD557
:10CCD000564B554E1F604CF0104C4CF4807C336822
:10CCE0000693069BDD07FAD5504E534D4E4FC6F8BE
:10CCF00000C045EA801586013B680793079BDB0768
:10CD0000FAD54A4F4D4BDFF820C13D6043EA003E63
:10CD10000703DCF800300893089BDD07F9D5434D85
:10CD2000DFF828C1C5F800E01C9B30354CEA834E83
:10CD30002B680993099BDB07FAD53C4B3A4DC3F8A6
:10CD400000E02B680A930A9BDB07FAD5374B3C4D72
:10CD5000DFF8FCC01D60344D46EA0C0C2B680B93C9
:10CD60000B9BDB07FAD5314B2F4DC3F800C03E4378
:10CD700046F0045646F400262B680C930C9BDF0704
:10CD8000FAD52A4D2F4B2E6043EA804030352B6870
:10CD90000D930D9BDE07FAD5244B234D18602B68AD
:10CDA0000E930E9BDB07FAD5204B274D1E481D60C6
:10CDB000144344EA013444F004550E0303680F930E
:10CDC0000F9BDF07FAD5194B17481D6044F010443C
:10CDD00003681093109BDB07FAD5144B12481C60B4
:10CDE00003681193119BDF07FAD5104B0E481D60A5
:10CDF000164346F0245646F4101603681293129B0D
:10CE0000DC07FAD5094B08481E600A4342F0484245
:10CE100042F4A21203681393139BDB07FAD5034B6A
:10CE20001A6015B0F0BD00BFB0B0025080B0025023
:10CE30008020009080200821004010210001102156
:10CE40008020202980200021402128290041002124
:10CE5000024010C830B42D4C88B020680090009873
:10CE6000C507FAD52A4C2B482B4D2560303440EAB3
:10CE7000834523680193019BD807FAD5900140EAC6
:10CE80008240234B214A1D6040F0104444F4C044CA
:10CE900013680293029BDB07FAD51D4B1B4A1C60EB
:10CEA00013680393039BDD07FAD58B0143EA8141A5
:10CEB000174B1A4D1D60154A41F0104545F4C04509
:10CEC00013680493049BDB07FAD5114B0F4A1D60CE
:10CED00013680593059BDD07FAD50D4B0B4A1C60C3
:10CEE00041F0584113680693069BDC07FAD5084BBE
:10CEF000064A196040F0584013680793079BDB0708
:10CF0000FAD5034B186008B030BC7047B0B002507F
:10CF100080B0025080710098C02102298061189071
:10CF20002DE9F04385B000284CD00E4600294ED0A4
:10CF30001546002A4DD0002B3FD0D0F8BC220393D9
:10CF400005F14C0700F5B6731F3201F1040905F134
:10CF50000408CDE9018700935209494600F5927310
:10CF60000446FEF75DFC0746A8B94FF43772214628
:10CF700006F15000FDF744FB174B336021464FF498
:10CF8000377205F19400FDF73BFB144B2B603846DC
:10CF900005B0BDE8F08300244846346021462C608B
:10CFA0004C22FDF731FB404621469022FDF72CFB39
:10CFB0000B4F384605B0BDE8F0830A4F384605B040
:10CFC000BDE8F083084F384605B0BDE8F083074F51
:10CFD000DDE7074FDBE700BF020000EC010000ECDB
:10CFE0003008F0000508F0000208F0000308F00027
:10CFF0000408F00000487047B81604000048704765
:10D000009419040000487047701C040000487047E1
:10D010004C1F040000487047282204000048704755
:10D020000425040000487047E027040000487047CA
:10D03000BC2A040000487047982D0400004870473F
:10D0400074300400004870475033040008B50121D3
:10D050000E20FBF777FB01210E20FBF7F7FB0021E9
:10D060001620FBF76FFB01211920FBF76BFB012159
:10D070001920FBF7EBFB01210B20FBF763FB0121E0
:10D080000B20FBF7E3FB01210D20FBF75BFB0121EC
:10D090000D20FBF7DBFB01210C20FBF753FB0121EB
:10D0A0000C20BDE80840FBF7D1BB00BF0B46014692
:10D0B000184600F06FBB000081F0004102E000BFA5
:10D0C00083F0004330B54FEA41044FEA430594EA48
:10D0D000050F08BF90EA020F1FBF54EA000C55EA83
:10D0E000020C7FEA645C7FEA655C00F0E2804FEA54
:10D0F0005454D4EB5555B8BF6D420CDD2C4480EA36
:10D10000020281EA030382EA000083EA010180EA65
:10D11000020281EA0303362D88BF30BD11F0004FB3
:10D120004FEA01314FF4801C4CEA113102D04042E9
:10D1300061EB410113F0004F4FEA03334CEA133324
:10D1400002D0524263EB430394EA050F00F0A7803C
:10D15000A4F10104D5F1200E0DDB02FA0EFC22FA37
:10D1600005F2801841F1000103FA0EF2801843FA2B
:10D1700005F359410EE0A5F120050EF1200E012A1C
:10D1800003FA0EFC28BF4CF0020C43FA05F3C0185A
:10D1900051EBE37101F0004507D54FF0000EDCF1D3
:10D1A000000C7EEB00006EEB0101B1F5801F1BD37C
:10D1B000B1F5001F0CD349085FEA30004FEA3C0C80
:10D1C00004F101044FEA445212F5800F80F09A8076
:10D1D000BCF1004F08BF5FEA500C50F1000041EB7A
:10D1E000045141EA050130BD5FEA4C0C404141EB7E
:10D1F000010111F4801FA4F10104E9D191F0000FA5
:10D2000004BF01460020B1FA81F308BF2033A3F127
:10D210000B03B3F120020CDA0C3208DD02F1140C1E
:10D22000C2F10C0201FA0CF021FA02F10CE002F159
:10D230001402D8BFC2F1200C01FA02F120FA0CFC52
:10D24000DCBF41EA0C019040E41AA2BF01EB04519B
:10D25000294330BD6FEA04041F3C1CDA0C340EDC99
:10D2600004F11404C4F1200220FA04F001FA02F3DC
:10D2700040EA030021FA04F345EA030130BDC4F19A
:10D280000C04C4F1200220FA02F001FA04F340EA8F
:10D290000300294630BD21FA04F0294630BD94F040
:10D2A000000F83F4801306BF81F480110134013D27
:10D2B0004EE77FEA645C18BF7FEA655C29D094EA98
:10D2C000050F08BF90EA020F05D054EA000C04BF16
:10D2D0001946104630BD91EA030F1EBF0021002001
:10D2E00030BD5FEA545C05D14000494128BF41F0A0
:10D2F000004130BD14F580043CBF01F5801130BD04
:10D3000001F0004545F0FE4141F470014FF000008E
:10D3100030BD7FEA645C1ABF194610467FEA655C3F
:10D320001CBF0B46024650EA013406BF52EA0335E1
:10D3300091EA030F41F4002130BD00BF90F0000FCF
:10D3400004BF0021704730B54FF4806404F132040B
:10D350004FF000054FF0000150E700BF90F0000FC4
:10D3600004BF0021704730B54FF4806404F13204EB
:10D3700010F0004548BF40424FF000013EE700BFBB
:10D3800042004FEAE2014FEA31014FEA02701FBF4B
:10D3900012F07F4393F07F4F81F06051704732F07D
:10D3A0007F4208BF704793F07F4F04BF41F40021D4
:10D3B000704730B54FF4607401F0004521F0004132
:10D3C0001CE700BF50EA010208BF704730B54FF0BC
:10D3D00000050AE050EA010208BF704730B511F0BD
:10D3E000004502D5404261EB41014FF4806404F1F5
:10D3F00032045FEA915C3FF4D8AE4FF003025FEA7B
:10D40000DC0C18BF03325FEADC0C18BF033202EBFE
:10D41000DC02C2F1200300FA03FC20FA02F001FA58
:10D4200003FE40EA0E0021FA02F11444BDE600BFFB
:10D4300053B94AB9002908BF00281CBF4FF0FF317B
:10D440004FF0FF3000F086B9ADF1080C6DE904CE65
:10D4500000F01AF8DDF804E0DDE9022304B07047BB
:10D46000430803F05533C01A830803F0333300F048
:10D470003330184400EB101000F00F3000EB0020A8
:10D4800000EB0040000E70472DE9F047089E04466F
:10D490008846002B4BD18A42154667D9B2FA82F2F0
:10D4A0004AB1C2F1200701FA02F320FA07F79540CA
:10D4B00047EA030894404FEA154E230CB8FBFEF7E9
:10D4C0001FFA85FC0EFB178843EA084307FB0CF1A3
:10D4D000994209D9EB1807F1FF3080F01B8199427E
:10D4E00040F21881023F2B445B1AA4B2B3FBFEF05A
:10D4F0000EFB103344EA034400FB0CFCA44509D99D
:10D500002C1900F1FF3380F00781A44540F204811B
:10D5100002382C4440EA0740A4EB0C0400271EB15B
:10D52000D4400023C6E900433946BDE8F0878B426A
:10D5300009D9002E00F0EB800027C6E9000138462B
:10D540003946BDE8F087B3FA83F7002F47D18B4205
:10D5500002D3824200F2FA80841A61EB03030120B5
:10D560009846002EE0D0C6E90048DDE702B9FFDEAC
:10D57000B2FA82F2002A40F08F80491B4FEA154E22
:10D580001FFA85F80127B1FBFEFC230C0EFB1C11D2
:10D5900043EA014308FB0CF1994207D9EB180CF15F
:10D5A000FF3002D2994200F2CD808446591AA3B2CC
:10D5B000B1FBFEF00EFB101443EA044408FB00F834
:10D5C000A04507D92C1900F1FF3302D2A04500F283
:10D5D000B6801846A4EB080440EA0C409FE7C7F168
:10D5E000200CBB4022FA0CFE4EEA030E01FA07F4AF
:10D5F00020FA0CF521FA0CF34FEA1E482543B3FB41
:10D60000F8F92C0C08FB19331FFA8EFA44EA03438D
:10D6100009FB0AF49C4202FA07F200FA07F10BD95F
:10D620001EEB030309F1FF3080F087809C4240F23B
:10D630008480A9F1020973441B1BADB2B3FBF8F05F
:10D6400008FB103345EA034400FB0AFAA24508D957
:10D650001EEB040400F1FF336BD2A24569D90238F6
:10D66000744440EA0940A0FB0289A4EB0A044C453B
:10D67000C2464B4654D351D0002E69D0B1EB0A05B7
:10D6800064EB030404FA0CFCFD40FC404CEA050585
:10D69000C6E90054002747E7C2F1200320FA03F748
:10D6A000954001FA02F021FA03F34FEA154E384390
:10D6B000010CB3FBFEF71FFA85F80EFB173341EAA6
:10D6C000034107FB08F38B4204FA02F407D96918F7
:10D6D00007F1FF3C2FD28B422DD9023F2944CB1AB0
:10D6E00081B2B3FBFEF00EFB103341EA034100FBB5
:10D6F00008F38B4207D9691800F1FF3C17D28B421F
:10D7000015D902382944C91A40EA07473BE737468A
:10D71000304609E70746E7E61846FBE64145ABD247
:10D72000B8EB020A69EB0E0201381346A4E7604623
:10D73000E9E7184695E76746D1E781467CE7023876
:10D740002C4447E7ACF1020C2B442FE7384608E79E
:10D750003746E9E6704700BF1FB51C46094B1B68FA
:10D760000546D86852B1084B0091CDE9013207490E
:10D770002B46224600F036F801F054F9044B1A46C5
:10D78000F2E700BF70610020B0360400BD3604002F
:10D79000EB36040010B5054C13462CB10A46014681
:10D7A0000220AFF3008010BD2046FCE7000000001F
:10D7B000014B1868704700BF7061002008B5074B27
:10D7C000044613B10021AFF30080054B1868836A4B
:10D7D00003B19847204603F01DFA00BF0000000087
:10D7E000EC3604000EB403B5014603AB054853F80C
:10D7F000042B0068019300F05FF902B05DF804EBC0
:10D8000003B070477061002070B50D4E0D4CA41B25
:10D81000A4100025A54209D10B4E0C4C03F0FCF9D5
:10D82000A41BA4100025A54205D170BD56F82530D3
:10D8300098470135EEE756F8253098470135F2E76D
:10D840004063002040630020406300205C630020B0
:10D85000D0F8EC0070470000024B0146186800F059
:10D86000A7B800BF70610020024B0146186800F0A5
:10D8700051B800BF7061002082B001B901A942B166
:10D880004BB113780B601278101C18BF012002B046
:10D8900070471046FBE76FF00100F8E730B5002451
:10D8A000A24201D1002007E0035D01340D1915F8F3
:10D8B000015CAB42F4D0581B30BD10B5431E0A4486
:10D8C000914200D110BD11F8014B03F8014FF7E769
:10D8D000884210B501EB020307D8421E99420AD0D4
:10D8E00011F8014B02F8014FF8E78342F5D981188E
:10D8F000D21AD34200D110BD13F8014D01F8014DE9
:10D90000F7E702440346934200D1704703F8011B36
:10D91000F9E7000038B50546002945D051F8043C28
:10D920000C1F002BB8BFE41802F00AF91F4A136855
:10D93000104633B9636014602846BDE8384002F0F1
:10D9400000B9A3420CD921686218934204BF1A6837
:10D950005B68636004BF521822600460ECE7134602
:10D960005A680AB1A242FAD919685818A0420BD1D4
:10D9700020680144581882421960DDD1106852684D
:10D980005A6001441960D7E702D90C232B60D3E712
:10D99000206821188A4204BF11685268626004BF7F
:10D9A000091821605C60C7E738BD00BF64930020A0
:10D9B00070B5CD1C25F0030508350C2D38BF0C259E
:10D9C000002D064601DBA94203D90C233360002059
:10D9D00070BD02F0B5F8214A1468214691B9204C77
:10D9E00023681BB9304600F0D7FD20602946304639
:10D9F00000F0D2FD431C24D10C233360304602F0EA
:10DA0000A0F8E4E70B685B1B18D40B2B0FD90B6055
:10DA1000CD50CC18304602F094F804F10B00231DD1
:10DA200020F00700C31AD3D05A42E250D0E78C420C
:10DA30004B6816BF636013600C46EBE70C46496801
:10DA4000CCE7C41C24F00304A04205D0211A3046C0
:10DA500000F0A2FD0130CFD02560DBE76493002009
:10DA6000689300209368013B002B10B4936008DAA0
:10DA70009469A34201DB0A2903D15DF8044B00F04D
:10DA800003BF1368581C1060197008465DF8044BFA
:10DA90007047F8B506460F461446D518AC4201D17A
:10DAA000002007E03A4614F8011B3046FFF7DAFF82
:10DAB000431CF3D1F8BD00002DE9F04F9DB00C469A
:10DAC00017460393064618B183690BB901F0E8FEC7
:10DAD0007B4B9C4257D17468A38918075DD5236995
:10DAE000002B5AD00023099320238DF829303023AE
:10DAF0008DF82A304FF0010BB846454615F8013B2A
:10DB00000BB1252B54D1B8EB070A0BD053463A463C
:10DB100021463046FFF7BDFF013000F0C280099B6F
:10DB20005344099398F80030002B00F0BA8000238A
:10DB30004FF0FF32CDE90523049307938DF853305E
:10DB40001A93A846052218F8011B5E4801F0A8FFA9
:10DB5000049B78BBD90644BF20228DF853201A07B6
:10DB600044BF2B228DF853202A782A2A2AD0079ADC
:10DB7000A84600200A25414611F8013B303B092BFD
:10DB800069D960B324E0504B9C4201D1B468A3E74B
:10DB90004E4B9C4208BFF4689EE72146304600F099
:10DBA000D3FE00289ED04FF0FF301DB0BDE8F08FAF
:10DBB000A846A2E7434A801A0BFA00F018430490E3
:10DBC0004546BEE7039A111D12680391002A01DB46
:10DBD000079204E0524243F002030792049398F83C
:10DBE00000302E2B0ED198F801302A2B38D1039B10
:10DBF0001A1D1B680392002BB8BF4FF0FF3308F1CA
:10DC000002080593324D98F800100322284601F0CF
:10DC100047FF40B14023401B03FA00F0049B03433D
:10DC200008F10108049398F800102A488DF828108C
:10DC3000062208F1010701F033FF002837D0264BF8
:10DC40001BBB039B073323F0070308330393099B94
:10DC50004B44099350E705FB0232012088468AE7CE
:10DC6000002308F10108059319460A25404610F8DB
:10DC7000012B303A092A03D9002BC3D00591C1E703
:10DC800005FB012101238046F0E703AB0093224608
:10DC9000124B04A9304600F0B7F8B0F1FF3F8146BF
:10DCA000D5D1A3895B063FF57EAF09987DE703AB2D
:10DCB00000932246094B04A9304600F05BFBECE7D9
:10DCC00070380400FA36040090380400503804001C
:10DCD000003704000437040009DE030093DA030070
:10DCE0002DE9FF4755EC104B0D9FDDF830A0002DBE
:10DCF0000E4691461946B8BF22462B4627F020070C
:10DD0000BBBF05F100431D4600232D23B8BF1446B9
:10DD1000462F0B7004D0452F00D10136022100E0C0
:10DD2000032103AB019302AB00933246534645EC0B
:10DD3000104B00F00DFF472F804602D119F0010F64
:10DD400026D0462F08EB060911D198F80030302B69
:10DD50000AD1002200232046294602F0B3FE18B95A
:10DD6000C6F10106CAF80060DAF8003099440022D2
:10DD700000232046294602F0A5FE38B93022039B35
:10DD80004B4505D2591C03911A70F8E7CDF80C9059
:10DD9000039B0E9AA3EB08034046136004B0BDE852
:10DDA000F087F7B500290446BABF49422D232B233B
:10DDB000092904F8022B437020DD0DF107031F46EB
:10DDC0000A2691FBF6F506FB15113031092D03F8F3
:10DDD000011C03F1FF32294609DC3031023B02F815
:10DDE000011CBB42224604D3101A03B0F0BD1346F7
:10DDF000E7E713F8012B04F8012BF2E7302319446D
:10DE00008370021DC170EFE72DE9F04F8DB00C4615
:10DE1000DDF8588016461F46054601F0CBFD036825
:10DE20000493184600F05CFC00230A93D8F80030F5
:10DE30000590073323F0070303F1080294F818A0B4
:10DE4000D4F800B0C8F80020D3E90023C4E91223B5
:10DE5000D4E9128929F000430793CDF818804FF0D8
:10DE6000FF32A74BDDE9060102F05EFE70BB4FF00A
:10DE7000FF32A34BDDE9060102F038FE30BB002281
:10DE800000234046494602F027FE10B12D2384F8B6
:10DE900043309C4A9C4BBAF1470F8CBF9046984642
:10DEA00003232BF00402236122604FF00009009746
:10DEB00033460BAA2146284600F0E6F9013040F02F
:10DEC0008D804FF0FF300DB0BDE8F08F42464B46DD
:10DED0004046494602F028FE10B18C4A8C4BDAE7E6
:10DEE00061684B1C4BF480620AA83ED10623636034
:10DEF0000023CDE9020309AB009349EC108B0DF12F
:10DF000023032260CDF804A061682846FFF7E8FEED
:10DF10000AF0DF03472B804609D1099BD81C02DB9E
:10DF20006268934247DDAAF1020A5FFA8AFABAF1FF
:10DF3000650F099924D80139524604F1500009911E
:10DF4000FFF72FFF0A9A1318012A8146236102DC8A
:10DF50002268D10701D5013323619DF82330002BBE
:10DF6000A5D02D2384F84330A1E7BAF1670F00F064
:10DF70007781BAF1470FBBD10029B9D10123B6E7A8
:10DF8000BAF1660F19D1002963680CDD216113B95C
:10DF90002268D20702D501330B442361099BA36594
:10DFA0004FF00009D9E713B92268D00701D5023331
:10DFB000F3E70123F1E74FF0670ADDE90932934205
:10DFC00005DB22682361D107E8D50133E5E7002BA3
:10DFD000D4BFC3F1020301231344DEE723685A05CB
:10DFE00007D42369424631462846B84701302BD131
:10DFF00067E7BAF1650F40F2DC8000220023D4E924
:10E00000120102F05FFD002833D00123414A31465E
:10E010002846B84701303FF454AFDDE909239A425E
:10E0200002DB2368D8070FD5DDE9042331462846F3
:10E03000B84701303FF445AF4FF0000804F11A092A
:10E040000A9B013B434509DC23689B0700F10381E0
:10E05000E0680B9B9842B8BF184634E701234A4654
:10E0600031462846B84701303FF42BAF08F101088C
:10E07000E6E7099B002B2BDC0123264A3146284684
:10E08000B84701303FF41DAF099B23B90A9B13B970
:10E090002368D907D8D5DDE9042331462846B84797
:10E0A00001303FF40EAF4FF0000904F11A0A099B4A
:10E0B0005B424B4501DC0A9B94E701235246314603
:10E0C0002846B84701303FF4FCAE09F10109EEE7FC
:10E0D0000A9AA36D9A42A8BF1A46002A914607DD04
:10E0E0001346314642462846B84701303FF4E9AE70
:10E0F00004F11A034FF0000B29EAE979069315E0C1
:10E10000FFFFEF7F0F3704000B37040017370400C1
:10E11000133704001B3704000123069A31462846B2
:10E12000B84701303FF4CDAE0BF1010BD4F858A045
:10E13000AAEB09035B45EFDCDDE909239A42D044F1
:10E1400015DB2368DA0712D40A9B0999A3EB0A02AC
:10E15000A3EB010A9245A8BF9246BAF1000F0EDC6C
:10E160004FF000082AEAEA7A04F11A0919E0DDE919
:10E17000042331462846B8470130E5D1A1E653468D
:10E18000424631462846B8470130E9D199E6012395
:10E190004A4631462846B84701303FF492AE08F16E
:10E1A0000108DDE909239B1AA3EB0A034345EEDCD2
:10E1B0004AE70A9A012A01DCDB073AD501234246E5
:10E1C00031462846B84701303FF47BAEDDE90423F1
:10E1D00031462846B847013008F101083FF471AED6
:10E1E0000A9B002203F1FF3AD4E91201002302F056
:10E1F00069FCC8B95346424631462846B847013003
:10E200000ED15EE60123524631462846B84701301A
:10E210003FF457AE08F101080A9B013B4345F1DC8E
:10E220004B4604F15002DEE64FF0000804F11A0AF2
:10E23000F2E70123DFE701234A4631462846B84783
:10E2400001303FF43EAE08F10108E3680B9A9B1AD7
:10E250004345F0DCFCE64FF0000804F11909F4E74F
:10E2600000293FF48BAE0023CDE9020309AB0093F4
:10E2700049EC108B2260CDF804A00DF12303284651
:10E28000FFF72EFD804648E62DE9F04791461F46F0
:10E290008A680B69DDF820809342B8BF1346C9F83D
:10E2A000003091F8432006460C4612B10133C9F8FC
:10E2B00000302368990642BFD9F800300233C9F80C
:10E2C0000030256815F0060507D104F1190AE36846
:10E2D000D9F800209B1AAB4228DC94F8433022681E
:10E2E000003318BF012392062DD404F143023946AE
:10E2F0003046C047013020D02368E568D9F80020B7
:10E3000003F00603042B08BFAD1AA36822690CBFF3
:10E3100025EAE57500259342C4BF9B1AED184FF01E
:10E3200000091A344D451AD1002008E00123524655
:10E3300039463046C047013003D14FF0FF30BDE8C9
:10E34000F0870135C3E7E1185A1C302081F84300FB
:10E35000224494F8451082F843100233C5E70123A4
:10E36000224639463046C0470130E6D009F101095E
:10E37000D8E700002DE9F04301F1430C0C46097E7B
:10E3800085B06E291746064698460C9A00F0B38071
:10E3900022D8632936D00AD8002900F0B98058293C
:10E3A00000F0838004F1420584F8421032E06429D1
:10E3B00001D06929F6D120681368050603F104012C
:10E3C0002AD51B681160002B03DA2D225B4284F8EA
:10E3D00043206F480A2239E0732900F09D8008D855
:10E3E0006F2920D07029DDD1236843F020032360FA
:10E3F00003E0752917D07829D4D1782384F84530E3
:10E40000644855E01368191D1B68116004F142054A
:10E4100084F8423001238CE01B68116010F0400F3B
:10E4200018BF1BB2CFE713682568181D10602806B7
:10E4300001D51B6802E06806FBD51B8854486F298C
:10E4400014BF0A220822002184F843106568A560E1
:10E45000002DC0F29580216821F004012160002B7D
:10E460003DD1002D40F08E806546082A0BD12368EF
:10E47000DB0708D5236962689A42DEBF302305F8BE
:10E48000013C05F1FF35ACEB05032361CDF80080BD
:10E490003B4603AA21463046FFF7F6FE01304DD138
:10E4A0004FF0FF3005B0BDE8F083394884F84510DF
:10E4B000136821681D1D1B6815600A060BD5CA0765
:10E4C00044BF41F0200121601BB9226822F02002E4
:10E4D00022601022B7E74D0648BF9BB2EFE76546C2
:10E4E000B3FBF2F102FB1133C35C05F8013D0B46AF
:10E4F0000029F5D1B9E7136825686169181D106016
:10E5000028061B6801D5196002E06A06FBD5198050
:10E51000002323616546B9E71368191D11601D6862
:10E5200062680021284601F0BBFA08B1401B606018
:10E5300063682361002384F84330A7E723692A46F0
:10E5400039463046C0470130AAD023689B0713D410
:10E55000E068039B9842B8BF1846A3E701234A46E8
:10E5600039463046C04701309AD00135E368039AF6
:10E570009B1AAB42F2DCEBE7002504F11909F5E741
:10E58000002BACD1037884F8423004F142056CE7EB
:10E590001D3704002E37040038B5064C002305460D
:10E5A00008462360F9F772FC431C02D1236803B1CB
:10E5B0002B6038BD109600200CB430B5174B0C1EE4
:10E5C0009DB01D6808DA8B232B604FF0FF301DB023
:10E5D000BDE8304002B070474FF40273ADF814301C
:10E5E00014BF04F1FF332346049307934FF6FF73E0
:10E5F00002900690ADF81630209A21AB02A9284669
:10E60000019301F009FE431CBCBF8B232B60002C3F
:10E61000DDD0029B00221A70D9E700BF7061002094
:10E620000EB400B59CB01DAB029006906FF0004197
:10E63000094807910491094953F8042B0591006892
:10E64000019302A901F0E8FD029B00221A701CB0A0
:10E650005DF804EB03B07047706100200802FFFF13
:10E6600010B503461A785C1C3AB9013B11F8012B2E
:10E6700003F8012F002AF9D110BD2346F2E7C9B2F1
:10E68000034610F8012B1AB18A42F9D11846704797
:10E69000002918BF0023F9E710F8012B11F8013BFE
:10E6A000012A28BF9A42F7D0D01A7047034611F8C2
:10E6B000012B03F8012B002AF9D1704770B50346EE
:10E6C0001A4612F8015B4DB14C1E01E0AE4205D076
:10E6D00014F8016F002EF9D11346F1E7181A70BD36
:10E6E000034613F8012B002AFBD1181A0138704792
:10E6F00070B50139044602B970BD234611F8015FB7
:10E7000003F8015B561E2DB91444A342F4D003F85C
:10E71000015BFAE71C463246EDE738B503460D4685
:10E7200069B9BDE83840FFF7AABF431C0446294633
:10E730001846FFF7A4FF0028F7D1204638BD002473
:10E74000F5E770B503461A4612F8015B3DB14C1E61
:10E7500001E0AE4205D014F8016F002EF9D1181A6D
:10E7600070BD1346EFE72DE9F04780468946924693
:10E770001E460F463D46089815F8014BFFF768F80E
:10E780002044437813F0080330D12D2C30D17C780D
:10E79000BD1C0121002E5CD0102E09D1302C07D1D8
:10E7A0002B7803F0DF03582B4ED16C7810260235FE
:10E7B0004FF0FF320023B2FBF6F206FB02FC6FEAD9
:10E7C0000C0C1846A4F13007092F17D83C46A64276
:10E7D00023DD002B1EDB82421CD301D1A44519DBB3
:10E7E00000FB0640012315F8014BEBE72F46C1E77C
:10E7F0002B2C04BFBD1C7C781946CBE7A4F1410744
:10E80000192F01D8373CE2E7A4F16107192F04D88A
:10E81000573CDCE74FF0FF33E5E7002B09DA222312
:10E82000C8F800304FF0FF30BAF1000F07D1BDE853
:10E83000F08701B14042BAF1000FF8D00BB105F1F9
:10E84000FF39CAF80090F2E73024002EB0D1082634
:10E85000AEE7302CA4D00A26AAE70000084B37B553
:10E860001C68084D236A002B08BF2B4600931346F3
:10E870000A4601462046FFF776FF03B030BD00BFD1
:10E8800070610020D4610020F8B50E46144605469C
:10E8900018B183690BB901F003F8214B9C422AD1CE
:10E8A0006C68A369A360A3891A072ED5236963B393
:10E8B00023692068C01A6369F6B28342374604DCD4
:10E8C0002146284600F082FF28BBA368013BA360D5
:10E8D00023685A1C22601E7063690130834204D091
:10E8E000A389DB0719D50A2E17D12146284600F047
:10E8F0006DFF90B10FE00B4B9C4201D1AC68D0E7AB
:10E90000094B9C4208BFEC68CBE72146284600F043
:10E910001BF80028CCD04FF0FF373846F8BD00BFB9
:10E9200070380400903804005038040049B1FF2AC0
:10E9300085BF8A2303600A704FF0FF3098BF012023
:10E940007047084670470000324B70B51D68064698
:10E950000C4625B1AB6913B9284600F0A1FF2E4B38
:10E960009C420FD16C68B4F90C309AB215072CD4C4
:10E97000D00611D40922326043F04003A3814FF046
:10E98000FF303EE0254B9C4201D1AC68EBE7244BC5
:10E990009C4208BFEC68E6E7510712D5616B41B1B4
:10E9A00004F14403994202D03046FEF7B3FF00233E
:10E9B0006363A38923F02403A38100236360236995
:10E9C0002360A38943F00803A38123694BB9A3897A
:10E9D00003F42073B3F5007F03D02146304601F0E5
:10E9E0001BF8A28912F001030CD00023A360636915
:10E9F0005B42A361236953B9B4F90C3013F0800072
:10EA0000BAD170BD920758BF6369A360F2E70020D6
:10EA1000F7E700BF706100207038040090380400F0
:10EA20005038040008B5062001F014FD012002F062
:10EA3000F1F82DE9F74F03690C69A3428046C0F253
:10EA40008280013C01F114074FEA840C00F11406A6
:10EA500057F8245056F8240006EB0C03013507EB59
:10EA60000C090193B0FBF5F595B34FF0000A384659
:10EA7000B646D34650F8042B93B205FB03A34FEAE6
:10EA8000134A9BB2ABEB0303120CDEF800B005FB9C
:10EA900002A213FA8BF34FEA124A1FFA82FBDEF846
:10EAA0000020CBEB124202EB23429BB243EA02432B
:10EAB00081454FEA224B4EF8043BDBD256F80C302E
:10EAC00033B9019B043B9E421A4630D3C8F810402C
:10EAD000404601F04DFA002825DB013530464FF065
:10EAE000000C57F8042BD0F800E093B2ACEB030312
:10EAF000120C13FA8EF3C2EB1E4202EB23429BB2BE
:10EB000043EA0243B9454FEA224C40F8043BE8D2BD
:10EB100056F8242006EB84032AB9043B9E421A4689
:10EB20000BD3C8F81040284603B0BDE8F08F126838
:10EB3000043B002ACAD1013CC5E71268043B002A05
:10EB4000EFD1013CEAE70020EEE700000000000002
:10EB50002DE9F04F57EC106B97B0456A06910446CB
:10EB60000B921293DDF88080CDE900673DB910204B
:10EB7000F6F726FE6062C0E901550560C560636A6C
:10EB8000196851B15A684A60012393408B6020464E
:10EB900001F00CF8636A00221A603B1EBBBF23F031
:10EBA0000043019300230122ACBFC8F80030C8F82D
:10EBB0000020AF4BDDF8048033EA080314D1129A29
:10EBC00042F20F731360009B23B9C8F313000028AF
:10EBD00000F04285219BDFF8ACB2002B00F04485A9
:10EBE0000BF1030300F03EBDDDE9006700220023C6
:10EBF0003046394601F066FF814668B1129A01231A
:10EC00001360219B002B00F024859A4B219A03F17D
:10EC1000FF3B136000F028BD14AA15A947EC106B48
:10EC2000204601F01CFAC8F30A550490002D7CD050
:10EC3000C7F3130343F07F5BB2464BF4401BA5F2CE
:10EC4000FF35CDF84C9000228B4B50465946FEF7CD
:10EC500037FA81A3D3E9002301F0CCFC80A3D3E9E8
:10EC60000023FEF72FFA064628460F46FEF776FBEE
:10EC70007DA3D3E9002301F0BDFC02460B463046DC
:10EC80003946FEF71FFA06460F4601F063FF0022E1
:10EC9000824600233046394601F01EFF48B15046F7
:10ECA000FEF75CFB32463B4601F00CFF08B90AF167
:10ECB000FF3ABAF1160F59D8704901EBCA01DDE9E4
:10ECC0000023D1E9000101F025FF002850D00AF10E
:10ECD000FF3A00230F93149B5D1BB5F1010849BF58
:10ECE000C5F10103002305934FF0000858BF0593B9
:10ECF000BAF1000F3EDB0023D044CDF838A00793D3
:10ED0000069B092B00F29080052BC4BF043B0693A1
:10ED1000069BA3F10203CCBF00250125032B00F2C3
:10ED20008F80DFE803F07D7F3171DDE914531D44EE
:10ED300005F23240202813DDC0F14000009B08FAA4
:10ED400000F805F2124023FA00F048EA0000FEF74E
:10ED5000F5FA01238246A1F1F87B013D139372E796
:10ED6000009BC0F1200003FA00F0F0E70123B1E7B7
:10ED70000F90B0E7059BA3EB0A030593CAF10003CC
:10ED8000079300230E93BBE701230A930B9B002BF1
:10ED900059DD02939946666A00227260042202F1EC
:10EDA00014009842716853D9204600F0CBFE636A84
:10EDB0003060B9F10E0FD3F800B000F2E680002DFC
:10EDC00000F0E3809DED007BBAF1000F8DED107B2C
:10EDD00074DD2A4A0AF00F0302EBC30393ED007BB4
:10EDE0004FEA2A16F0068DED087B65D5244BDDE948
:10EDF0001001D3E9082301F027FDCDE9000106F059
:10EE00000F0603251E4F4CE001230A930B9B53442E
:10EE100003F1010902934B46012BB8BF0123BAE766
:10EE20000023B2E70023F0E70125002306930A95AB
:10EE30004FF0FF3302939946002212230B92AAE768
:10EE400001230A93F4E70123029399461A46F5E752
:10EE5000013171605200A2E761436F63A787D23F1F
:10EE6000B3C8608B288AC63FFB799F501344D33FB9
:10EE70000000F07F1C3704000000F83FD838040081
:10EE8000B038040049380400F10708D5DDE908016D
:10EE9000D7E9002301F0AEFBCDE90801013576107A
:10EEA0000837002EF0D1DDE90823DDE9000101F08B
:10EEB000CBFCCDE900011AE00225A3E700F0A08019
:10EEC000CAF100069F4BA04F06F00F0203EBC203EE
:10EED000D3E90023DDE9100101F08CFBCDE900014D
:10EEE000361100230225002E7FD1002BE1D10F9B8C
:10EEF000002B00F08780DDE900670022934B30464D
:10EF0000394601F0E9FD00287CD0B9F1000F79D035
:10EF1000029B002B35DD0AF1FF33089339460022AE
:10EF20008B4B304601F066FBCDE90001029F0135B5
:10EF30002846FEF713FADDE9002301F05BFB00220F
:10EF4000844BFEF7BFF80546A1F15076002F5DD146
:10EF50000022814BDDE90001FEF7B2F82A46334674
:10EF6000CDE9000101F0D6FD002840F088822A4654
:10EF700006F10043DDE9000101F0AEFD002840F09C
:10EF80007C82DDE91023CDE90023159B002BC0F224
:10EF90005081BAF10E0F00F34C816A4B03EBCA03A8
:10EFA00093ED007B0B9B002B8DED027B80F2D880D4
:10EFB000B9F1000F00F3D48040F05E820022664B6E
:10EFC00051EC170B01F016FBDDE9002301F098FD71
:10EFD0004F464E46002840F0348231230BF10105A4
:10EFE0008BF800300AF1010A2FE2F20705D5D7E9C4
:10EFF000002301F0FFFA013501237610083772E78C
:10F00000022574E7CDF820A04F4691E74D4B03EB66
:10F01000C70353E902010A9B002B47D002460B4667
:10F0200000204E4901F010FC2A463346FEF748F80E
:10F03000CDE90C015D46DDE9000101F08BFD0646DE
:10F04000FEF78CF902460B46DDE90001FEF738F8C1
:10F05000303605F8016BDDE90C23CDE9000101F044
:10F060003BFD002863D1DDE9002300203749FEF78E
:10F0700027F8DDE90C2301F02FFD002840F0B780D0
:10F08000A5EB0B039F427FF77CAF0022304BDDE9FD
:10F090000C0101F0AFFA0022CDE90C012C4BDDE9A7
:10F0A000000101F0A7FACDE90001C4E72A46334682
:10F0B00001F0A0FACDE90C010BEB07055E46DDE996
:10F0C000000101F047FD0746FEF748F930370246D8
:10F0D0000B46DDE90001FDF7F3FF06F8017BAE42C8
:10F0E000CDE900014FF0000226D11C4BDDE90C01F7
:10F0F000FDF7E8FF02460B46DDE9000101F00AFDDD
:10F10000002874D1DDE90C2300201449FDF7D8FF55
:10F1100002460B46DDE9000101F0DEFC00283FF469
:10F1200030AF15F8013C302B05F1FF3202D0DDF88D
:10F1300020A04AE01546F4E7054B01F05BFACDE963
:10F140000001BCE7D8380400B03804000000F03FEC
:10F150000000244000001C40000014400000E03F7C
:10F16000DDE900675D46DDE902233046394601F0FE
:10F170006BFB01F0EFFC8046FEF7F0F8DDE90223BF
:10F1800001F038FA02460B463046394608F130069F
:10F19000FDF796FF05F8016BA5EB0B06B14502469E
:10F1A0000B4639D1FDF78EFFDDE9022306460F46F7
:10F1B00001F0B0FCC8B9DDE902233046394601F060
:10F1C00081FC10B118F0010F0FD10499204600F016
:10F1D000EDFC0023129A2B700AF101031360219BAE
:10F1E000002B00F041821D603EE2CDF820A015F812
:10F1F000012C392A05F1FF3308D19B450AD1089B20
:10F200000133089330238BF800305B461A780132C3
:10F210001A708CE71D46EAE700229B4B01F0EAF9E1
:10F220000022002306460F4601F04CFC00289AD02D
:10F23000CBE70A9A002A00F08B80069A012A6EDC3E
:10F24000139A002A67D003F23343079F059D059A5E
:10F2500001211A4420460592984400F047FD0646D5
:10F26000002D0CDDB8F1000F09DD4545059A2B4650
:10F27000A8BF4346D21A0592ED1AA8EB0308079BD4
:10F28000EBB10A9B002B67D08FB131463A4620463E
:10F2900000F0CCFD049A01460646204600F02FFD02
:10F2A00004990890204600F081FC089B0493079B7A
:10F2B000DA1B04D00499204600F0B8FD0490012127
:10F2C000204600F013FD0E9B0746002B00F0D08176
:10F2D0001A460146204600F0A9FD069B012B074671
:10F2E00040DC009B002B39D1019BC3F31303002B9F
:10F2F00036D1019B23F000431B0D1B052BB1059B51
:10F300000133059308F10108012307930E9B002B9D
:10F310002AD1012030E0149BC3F1360395E7079B07
:10F3200009F1FF37BB42BFBF079B0797FA1A0E9B35
:10F33000BBBF9B180E93DF1B0027B9F1000FB5BFB1
:10F34000059B059DA3EB09054B46B8BF00237EE74F
:10F35000079F059D0A9E83E7079AABE70023D4E742
:10F36000009BD2E7002307933B6907EB83031869EF
:10F3700000F06EFCC0F12000404410F01F0047D0A8
:10F38000C0F12003042B3BDD059BC0F11C000344AE
:10F39000059305448044059B002B05DD1A4604991E
:10F3A000204600F091FD0490B8F1000F05DD3946CC
:10F3B0004246204600F088FD07460F9B53B339466E
:10F3C000049800F0D5FD002824DA00230A220499CD
:10F3D000204600F002FC0A9B04900AF1FF3A002B41
:10F3E00000F04D81002331460A22204600F0F5FB53
:10F3F000029B002B06464FDC069B022B4CDD11E0E6
:10F40000C9D0059A1C331A4405921D449844C2E79A
:10F410000346F6E7B9F1000F38DC069B022B35DD19
:10F42000CDF80890029B63B939460522204600F0CA
:10F43000D4FB01460746049800F09AFD00283FF7E8
:10F44000CCAD0B9B5D466FEA030A4FF000093946CD
:10F45000204600F0ABFB002E3FF4B7AEB9F1000F31
:10F4600005D0B14503D04946204600F09FFB314608
:10F47000204600F09BFBA8E600273E46E1E7DDF8CA
:10F4800020A03E46A9E500BF000024400A9BCDF81D
:10F490000890002B00F0FA80002D05DD31462A4649
:10F4A000204600F011FD0646079B002B4CD07168EA
:10F4B000204600F047FB326902320546920006F111
:10F4C0000C010C30FEF7F9F901222946204600F024
:10F4D000FBFC009BCDF814B003F00103B146079389
:10F4E000064639460498FFF7A4FA4946054600F156
:10F4F0003008049800F03CFD324600903946204622
:10F5000000F050FDC368024603BB01460890049812
:10F5100000F02EFD089A034611462046089300F09D
:10F5200045FB089BA3B9069A92B9079A82B9B8F12C
:10F53000390F29D0009B002B01DD05F13108059B17
:10F540005D1C83F8008082E73046C2E70123E3E7D1
:10F55000009A002A04DB25D1069A1ABB079A0ABB37
:10F56000002BECDD01220499204600F0ADFC394669
:10F57000049000F0FDFC002803DCE0D118F0010F3E
:10F58000DDD0B8F1390FD8D1059B059A5D1C392320
:10F59000137015F8013C392B05F1FF324FD00133C0
:10F5A000137054E7059A002B02F1010506DDB8F14E
:10F5B000390FE9D008F10108059BC2E7029A05F866
:10F5C000018CA5EB0B03934221D000230A2204995E
:10F5D000204600F002FBB14504904FF000034FF0CD
:10F5E0000A024946204605D100F0F7FA8146064650
:10F5F000059576E700F0F1FA3146814600230A22AC
:10F60000204600F0EAFA0646F2E74FF00009012230
:10F610000499204600F058FC3946049000F0A8FCFC
:10F620000028B6DC02D118F0010FB2D115F8013C68
:10F63000302B05F1FF327FF40AAF1546F6E793450C
:10F6400005D131230AF1010A8BF80030FFE6154697
:10F650009FE7DFF864B007E0219BDFF860B01BB1E3
:10F660000BF10803219A1360584617B0BDE8F08FDC
:10F67000069B012B7FF735AE0E9B079349E6029B55
:10F68000002B03DC069B022B3FF7CCAE5D463946D0
:10F690000498FFF7CEF900F1300805F8018B029AC3
:10F6A000A5EB0B039A42B0DD00230A220499204601
:10F6B00000F093FA0490EAE71B3704004038040096
:10F6C0008A892DE9F041054610070C4658D44B684D
:10F6D000002B05DC0B6C002B02DC0020BDE8F08168
:10F6E000E66A002EF9D0002312F480522F68216AB6
:10F6F0002B6032D0606DA3895A0705D56368C01AA4
:10F70000636B0BB1236CC01A00230246E66A216AC0
:10F710002846B047431CA38906D129681D2948D82B
:10F72000294ACA40D60744D500226260D90422691A
:10F73000226004D5421C01D12B6803B96065616B5E
:10F740002F600029C9D004F14403994202D0284611
:10F75000FEF7E0F800206063C0E701232846B047C9
:10F76000411CC8D12B68002BC5D01D2B01D0162BF6
:10F7700001D12F60B1E7A38943F04003A381ADE736
:10F780000F69002FA9D093070E6808BF4B690F605F
:10F7900018BF0023A6EB07088B60B8F1000F9CDDB3
:10F7A00043463A46216AA66A2846B047002806DC46
:10F7B000A38943F04003A3814FF0FF308EE7074455
:10F7C000A8EB0008E9E700BF0100402038B50B694D
:10F7D00005460C46DBB118B183690BB900F060F83F
:10F7E0000C4B9C4209D16C68B4F90C307BB12146BA
:10F7F0002846BDE83840FFF763BF074B9C4201D164
:10F80000AC68F1E7054B9C4208BFEC68ECE70020D0
:10F8100038BD00BF70380400903804005038040030
:10F82000002310B50446C0E900338360818143663C
:10F83000C281C0E904338361194608225C30FEF7B7
:10F8400060F8054B6362054BA362054BE362054B11
:10F850002462236310BD00BF8D040400AF040400C4
:10F86000E70404000B050400014900F085B800BF5F
:10F87000CDF7030070B54A1E682555430E4605F1C5
:10F880007401FEF795F8044640B10021C0E9001666
:10F890000C30A06005F16802FEF733F8204670BD19
:10F8A000836910B5044633BBC0E912330365124BBC
:10F8B000124A1B688262984204BF0123836100F0F0
:10F8C0001FF86060204600F01BF8A060204600F0A2
:10F8D00017F80022E06004216068FFF7A1FF012211
:10F8E0000921A068FFF79CFF02221221E068FFF7C0
:10F8F00097FF0123A36110BDEC36040069F80300F3
:10F90000F8B51B4B1E68B369074613B93046FFF7BD
:10F91000C7FF4836D6E90134013B03D5336833B11C
:10F920003668F7E7B4F90C506DB16834F4E7042198
:10F930003846FFF79FFF30600028F1D10C233B6071
:10F9400004462046F8BD0B4B6566C4E90055A5602A
:10F95000C4E90335C4E905550822294604F15C00D1
:10F96000FDF7CFFFC4E90D55C4E91255E9E700BF23
:10F97000EC3604000100FFFF2DE9F843804689467C
:10F9800000F14804002614B93046BDE8F883D4E9F4
:10F990000175013F01D52468F5E7AB89012B07D933
:10F9A000B5F90E30013303D029464046C847064317
:10F9B0006835EEE7044B1B68186A044B002808BF43
:10F9C0001846F030704700BF70610020D4610020FD
:10F9D00070B50E46B1F90E10002996B014461D46BA
:10F9E00007DA00232B60B3891A0610D44FF4806322
:10F9F0000EE06A4600F0B0FD0028F2DB019A02F446
:10FA00007042A2F500535A425A412A60EEE7402361
:10FA10000020236016B070BD8B8973B59D07064624
:10FA20000C4607D504F1470323602361012363617A
:10FA300002B070BD01AB6A46FFF7CAFF00990546E8
:10FA40003046FDF7B5FF48B9B4F90C309A05EFD44C
:10FA500023F0030343F00203A381E3E70D4BB362FA
:10FA6000A389206043F08003A381009B6361019B15
:10FA700020615BB1B4F90E10304600F07FFD28B173
:10FA8000A38923F0030343F00103A381A3891D434A
:10FA9000A581CDE769F80300000000000000000028
:10FAA00001F0FF01102A2BDB10F0070F08D010F82F
:10FAB000013B013A8B422DD010F0070F42B3F6D133
:10FAC000F0B441EA012141EA014122F007047FF04C
:10FAD00000070023F0E80256083C85EA010586EAA3
:10FAE000010685FA47F5A3FA87F586FA47F6A5FADF
:10FAF00087F68EB9EED1F0BC01F0FF0102F00702EB
:10FB000032B110F8013B013A83EA010313B1F8D195
:10FB10000020704701387047002D06BF3546033876
:10FB2000073815F0010F07D1013015F4807F02BFAF
:10FB3000013015F4C03F0130F0BC0138704700BF00
:10FB40007047704770B5456A04460E463DB91020AF
:10FB5000F5F736FE6062C0E901550560C560656A6B
:10FB6000EB6883B1636ADB6853F82600B8B90121FA
:10FB700001FA06F56A1D9200204600F0BFFA60B156
:10FB8000C0E901650EE021220421204600F0B6FA0A
:10FB9000636AE860DB68002BE4D1002070BD026876
:10FBA00043F826200023C0E90333F7E770B5446A21
:10FBB00006460D463CB91020F5F702FE7062C0E91A
:10FBC00001440460C4603DB1736A6A68DB6853F83D
:10FBD0002210296043F8225070BD2DE9F0410D69D3
:10FBE0001F4606460C4601F1140C0023DCF8000009
:10FBF00081B202FB01710F0C000C02FB007089B294
:10FC0000013301EB00419D424FEA10474CF8041BC1
:10FC1000ECDCD7B1A368AB4212DC6168304601313D
:10FC2000FFF790FF2269023204F10C018046920036
:10FC30000C30FDF742FE21463046FFF7B7FF444641
:10FC400004EB850301355F6125612046BDE8F08145
:10FC5000020C12040346B2B90304102013F07F4FC4
:10FC600004BF1B02083013F0704F04BF1B010430A7
:10FC700013F0404F04BF9B000230002B06DB5B00FB
:10FC800003D5013070470020E8E720207047036863
:10FC900013F0070201460BD0DA0723D4980749BFB7
:10FCA0005B089B0801200B605CBF0B600220704763
:10FCB00098B2A8B91B0C102013F0FF0F04BF1B0A49
:10FCC00008301A0704BF1B0904309A0704BF9B08B9
:10FCD0000230DA0702D45B0806D001300B607047AF
:10FCE0001046E9E7002070472020704710B50C4609
:10FCF0000121FFF727FF01224461026110BD2DE9B8
:10FD0000F74F14460A6923699A42B8BF0B468846E2
:10FD1000BCBFA0461C46D8F81070D4F81090D8F894
:10FD20000830D8F8041007EB0906B342B8BF013118
:10FD3000FFF708FF00F1140505EB860E2B460022A5
:10FD4000734516D304F1140208F1140102EB890380
:10FD500001EB87070093009B019293420CD8002E81
:10FD600003DD5EF8043D002B5DD0066103B0BDE805
:10FD7000F08F43F8042BE3E7B2F800B0BBF1000FBB
:10FD800023D08946AC464FF0000859F8044BDCF804
:10FD900000A0A3B21FFA8AFA0BFB03A34FEA144A8E
:10FDA000DCF8004043444FEA14480BFB0A8404EBA0
:10FDB0001344E2469BB243EA04434F454FEA1448DA
:10FDC0004AF8043B2BD8CCF80480019BB3F802A07E
:10FDD0000432BAF1000F20D02B688946A8464FF0B4
:10FDE000000BB9F800C0B8F802400AFB0C445C44B0
:10FDF000C4469BB243EA04434CF8043B59F8043B25
:10FE0000B8F804B01B0C0AFB03B303EB14434F45D3
:10FE10004FEA134B05D8C8F8043004359BE7D446A5
:10FE2000B3E7E046DDE7013E99E700002DE9F8433E
:10FE3000154612F0030206460F4607D0013A214C40
:10FE4000002354F82220FFF7C8FE0746AD1035D036
:10FE5000746A3CB91020F5F7B3FC7062C0E9014444
:10FE60000460C460D6F82480D8F808404CB940F249
:10FE700071213046FFF73AFF0023C8F80800044616
:10FE800003604FF00008EB070AD53946224630469A
:10FE9000FFF735FF394681463046FFF787FE4F466C
:10FEA0006D100BD0206838B9224621463046FFF746
:10FEB00026FF2060C0F800800446E4E73846BDE82D
:10FEC000F88300BFA03904002DE9F0470C464FEA43
:10FED000621A236949680AEB0309A36807461646B4
:10FEE00009F10105AB4232DB3846FFF72BFE002358
:10FEF000804600F114011A4653452BDB20692AEA9B
:10FF0000EA7A04F1140316F01F0201EB8A0103EBF5
:10FF1000800C25D0C2F1200E00201E688A46964033
:10FF200030434AF8040B53F8040B9C4520FA0EF0BA
:10FF300014D8486008B109F10205013D3846C8F8F7
:10FF400010502146FFF732FE4046BDE8F0870131F0
:10FF50005B00C7E741F823200133CDE75146DCE7DA
:10FF6000043953F8042B41F8042F9C45F9D8E4E7F1
:10FF700003690A699B1A30B50CD192001430143110
:10FF80008418114454F8045D51F8042D954203D0AF
:10FF900005D30123184630BDA042F3D3FAE74FF052
:10FFA000FF33F7E72DE9F0470D460746114628468F
:10FFB0001446FFF7DDFF061E08D131463846FFF72D
:10FFC000C1FD0123C0E90436BDE8F087A4BF234684
:10FFD0002C4638466168A6BF1D4600260126FFF75D
:10FFE000B1FD2B69C660266905F1140904F11402FC
:10FFF00002EB860709EB830800F114054FF0000EB1
:020000024000BC
:1000000052F804AB59F8044B1EFA8AF1A3B2C91A8C
:10001000230CC3EB1A4303EB214389B24FEA234E6F
:10002000C84541EA0343944645F8043BE8D8BC453B
:1000300004D355F8043D83B10661C5E75CF8041BA1
:100040001EFA81F31A1402EB11429BB243EA0243F7
:100050004FEA224E45F8043BE9E7013EE9E72DE986
:10006000F7430E46012159EC108B1546FFF76AFD48
:10007000C9F30A540746C9F3130334BB0193B8F11B
:10008000000327D002A840F8083DFFF700FE0099C2
:10009000F0B1019AC0F1200302FA03F30B43C2400E
:1000A0007B610192019BBB61002B14BF02210121E6
:1000B0003961C4B1A4F2334404443460C0F1350062
:1000C0002860384603B0BDE8F08343F48013D5E7D9
:1000D0007961E7E701A8FFF7DAFD019B7B61012168
:1000E00039612030E5E707EB8103A0F23240306050
:1000F0001869FFF7ADFDC0EB4110E1E738B502FB31
:1001000001F42146FDF754FC054618B122460021B2
:10011000FDF7F7FB284638BDF8B5074614460E46EE
:1001200021B91146BDE8F840FDF742BC22B9FDF700
:10013000F1FB25462846F8BD00F042FAA0420FD256
:1001400021463846FDF734FC05460028F2D03146FA
:100150002246FDF7B2FB31463846FDF7DBFBE9E707
:100160003546E7E72DE9F0478E689E4282460C4609
:100170009046994637D88A8912F4906F31D0256815
:1001800009696F1A6569022305EB450595FBF3F5CF
:1001900009F101033B449D4238BF1D46530530D54C
:1001A0002946FDF705FC064650B90C23CAF8003075
:1001B000A38943F04003A3814FF0FF30BDE8F087EF
:1001C0003A462169FDF779FBA38923F4906343F054
:1001D0008003A381266165613E44ED1B2660A56016
:1001E0004E464E4500D94E46324641462068FDF700
:1001F0006FFBA3689B1BA36023681E44266000203E
:10020000DCE72A46FFF788FF06460028E2D121698D
:100210005046FDF77FFBC8E72DE9F04F9DB08046C3
:1002200003938B891D060C4616460FD50B696BB9D7
:100230004021FDF7BDFB2060206128B90C23C8F8E0
:1002400000304FF0FF30C7E0402363610023099383
:1002500020238DF8293030238DF82A304FF0010B00
:1002600037463D4615F8013B0BB1252B3ED1B7EB88
:10027000060A0BD05346324621464046FFF772FF2E
:10028000013000F0A480099B534409933B78002B74
:1002900000F09D8000234FF0FF32CDE90523049349
:1002A00007938DF853301A932F46052217F8011B38
:1002B0004F48FFF7F5FB049BD0B9D90644BF202275
:1002C0008DF853201A0744BF2B228DF853202A782B
:1002D0002A2A15D0079A2F4600200A25394611F8F8
:1002E000013B303B092B4DD9B8B10FE02F46B8E7A1
:1002F0003F4A801A0BFA00F0184304903D46D3E7BA
:10030000039A111D12680391002A01DB079204E091
:10031000524243F00203079204933B782E2B0CD1F8
:100320007B782A2B33D1039B1A1D1B680392002B69
:10033000B8BF4FF0FF33023705932E4D39780322B3
:100340002846FFF7ADFB38B14023401B03FA00F00D
:10035000049B034301370493397827488DF828100C
:1003600006227E1CFFF79CFB002838D0234B13BBD2
:10037000039B073323F0070308330393099B4B4484
:1003800009936DE705FB023201200F46A6E7002323
:100390000137059319460A25384610F8012B303AE3
:1003A000092A03D9002BC8D00591C6E705FB012116
:1003B00001230746F0E703AB00932246104B04A944
:1003C0004046FDF721FDB0F1FF3F8146D6D1A3891C
:1003D0005B063FF536AF09981DB0BDE8F08F03AB63
:1003E00000932246064B04A94046FDF7C3FFEAE707
:1003F000FA360400003704000437040009DE030065
:10040000650104001F2938B504460D4604D916239A
:1004100003604FF0FF3038BD426C12B152F821300A
:100420004BB9204600F030F82A4601462046BDE888
:10043000384000F017B8012B0AD0591C03D11623FD
:1004400003600120E7E7002442F82540284698474A
:100450000020E0E7024B01461868FFF7D3BF00BF5A
:100460007061002038B5074C002305460846114648
:10047000236000F0B7FB431C02D1236803B12B605B
:1004800038BD00BF1096002000F09CBB10B50C4694
:10049000B1F90E1000F09CF80028ABBF636DA38982
:1004A0001B1823F48053ACBF6365A38110BD2DE9F5
:1004B000F0411F468B89DB0505460C46164605D5DF
:1004C00002230022B1F90E1000F068F8A389B4F9F4
:1004D0000E1023F48053A38132463B462846BDE8E4
:1004E000F04100F017B810B50C46B1F90E1000F04D
:1004F00055F8431CA38915BF606523F4805343F46A
:100500008053A38118BFA38110BDB1F90E1000F074
:1005100013B8000038B5074C0546084611460022BE
:1005200022601A46F7F79CFC431C02D1236803B1F2
:100530002B6038BD1096002038B5064C00230546C8
:100540000846236000F02EFB431C02D1236803B150
:100550002B6038BD1096002038B5074C00230546A7
:1005600008461146236000F025FB431C02D1236896
:1005700003B12B6038BD00BF1096002038B5064C83
:10058000002305460846236000F024FB431C02D1EB
:10059000236803B12B6038BD1096002038B5074C96
:1005A000054608461146002222601A4600F022FB4A
:1005B000431C02D1236803B12B6038BD1096002084
:1005C00051F8043C181F002BBCBF0B58C0187047D3
:1005D00038B5074C054608461146002222601A46E7
:1005E00000F010FB431C02D1236803B12B6038BD1F
:1005F0001096002070B54FF0FF0C4CF4E06C1CEA34
:1006000011541DBF1CEA135594EA0C0F95EA0C0F08
:1006100000F0DEF82C4481EA030621EA4C5123EA7B
:100620004C5350EA013518BF52EA033541F48011AA
:1006300043F4801338D0A0FB02CE4FF00005E1FB5D
:1006400002E506F00042E0FB03E54FF00006E1FBA7
:1006500003569CF0000F18BF4EF0010EA4F1FF04EA
:10066000B6F5007F64F5407404D25FEA4E0E6D412A
:1006700046EB060642EAC62141EA55514FEAC5203B
:1006800040EA5E504FEACE2EB4F1FD0C88BFBCF5B7
:10069000E06F1ED8BEF1004F08BF5FEA500E50F168
:1006A000000041EB045170BD06F0004646EA01012E
:1006B00040EA020081EA0301B4EB5C04C2BFD4EB60
:1006C0000C0541EA045170BD41F480114FF0000E59
:1006D000013C00F3AB8014F1360FDEBF002001F0C7
:1006E000004170BDC4F10004203C35DA0C341BDC41
:1006F00004F11404C4F1200500FA05F320FA04F013
:1007000001FA05F240EA020001F0004221F0004146
:1007100010EBD37021FA04F642EB06015EEA430EB9
:1007200008BF20EAD37070BDC4F10C04C4F12005E9
:1007300000FA04F320FA05F001FA04F240EA02009C
:1007400001F0004110EBD37041F100015EEA430E6D
:1007500008BF20EAD37070BDC4F1200500FA05F28D
:100760004EEA020E20FA04F301FA05F243EA02030C
:1007700021FA04F001F0004121FA04F220EA02001B
:1007800000EBD3705EEA430E08BF20EAD37070BD61
:1007900094F0000F0FD101F00046400041EB010141
:1007A00011F4801F08BF013CF7D041EA060195F023
:1007B000000F18BF704703F00046520043EB0303DD
:1007C00013F4801F08BF013DF7D043EA06037047CA
:1007D00094EA0C0F0CEA135518BF95EA0C0F0CD0D5
:1007E00050EA410618BF52EA4306D1D181EA03011B
:1007F00001F000414FF0000070BD50EA410606BF15
:100800001046194652EA430619D094EA0C0F02D159
:1008100050EA013613D195EA0C0F05D152EA03369E
:100820001CBF104619460AD181EA030101F00041BC
:1008300041F0FE4141F470014FF0000070BD41F005
:10084000FE4141F4780170BD70B54FF0FF0C4CF4DF
:10085000E06C1CEA11541DBF1CEA135594EA0C0FFE
:1008600095EA0C0F00F0A7F8A4EB050481EA030E4B
:1008700052EA03354FEA013100F088804FEA033332
:100880004FF0805545EA131343EA12634FEA022200
:1008900045EA111545EA10654FEA00260EF00041C1
:1008A0009D4208BF964244F1FD0404F5407402D213
:1008B0005B084FEA3202B61A65EB03055B084FEAA4
:1008C00032024FF480104FF4002CB6EB020E75EBA1
:1008D000030E22BFB61A754640EA0C005B084FEAC9
:1008E0003202B6EB020E75EB030E22BFB61A754646
:1008F00040EA5C005B084FEA3202B6EB020E75EB91
:10090000030E22BFB61A754640EA9C005B084FEA08
:100910003202B6EB020E75EB030E22BFB61A754615
:1009200040EADC0055EA060E18D04FEA051545EA04
:1009300016754FEA06164FEAC30343EA52734FEAAD
:10094000C2025FEA1C1CC0D111F4801F0BD141EA26
:1009500000014FF000004FF0004CB6E711F4801F8B
:1009600004BF01430020B4F1FD0C88BFBCF5E06F6B
:100970003FF6AFAEB5EB030C04BFB6EB020C5FEA7B
:10098000500C50F1000041EB045170BD0EF0004ED0
:100990004EEA113114EB5C04C2BFD4EB0C0541EA02
:1009A000045170BD41F480114FF0000E013C90E6FF
:1009B00045EA060E8DE60CEA135594EA0C0F08BFC3
:1009C00095EA0C0F3FF43BAF94EA0C0F0AD150EAC2
:1009D00001347FF434AF95EA0C0F7FF425AF104655
:1009E00019462CE795EA0C0F06D152EA03353FF47D
:1009F000FDAE1046194622E750EA410618BF52EAFA
:100A000043067FF4C5AE50EA41047FF40DAF52EACD
:100A100043057FF4EBAE12E74FF0FF3C06E000BF6A
:100A20004FF0010C02E000BF4FF0010C4DF804CD77
:100A30004FEA410C7FEA6C5C4FEA430C18BF7FEA37
:100A40006C5C1BD001B050EA410C0CBF52EA430C65
:100A500091EA030F02BF90EA020F0020704710F1E5
:100A6000000F91EA030F58BF994208BF90422CBF74
:100A7000D8176FEAE37040F0010070474FEA410C6D
:100A80007FEA6C5C02D150EA013C07D14FEA430C8B
:100A90007FEA6C5CD6D152EA033CD3D05DF8040BFC
:100AA000704700BF8446104662468C46194663462E
:100AB00000E000BF01B5FFF7B7FF002848BF10F105
:100AC000000F01BD4DF808EDFFF7F4FF0CBF01204A
:100AD00000205DF808FB00BF4DF808EDFFF7EAFFC6
:100AE00034BF012000205DF808FB00BF4DF808ED81
:100AF000FFF7E0FF94BF012000205DF808FB00BF76
:100B00004DF808EDFFF7CEFF94BF012000205DF8FF
:100B100008FB00BF4DF808EDFFF7C4FF34BF01200C
:100B200000205DF808FB00BF4FEA410C7FEA6C5CD7
:100B300002D150EA013C0AD14FEA430C7FEA6C5CD7
:100B400002D152EA033C02D14FF0000070474FF04F
:100B5000010070474FEA410212F5001215D211D57B
:100B60006FF47873B3EB625212D94FEAC12343F0AA
:100B7000004343EA505311F0004F23FA02F018BF2C
:100B8000404270474FF00000704750EA013005D1F5
:100B900011F0004008BF6FF0004070474FF00000B8
:100BA000704700BF024B58221A604FF0FF30704769
:100BB00010960020024B58221A604FF0FF30704709
:100BC00010960020024B58221A604FF0FF307047F9
:100BD00010960020024B58221A600020704700BF78
:100BE00010960020024B58221A604FF0FF307047D9
:100BF00010960020024B58221A604FF0FF307047C9
:100C000010960020024B58221A604FF0FF307047B8
:100C100010960020FEE700BFF8B500BFF8BC08BC86
:100C20009E467047F8B500BFF8BC08BC9E467047AA
:100C300054696E795553422053657269616C0000A6
:100C40000000000000000000C9740200817402006E
:100C500071740200E9730200357402000974020025
:100C600065740200ED720200F0FFFFFF000000005B
:100C7000E173020012010002000000408628448057
:100C8000000101020301000009020900000100A0A7
:100C90003200000030313233343536373839414292
:100CA0004344454653656565642053747564696FB4
:100CB000000000005849414F206E5246353238340A
:100CC00030000000416461667275697400000000C4
:100CD0004D6173732053746F72616765000000008B
:100CE000312E30007573626400000000050F39007A
:100CF000021810050038B60834A909A0478BFDA0DA
:100D0000768815B665000101011C100500DF60DD65
:100D1000D88945C74C9CD2659D9E648A9F0000037C
:100D200006B2000200000000F17E0200657F0200B2
:100D3000917F0200858002004581020000000000D2
:100D4000958A0200A58A0200B58A0200498B02003A
:100D5000818C020000000000CD820200DD820200D2
:100D6000ED820200A9830200A185020000000000BC
:100D70002586020081860200A9860200C187020042
:100D8000C587020000000000F19202004D930200AE
:100D90006D9302003D7C02005594020000000000AB
:100DA0000000000000000000F1BE0200F5BE0200DD
:100DB0002E2E00002F0000000000000000000000A8
:100DC00071C20200F1C00200F9790200A1C1020063
:100DD00015C2020031C10200E5C102006C66735FFA
:100DE00063616368655F7265616400006C66735F70
:100DF00063616368655F70726F6700006C66735F44
:100E000063747A5F66696E64000000006C66735FED
:100E100063747A5F657874656E6400006C66735FF6
:100E200066696C655F73796E630000006C66735F62
:100E300072656D6F766500006C66735F696E6974CC
:100E4000000000007063616368652D3E626C6F6333
:100E50006B203D3D20307866666666666666660095
:100E6000626C6F636B203C206C66732D3E6366671B
:100E70002D3E626C6F636B5F636F756E7400000074
:100E8000433A5C55736572735C4A75616E204D65BB
:100E90006E615C2E706C6174666F726D696F5C70F0
:100EA00061636B616765735C6672616D65776F72B4
:100EB0006B2D61726475696E6F61646166727569CC
:100EC000746E726635325C6C6962726172696573E8
:100ED0005C41646166727569745F4C6974746C65B9
:100EE00046535C7372635C6C6974746C6566735CA6
:100EF0006C66732E6300000068656164203E3D20CF
:100F0000322026262068656164203C3D206C667393
:100F10002D3E6366672D3E626C6F636B5F636F751A
:100F20006E740000656E7472792E642E747970652B
:100F3000203D3D204C46535F545950455F52454734
:100F4000000000006E626C6F636B203E3D2032201B
:100F50002626206E626C6F636B203C3D206C6673AE
:100F60002D3E6366672D3E626C6F636B5F636F75CA
:100F70006E7400006C66732D3E6366672D3E6C6F69
:100F80006F6B61686561642025203332203D3D2010
:100F9000300000006C66732D3E6366672D3E6C6FFB
:100FA0006F6B6168656164203E2030006C66732D54
:100FB0003E6366672D3E70726F675F73697A652066
:100FC00025206C66732D3E6366672D3E72656164F5
:100FD0005F73697A65203D3D203000006C66732D9B
:100FE0003E6366672D3E626C6F636B5F73697A6503
:100FF0002025206C66732D3E6366672D3E70726FF0
:10100000675F73697A65203D3D203000342A6C6645
:10101000735F6E70773228307866666666666666DD
:1010200066202F20286C66732D3E6366672D3E6216
:101030006C6F636B5F73697A652D322A34292920BE
:101040003C3D206C66732D3E6366672D3E626C6F7F
:10105000636B5F73697A65006C6974746C65667341
:101060000000000072657300000000006410B71DEE
:10107000C8206E3BAC30D9269041DC76F4516B6BC6
:101080005861B24D3C7105502083B8ED44930FF088
:10109000E8A3D6D68CB361CBB0C2649BD4D2D3863E
:1010A00078E20AA01CF2BDBD0000000000000000B4
:1010B00015190300291903000000000000000000BA
:1010C0006D200300952003000000000000000000D8
:1010D000652503006D250300912503000000000035
:1010E0000000000021260300452603001000180020
:1010F0000000C8000000000000000000C93E03001E
:10110000CD3E0300341104003C11040044110400DE
:10111000581104000100000711000000D8ECF0F4A1
:10112000F8FC00020304050607080000424C4500D5
:10113000534F43005075626C6963000053746174CF
:101140006963000050726976617465205265736F3F
:101150006C7661626C65000050726976617465201E
:101160004E6F6E205265736F6C7661626C65000025
:101170002F61646166727569742F626F6E645F704F
:101180007270682F25303258253032582530325849
:1011900025303258253032582530325800000000B2
:1011A0002F61646166727569742F626F6E645F632C
:1011B0006E74722F2530325825303258253032580F
:1011C0002530325825303258253032580000000082
:1011D0002F61646166727569742F626F6E645F70EF
:1011E000727068002F61646166727569742F626F36
:1011F0006E645F636E747200253032583A25303267
:10120000583A253032583A253032583A253032583B
:101210003A2530325800000061626364656661629D
:101220002D313233342D353637382D313233342D9C
:101230006162636465666162636465660000000004
:101240005B5343414E5D200020727373693D000083
:101250002020206E616D653D000000003132333486
:10126000353637382D313233342D313233342D3158
:101270003233342D313233343536373839306162D8
:101280000000000045535033325F41005B434C493E
:10129000454E545D2054617267657420766973749D
:1012A0006F202D3E20636F6E656374616E646F0006
:1012B0005B434C49454E545D20436F6E65637461DA
:1012C000646F2C206465736375627269656E646F08
:1012D00020736572766963696F2F636861722E2E61
:1012E0002E0000005B434C49454E545D205365720F
:1012F000766963696F2F63686172206E6F20656E17
:10130000636F6E747261646F732C20646573636FB6
:101310006E6563746F0000005B434C49454E545D3D
:1013200020456E6C6163652073656775726F206C14
:101330006973746F000000005B434C49454E545D77
:1013400020446573636F6E65637461646F207265BA
:1013500061736F6E3D3078005B434C49454E545D80
:1013600020506173736B657920736F6C6963697466
:1013700061646F202D3E20656E766961646F203157
:1013800032333435360000005B434C49454E545DE2
:101390002050616972696E67207374617475733D62
:1013A000307800003A0000004144433A256420565A
:1013B0006F6C746167653A252E3366562070483A23
:1013C000252E3266000000005B434C49454E545DBB
:1013D000200000005B434C49454E545D2077726904
:1013E00074652062797465733D0000005B434C496D
:1013F000454E545D20496E697420426C7565667275
:10140000756974005849414F5F54455354000000BA
:10141000546D725100000000546D722053766300C9
:101420006C6F6F700000000043616C6C6261636BF5
:10143000000000004661696C20746F206163717563
:10144000697265206D757465780A00004661696C83
:1014500020746F2072656C65617365206D757465AD
:10146000780A00004661696C20746F20696E6372AF
:101470006561736520504D20636F756E7465720AE7
:10148000000000004661696C20746F20646563721F
:101490006561736520504D20636F756E7465720AC7
:1014A00000000000000102030405060708090A0BFA
:1014B0000C0D0E0F101112131415161718191A1BF4
:1014C0001C1D1E1FC6A13B37878F5B826F4F816239
:1014D000A1C8D8799503E3A2245A2BE43C9874ED73
:1014E000FE1BED9EF29000B62A499FD0A9F39A6A9E
:1014F000DD2E77809DBA41A777F3B46A37B7AAAEDD
:1015000049D6DF8D2F7A3C600708D124ACD3C5DEE5
:101510003B6584470000000001000000030000005C
:1015200002000000FFFFFFFF070000004661696C3A
:1015300020746F206765742054524E4720636861A1
:10154000726163746572697A6174696F6E2070612B
:1015500072616D6574657273200A00004661696C82
:1015600020746F206372656174652053594D206D3E
:10157000757465780A0000004661696C20746F20FC
:10158000637265617465204153594D206D757465B2
:10159000780A00004661696C656420746F2063728C
:1015A0006561746520506F776572206D757465781C
:1015B0000A0000004661696C20746F2063726561E7
:1015C00074652047656E566563206D757465780A8D
:1015D0000000000043616E277420696E69746961C0
:1015E0006C697A65206D757465782C20776173203D
:1015F0004E554C4C0D0A000043616E2774206C6FF1
:10160000636B206D757465782C20776173204E555F
:101610004C4C0D0A0000000043616E277420756E6B
:101620006C6F636B206D757465782C207761732007
:101630004E554C4C0D0A0000536153695F48616C74
:1016400057616974496E7465727275707420636154
:101650006E74207761697420666F72206E6F746893
:10166000696E670A00000000000102030405060716
:1016700008090A0B0C0D0E0F101112131415161772
:1016800018191A1B1C1D1E1FF5CF0300FDCF0300E8
:1016900005D003000DD0030015D003001DD00300BA
:1016A00025D003002DD0030035D003003DD003002A
:1016B00045D003000000000073ACFFFFFEFFFFFFFA
:1016C000FFFFFFFFFFFFFFFFFFFFFFFF0000000026
:1016D000000000000000000000000000000000000A
:1016E00000000000000000000000000000000000FA
:1016F00000000000000000000000000000000000EA
:1017000000000000000000000000000000000000D9
:1017100000000000000000000000000000000000C9
:1017200000000000000000000000000000000000B9
:1017300000000000000000000000000000000000A9
:101740000000000000000000070000000000000092
:101750000000000000000000000000000000000089
:101760000000000000000000000000000000000079
:101770000000000000000000000000000000000069
:101780000000000000000000000000000000000059
:10179000B3B616CA9AABDF16FAB801000000000013
:1017A0000000000001000000000000000000000038
:1017B0000000000000000000000000000000000029
:1017C0000000000000000000000000000000000019
:1017D000000000000000000000000000BB7E4DDDA6
:1017E000F5F43630769E01A492A17AE32C384C3B76
:1017F00000000000000000000000000000000000E9
:1018000000000000000000000000000000000000D8
:1018100000000000000000000000000000000000C8
:1018200000000000EE4F3CF0C33317538682C26BBA
:10183000EDDC8F3135F98C930000000000000000D2
:101840000000000000000000000000000000000098
:101850000000000000000000000000000000000088
:101860000000000000000000000000000100000077
:1018700000000000000000008000000000000000E8
:1018800000000000FFFFFFFFFFFFFFFFFF00000061
:101890000000000000000000000000000000000048
:1018A0000000000000000000000000000000000038
:1018B0000000000000000000000000000000000028
:1018C0000000000000000000000000000000000018
:1018D0000000000000000000000000000000000008
:1018E00000000000000000000000000000000000F8
:1018F00000000000000000000000000000000000E8
:1019000000000000000000000000000000000000D7
:1019100000000000000000000000000000000000C7
:1019200000000000000000000000000000000000B7
:1019300000000000000000000000000000000000A7
:101940000000000000000000000000000000000097
:101950000000000000000000000000000000000087
:101960000000000000000000000000000000000077
:10197000A0000000A1000000050000000000000021
:10198000534543475F5052494D455F3136304B31E7
:1019900000000000FFFFFF7FFFFFFFFFFFFFFFFFD3
:1019A000FFFFFFFFFFFFFFFF00000000000000003F
:1019B0000000000000000000000000000000000027
:1019C0000000000000000000000000000000000017
:1019D000000000000000000000000000FCFFFF7F8E
:1019E000FFFFFFFFFFFFFFFFFFFFFFFFFFFFFFFF07
:1019F00000000000000000000000000000000000E7
:101A000000000000000000000000000000000000D6
:101A100000000000000000000000000000000000C6
:101A20000000000045FA65C5ADD4D4819FF8AC65CF
:101A30008B7ABD54FCBE971C000000000000000023
:101A40000000000000000000000000000000000096
:101A50000000000000000000000000000000000086
:101A6000000000000000000000000000572275CABE
:101A7000D3AE27F9C8F40100000000000000000008
:101A80000100000000000000000000000000000055
:101A90000000000000000000000000000000000046
:101AA0000000000000000000000000000000000036
:101AB000000000000000000082FCCB13B98BC3685B
:101AC000896964462873F58E68B5964A000000005F
:101AD0000000000000000000000000000000000006
:101AE00000000000000000000000000000000000F6
:101AF00000000000000000000000000000000000E6
:101B000032FBC57A3751230412C9DC597D94683100
:101B10005528A6230000000000000000000000007F
:101B200000000000000000000000000000000000B5
:101B300000000000000000000000000000000000A5
:101B40000000000000000000010000000000000094
:101B50000000000080000000000000000000000005
:101B6000FFFFFFFFFFFFFFFFFF000000000000007E
:101B70000000000000000000000000000000000065
:101B80000000000000000000000000000000000055
:101B90000000000000000000000000000000000045
:101BA0000000000000000000000000000000000035
:101BB0000000000000000000000000000000000025
:101BC0000000000000000000000000000000000015
:101BD0000000000000000000000000000000000005
:101BE00000000000000000000000000000000000F5
:101BF00000000000000000000000000000000000E5
:101C000000000000000000000000000000000000D4
:101C100000000000000000000000000000000000C4
:101C200000000000000000000000000000000000B4
:101C300000000000000000000000000000000000A4
:101C4000000000000000000000000000A0000000F4
:101C5000A1000000050000000100000053454347BB
:101C60005F5052494D455F3136305231000000001F
:101C700073ACFFFFFEFFFFFFFFFFFFFFFFFFFFFF54
:101C8000FFFFFFFF00000000000000000000000058
:101C90000000000000000000000000000000000044
:101CA0000000000000000000000000000000000034
:101CB000000000000000000070ACFFFFFEFFFFFF0F
:101CC000FFFFFFFFFFFFFFFFFFFFFFFF0000000020
:101CD0000000000000000000000000000000000004
:101CE00000000000000000000000000000000000F4
:101CF00000000000000000000000000000000000E4
:101D0000BA8803F55A4D6604492757AB8BEB59FB4C
:101D1000D334E1B400000000000000000000000027
:101D200000000000000000000000000000000000B3
:101D300000000000000000000000000000000000A3
:101D400000000000000000006BA1A1F318A886E7C6
:101D50001E3500000000000000000000010000002F
:101D60000000000000000000000000000000000073
:101D70000000000000000000000000000000000063
:101D80000000000000000000000000000000000053
:101D9000000000006DCE44319D19F7301BF14F1F3C
:101DA0007E113A2934B0DC5200000000000000002F
:101DB0000000000000000000000000000000000023
:101DC0000000000000000000000000000000000013
:101DD0000000000000000000000000002E3FD4A71B
:101DE000FE2C98F90DFA71E096F231E3F2FEAFFEA7
:101DF00000000000000000000000000000000000E3
:101E000000000000000000000000000000000000D2
:101E100000000000000000000000000000000000C2
:101E200000000000010000000000000000000000B1
:101E3000800000000000000000000000FFFFFFFF26
:101E4000FFFFFFFFFF000000000000000000000097
:101E50000000000000000000000000000000000082
:101E60000000000000000000000000000000000072
:101E70000000000000000000000000000000000062
:101E80000000000000000000000000000000000052
:101E90000000000000000000000000000000000042
:101EA0000000000000000000000000000000000032
:101EB0000000000000000000000000000000000022
:101EC0000000000000000000000000000000000012
:101ED0000000000000000000000000000000000002
:101EE00000000000000000000000000000000000F2
:101EF00000000000000000000000000000000000E2
:101F000000000000000000000000000000000000D1
:101F100000000000000000000000000000000000C1
:101F20000000000000000000A0000000A100000070
:101F30000500000002000000534543475F5052492E
:101F40004D455F31363052320000000037EEFFFF62
:101F5000FEFFFFFFFFFFFFFFFFFFFFFFFFFFFFFF92
:101F6000FFFFFFFF00000000000000000000000075
:101F70000000000000000000000000000000000061
:101F80000000000000000000000000000000000051
:101F90000000000000000000000000000000000041
:101FA0000000000000000000000000000000000031
:101FB0000000000000000000000000000000000021
:101FC0000000000000000000000000000000000011
:101FD00000000000000000000000000003000000FE
:101FE00000000000000000000000000000000000F1
:101FF00000000000000000000000000000000000E1
:1020000000000000000000000000000000000000D0
:1020100000000000000000000000000000000000C0
:10202000000000008DFDDE746A46690F17FCF22681
:10203000FEFFFFFFFFFFFFFFFFFFFFFF00000000AD
:102040000000000000000000000000000000000090
:102050000000000000000000000000000000000080
:102060000000000000000000000000000000000070
:102070007D6CE0EAB1D1A51D34F4B780027DB026B5
:10208000AEE957C00EF14FDB000000000000000079
:102090000000000000000000000000000000000040
:1020A0000000000000000000000000000000000030
:1020B00000000000000000009D2F5ED988AA824029
:1020C0003486BE15D0634184A728569C6D2F2F9B64
:1020D0000000000000000000000000000000000000
:1020E00000000000000000000000000000000000F0
:1020F00000000000000000000000000000000000E0
:10210000010000000000000000000000800000004E
:1021100000000000000000000000000000000000BF
:10212000800000000000000000000000000000002F
:10213000000000000000000000000000000000009F
:10214000000000000000000000000000000000008F
:10215000000000000000000000000000000000007F
:10216000000000000000000000000000000000006F
:10217000000000000000000000000000000000005F
:10218000000000000000000000000000000000004F
:10219000000000000000000000000000000000003F
:1021A000000000000000000000000000000000002F
:1021B000000000000000000000000000000000001F
:1021C000000000000000000000000000000000000F
:1021D00000000000000000000000000000000000FF
:1021E00000000000000000000000000000000000EF
:1021F00000000000000000000000000000000000DF
:1022000000000000C0000000C00000000500000049
:1022100003000000534543475F5052494D455F312D
:1022200039324B3100000000FFFFFFFFFFFFFFFFCF
:10223000FEFFFFFFFFFFFFFFFFFFFFFFFFFFFFFFAF
:10224000000000000000000000000000000000008E
:10225000000000000000000000000000000000007E
:10226000000000000000000000000000000000006E
:10227000FCFFFFFFFFFFFFFFFEFFFFFFFFFFFFFF72
:10228000FFFFFFFFFFFFFFFF000000000000000056
:10229000000000000000000000000000000000003E
:1022A000000000000000000000000000000000002E
:1022B0000000000000000000B1B946C1ECDEB8FE2D
:1022C00049302472ABE9A70FE7809CE5190521642A
:1022D00000000000000000000000000000000000FE
:1022E00000000000000000000000000000000000EE
:1022F00000000000000000000000000000000000DE
:102300003128D2B4B1C96B1436F8DE99FFFFFFFF54
:10231000FFFFFFFFFFFFFFFF0000000000000000C5
:1023200000000000000000000000000000000000AD
:10233000000000000000000000000000000000009D
:102340000000000000000000000000001210FF82EA
:10235000FD0AFFF40088A143EB20BF7CF69030B06B
:102360000EA88D1800000000000000000000000012
:10237000000000000000000000000000000000005D
:10238000000000000000000000000000000000004D
:10239000000000001148791EA177F973D5CD246B98
:1023A000ED11106378DAC8FF952B190700000000C3
:1023B000000000000000000000000000000000001D
:1023C000000000000000000000000000000000000D
:1023D00000000000000000000000000001000000FC
:1023E000000000000000000080000000000000006D
:1023F000000000000000000000000000800000005D
:1024000000000000000000000000000000000000CC
:1024100000000000000000000000000000000000BC
:1024200000000000000000000000000000000000AC
:10243000000000000000000000000000000000009C
:10244000000000000000000000000000000000008C
:10245000000000000000000000000000000000007C
:10246000000000000000000000000000000000006C
:10247000000000000000000000000000000000005C
:10248000000000000000000000000000000000004C
:10249000000000000000000000000000000000003C
:1024A000000000000000000000000000000000002C
:1024B000000000000000000000000000000000001C
:1024C000000000000000000000000000000000000C
:1024D00000000000000000000000000000000000FC
:1024E000C0000000C0000000050000000400000063
:1024F000534543475F5052494D455F313932523160
:10250000000000006DE5FFFFFEFFFFFFFFFFFFFF84
:10251000FFFFFFFFFFFFFFFFFFFFFFFFFFFFFFFFCB
:1025200000000000000000000000000000000000AB
:10253000000000000000000000000000000000009B
:10254000000000000000000000000000000000008B
:10255000000000000000000000000000000000007B
:10256000000000000000000000000000000000006B
:10257000000000000000000000000000000000005B
:10258000000000000000000000000000000000004B
:102590000000000005000000000000000000000036
:1025A000000000000000000000000000000000002B
:1025B000000000000000000000000000000000001B
:1025C000000000000000000000000000000000000B
:1025D000000000000000000000000000F7B19F763E
:1025E00071A9F0CA8461ECD2E8DC010000000000AF
:1025F00000000000000000000100000000000000DA
:1026000000000000000000000000000000000000CA
:1026100000000000000000000000000000000000BA
:1026200000000000000000005CA4B7B60E657E0F3D
:10263000A97570E4E967A469A128FC30DF99F04D21
:10264000335B45A100000000000000000000000016
:10265000000000000000000000000000000000007A
:10266000000000000000000000000000000000006A
:10267000A5616D55DB4BCAE259BDB0C0F719E3F750
:10268000D6FBCA824234BA7FED9F087E000000006C
:10269000000000000000000000000000000000003A
:1026A000000000000000000000000000000000002A
:1026B0000000000000000000010000000000000019
:1026C000000000008000000000000000000000008A
:1026D000FFFFFFFFFFFFFFFFFF0000000000000003
:1026E00000000000000000000000000000000000EA
:1026F00000000000000000000000000000000000DA
:1027000000000000000000000000000000000000C9
:1027100000000000000000000000000000000000B9
:1027200000000000000000000000000000000000A9
:102730000000000000000000000000000000000099
:102740000000000000000000000000000000000089
:102750000000000000000000000000000000000079
:102760000000000000000000000000000000000069
:102770000000000000000000000000000000000059
:102780000000000000000000000000000000000049
:102790000000000000000000000000000000000039
:1027A0000000000000000000000000000000000029
:1027B000000000000000000000000000E000000039
:1027C000E1000000050000000500000053454347FC
:1027D0005F5052494D455F3232344B3100000000AA
:1027E000010000000000000000000000FFFFFFFFEC
:1027F000FFFFFFFFFFFFFFFFFFFFFFFF00000000E5
:1028000000000000000000000000000000000000C8
:1028100000000000000000000000000000000000B8
:102820000000000000000000FEFFFFFFFFFFFFFFB1
:10283000FFFFFFFFFEFFFFFFFFFFFFFFFFFFFFFFA9
:10284000FFFFFFFF0000000000000000000000008C
:102850000000000000000000000000000000000078
:102860000000000000000000000000000000000068
:10287000B4FF552343390B27BAD8BFD7B7B044505C
:10288000563241F5ABB3040C850A05B400000000D4
:102890000000000000000000000000000000000038
:1028A0000000000000000000000000000000000028
:1028B00000000000000000003D2A5C5C4529DD139B
:1028C0003EF0B8E0A216FFFFFFFFFFFFFFFFFFFF94
:1028D000FFFFFFFF000000000000000000000000FC
:1028E00000000000000000000000000000000000E8
:1028F00000000000000000000000000000000000D8
:1029000000000000211D5C11D68032342211C25615
:10291000D3C1034AB99013327FBFB46BBD0C0EB75D
:1029200000000000000000000000000000000000A7
:102930000000000000000000000000000000000097
:10294000000000000000000000000000347E008550
:102950009981D5446447075AA07543CDE6DF224CE0
:10296000FB23F7B5886337BD0000000000000000BE
:102970000000000000000000000000000000000057
:102980000000000000000000000000000000000047
:102990000000000001000000000000000000000036
:1029A00080000000000000000000000000000000A7
:1029B0000000000080000000000000000000000097
:1029C0000000000000000000000000000000000007
:1029D00000000000000000000000000000000000F7
:1029E00000000000000000000000000000000000E7
:1029F00000000000000000000000000000000000D7
:102A000000000000000000000000000000000000C6
:102A100000000000000000000000000000000000B6
:102A200000000000000000000000000000000000A6
:102A30000000000000000000000000000000000096
:102A40000000000000000000000000000000000086
:102A50000000000000000000000000000000000076
:102A60000000000000000000000000000000000066
:102A70000000000000000000000000000000000056
:102A80000000000000000000000000000000000046
:102A90000000000000000000E0000000E000000076
:102AA0000500000006000000534543475F505249AF
:102AB0004D455F3232345231000000002FFCFFFFE1
:102AC000FEFFFFFFFFFFFFFFFFFFFFFFFFFFFFFF17
:102AD000FFFFFFFFFFFFFFFFFFFFFFFF0000000002
:102AE00000000000000000000000000000000000E6
:102AF00000000000000000000000000000000000D6
:102B000000000000000000000000000000000000C5
:102B100000000000000000000000000000000000B5
:102B200000000000000000000000000000000000A5
:102B30000000000000000000000000000000000095
:102B4000000000000000000000000000070000007E
:102B50000000000000000000000000000000000075
:102B60000000000000000000000000000000000065
:102B70000000000000000000000000000000000055
:102B80000000000000000000000000000000000045
:102B900000000000414136D08C5ED2BF3BA048AF60
:102BA000E6DCAEBAFEFFFFFFFFFFFFFFFFFFFFFF08
:102BB000FFFFFFFF00000000000000000000000019
:102BC0000000000000000000000000000000000005
:102BD00000000000000000000000000000000000F5
:102BE0009817F8165B81F259D928CE2DDBFC9B0291
:102BF000070B87CE9562A055ACBBDCF97E66BE792B
:102C000000000000000000000000000000000000C4
:102C100000000000000000000000000000000000B4
:102C20000000000000000000B8D410FB8FD0479CCB
:102C3000195485A648B417FDA808110EFCFBA45D25
:102C400065C4A32677DA3A480000000000000000BF
:102C50000000000000000000000000000000000074
:102C60000000000000000000000000000000000064
:102C700001000000000000000000000080000000D3
:102C80000000000000000000000000000000000044
:102C900080000000000000000000000000000000B4
:102CA0000000000000000000000000000000000024
:102CB0000000000000000000000000000000000014
:102CC0000000000000000000000000000000000004
:102CD00000000000000000000000000000000000F4
:102CE00000000000000000000000000000000000E4
:102CF00000000000000000000000000000000000D4
:102D000000000000000000000000000000000000C3
:102D100000000000000000000000000000000000B3
:102D200000000000000000000000000000000000A3
:102D30000000000000000000000000000000000093
:102D40000000000000000000000000000000000083
:102D50000000000000000000000000000000000073
:102D60000000000000000000000000000000000063
:102D7000000000000001000000010000050000004C
:102D800007000000534543475F5052494D455F32AD
:102D900035364B3100000000FFFFFFFFFFFFFFFF54
:102DA000FFFFFFFF00000000000000000000000027
:102DB00001000000FFFFFFFF000000000000000016
:102DC0000000000000000000000000000000000003
:102DD00000000000000000000000000000000000F3
:102DE000FCFFFFFFFFFFFFFFFFFFFFFF00000000F2
:102DF000000000000000000001000000FFFFFFFFD6
:102E000000000000000000000000000000000000C2
:102E100000000000000000000000000000000000B2
:102E200000000000000000004B60D2273E3CCE3B7B
:102E3000F6B053CCB0061D65BC86987655BDEBB395
:102E4000E7933AAAD835C65A0000000000000000F7
:102E50000000000000000000000000000000000072
:102E60000000000000000000000000000000000062
:102E7000512563FCC2CAB9F3849E17A7ADFAE6BC1C
:102E8000FFFFFFFFFFFFFFFF00000000FFFFFFFF4E
:102E90000000000000000000000000000000000032
:102EA0000000000000000000000000000000000022
:102EB00000000000000000000000000096C298D84A
:102EC0004539A1F4A033EB2D817D0377F240A46353
:102ED000E5E6BCF847422CE1F2D1176B0000000098
:102EE00000000000000000000000000000000000E2
:102EF00000000000000000000000000000000000D2
:102F000000000000F551BF376840B6CBCE5E316B94
:102F10005733CE2B169E0F7C4AEBE78E9B7F1AFE13
:102F2000E242E34F0000000000000000000000004B
:102F30000000000000000000000000000000000091
:102F40000000000000000000000000000100000080
:102F5000FFFFFFFF7F000000800000000000000076
:102F600000000000FFFFFFFF7F0000008000000066
:102F70000000000000000000000000000000000051
:102F80000000000000000000000000000000000041
:102F90000000000000000000000000000000000031
:102FA0000000000000000000000000000000000021
:102FB0000000000000000000000000000000000011
:102FC0000000000000000000000000000000000001
:102FD00000000000000000000000000000000000F1
:102FE00000000000000000000000000000000000E1
:102FF00000000000000000000000000000000000D1
:1030000000000000000000000000000000000000C0
:1030100000000000000000000000000000000000B0
:1030200000000000000000000000000000000000A0
:103030000000000000000000000000000000000090
:103040000000000000000000000000000000000080
:103050000001000000010000050000000800000061
:10306000534543475F5052494D455F3235365231E3
:1030700000000000FFFFFFFF000000000000000054
:10308000FFFFFFFFFEFFFFFFFFFFFFFFFFFFFFFF51
:10309000FFFFFFFFFFFFFFFFFFFFFFFFFFFFFFFF40
:1030A000FFFFFFFF00000000000000000000000024
:1030B000000000000000000000000000FCFFFFFF17
:1030C0000000000000000000FFFFFFFFFEFFFFFF09
:1030D000FFFFFFFFFFFFFFFFFFFFFFFFFFFFFFFF00
:1030E000FFFFFFFFFFFFFFFFFFFFFFFF00000000EC
:1030F00000000000000000000000000000000000D0
:1031000000000000EF2AECD3EDC8852A9DD12E8A5D
:103110008D3956C65A8713508F081403124181FE09
:103120006E9C1D18192DF8E36B058E98E4E73EE2BE
:10313000A72F31B3000000000000000000000000D5
:103140000000000000000000000000007329C5CC52
:103150006A19ECEC7AA7B048B20D1A58DF2D37F493
:10316000814D63C7FFFFFFFFFFFFFFFFFFFFFFFF73
:10317000FFFFFFFFFFFFFFFFFFFFFFFF000000005B
:10318000000000000000000000000000000000003F
:103190000000000000000000B70A7672385E543A62
:1031A0006C2955BF5DF20255382A5482E041F75927
:1031B000989BA78B623B1D6E74AD20F31EC7B18E2A
:1031C00037058BBE22CA87AA00000000000000005D
:1031D00000000000000000000000000000000000EF
:1031E0005F0EEA907C1D437A9D817E1DCEB1600A00
:1031F000C0B8F0B51331DAE97C149A28BD1DF4F893
:1032000029DC9292BF989E5D6F2C26964ADE173677
:1032100000000000000000000000000000000000AE
:10322000000000000000000001000000000000009D
:10323000000000008000000000000000000000000E
:1032400000000000000000008000000000000000FE
:10325000000000000000000000000000000000006E
:10326000000000000000000000000000000000005E
:10327000000000000000000000000000000000004E
:10328000000000000000000000000000000000003E
:10329000000000000000000000000000000000002E
:1032A000000000000000000000000000000000001E
:1032B000000000000000000000000000000000000E
:1032C00000000000000000000000000000000000FE
:1032D00000000000000000000000000000000000EE
:1032E00000000000000000000000000000000000DE
:1032F00000000000000000000000000000000000CE
:1033000000000000000000000000000000000000BD
:1033100000000000000000000000000000000000AD
:10332000000000000000000000000000800100001C
:1033300080010000050000000900000053454347DC
:103340005F5052494D455F33383452310000000020
:10335000FFFFFFFFFFFFFFFFFFFFFFFFFFFFFFFF7D
:10336000FFFFFFFFFFFFFFFFFFFFFFFFFFFFFFFF6D
:10337000FFFFFFFFFFFFFFFFFFFFFFFFFFFFFFFF5D
:10338000FFFFFFFFFFFFFFFFFFFFFFFFFFFFFFFF4D
:10339000FF01000000000000FCFFFFFFFFFFFFFF38
:1033A000FFFFFFFFFFFFFFFFFFFFFFFFFFFFFFFF2D
:1033B000FFFFFFFFFFFFFFFFFFFFFFFFFFFFFFFF1D
:1033C000FFFFFFFFFFFFFFFFFFFFFFFFFFFFFFFF0D
:1033D000FFFFFFFFFFFFFFFFFF01000000000000F5
:1033E000003F506BD41F45EFF1342C3D88DF73351F
:1033F00007BFB13BBDC052167B937EEC51391956C5
:10340000E109F18E9189B4B8F315B3995B72DAA230
:10341000EE4085B6A0219A921F9A1C8E61B93E9506
:103420005100000000000000096438911EB76FBB16
:10343000AE479C89B8C9B53BD0A509F74801CC7FF8
:103440006B962FBF83878651FAFFFFFFFFFFFFFFB9
:10345000FFFFFFFFFFFFFFFFFFFFFFFFFFFFFFFF7C
:10346000FFFFFFFFFFFFFFFFFF0100000000000064
:103470000000000066BDE5C2317E7EF99B426A8590
:10348000C1B34833DEA8FFA227C11DFE2859E7EFCC
:10349000775E4BA1BA3D4D6B60AF28F821B53F0573
:1034A0003981649C42B4952366CB3E9ECDE90404E9
:1034B000B7068E85C6000000000000005066D19F50
:1034C0007694BE8840C272A286703C356107AD3FDB
:1034D00001B950C54026F45E9972EE972C663E27DE
:1034E00017BDAF1768449B574944F598D91B7D2CED
:1034F000B45F8A5C04C03B9A786A293918010000DD
:1035000000000000010000000000000000000000BA
:10351000800000000000000000000000000000002B
:10352000000000008000000000000000000000001B
:10353000000000000000000000000000000000008B
:10354000000000000000000000000000000000007B
:10355000000000000000000000000000000000006B
:10356000000000000000000000000000000000005B
:10357000000000000000000000000000000000004B
:10358000000000000000000000000000000000003B
:10359000000000000000000000000000000000002B
:1035A000000000000000000000000000000000001B
:1035B000000000000000000000000000000000000B
:1035C00000000000000000000000000000000000FB
:1035D00000000000000000000000000000000000EB
:1035E00000000000000000000000000000000000DB
:1035F00000000000000000000000000000000000CB
:1036000000000000000000000902000009020000A4
:10361000050000000A000000534543475F5052492F
:103620004D455F353231523100000000020000008C
:10363000030000001C0000001D000000040000004A
:10364000050000002B0000002C0000002D000000F1
:103650002E0000002F0000001A00000006000000ED
:103660001E0000000E000000280000001B000000EB
:10367000070000000B0000002A00000020000000EE
:10368000100000000D0000001100000015000000F7
:1036900019000000140000001800000016000000CF
:1036A00017000000090000000A0000001F000000D1
:1036B0002C2066756E6374696F6E3A2000617373B7
:1036C000657274696F6E2022257322206661696CB1
:1036D00065643A2066696C6520222573222C206C73
:1036E000696E65202564257325730A0074610020C6
:1036F0004300504F534958002E00232D302B2000FB
:10370000686C4C0065666745464700494E4600694F
:103710006E66004E414E006E616E003000303132F8
:103720003334353637383941424344454600303129
:103730003233343536373839616263646566000088
:103740002020202020202020202828282828202051
:103750002020202020202020202020202020202069
:1037600088101010101010101010101010101010E1
:1037700004040404040404040404101010101010C1
:10378000104141414141410101010101010101019A
:1037900001010101010101010101011010101010CE
:1037A000104242424242420202020202020202026B
:1037B0000202020202020202020202101010102093
:1037C00000000000000000000000000000000000F9
:1037D00000000000000000000000000000000000E9
:1037E00000000000000000000000000000000000D9
:1037F00000000000000000000000000000000000C9
:1038000000000000000000000000000000000000B8
:1038100000000000000000000000000000000000A8
:103820000000000000000000000000000000000098
:103830000000000000000000000000000000000088
:10384000496E66696E697479004E614E0000000031
:103850000000000000000000000000000000000068
:103860000000000000000000000000000000000058
:103870000000000000000000000000000000000048
:103880000000000000000000000000000000000038
:103890000000000000000000000000000000000028
:1038A0000000000000000000000000000000000018
:1038B0000080E03779C34143176E05B5B5B893462C
:1038C000F5F93FE9034F384D321D30F94877825AF8
:1038D0003CBF737FDD4F1575000000000000F03F16
:1038E00000000000000024400000000000005940DB
:1038F0000000000000408F40000000000088C3402E
:1039000000000000006AF8400000000080842E41A2
:1039100000000000D01263410000000084D79741EE
:103920000000000065CDCD41000000205FA00242F4
:10393000000000E876483742000000A2941A6D4269
:10394000000040E59C30A2420000901EC4BCD6425C
:1039500000003426F56B0C430080E03779C3414307
:1039600000A0D8855734764300C84E676DC1AB437D
:10397000003D9160E458E143408CB5781DAF15449B
:1039800050EFE2D6E41A4B4492D54D06CFF0804476
:10399000F64AE1C7022DB544B49DD9794378EA448B
:1039A00005000000190000007D000000000000007C
:0839B000A038FE7F01000000B9
:1039B800000000000A00000000000306B200080032
:1039C80001000000A800080002000000A000140088
:1039D800030057494E555342000000000000000004
:1039E80000008400040007002A00440065007600F7
:1039F80069006300650049006E007400650072008C
:103A080066006100630065004700550049004400F6
:103A18007300000050007B00390037003500460075
:103A280034003400440039002D00300044003000D8
:103A380038002D0034003300460044002D003800C3
:103A48004200330045002D003100320037004300AA
:103A58004100380041004600460046003900440055
:103A68007D0000000000000010000C00D46D002054
:103A7800000000000000000000000000000000003E
:103A8800000000000000000000000000000000002E
:103A9800000000000000000000000000000000001E
:103AA800000000000000000000000000000000000E
:103AB80000000000000000000000000000000000FE
:103AC80000000000991903007D1903005119030033
:103AD80045190300800000008000000080000000FD
:103AE800E00000008000000000000000000000006E
:103AF80000000000000000003D1C0300A91B03009B
:103B08009D1B03008D1B0300FFFFFFFF5471002066
:103B1800FFFF0000149600200090D0030A00000068
:103B28007461002000000000703804009038040020
:103B380050380400000000000000000000000000F1
:103B4800000000000000000000000000000000006D
:103B5800000000000000000000000000000000005D
:103B6800000000000000000000000000000000004D
:103B7800000000000000000000000000000000003D
:103B880000000000430000000000000000000000EA
:103B9800000000000000000000000000000000001D
:103BA80000000000430000000000000000000000CA
:103BB80000000000000000000000000000000000FD
:103BC80000000000430000000000000000000000AA
:103BD80000000000000000000000000000000000DD
:103BE800000000004300000000000000000000008A
:103BF80000000000000000000000000000000000BD
:103C08000000000043000000000000000000000069
:103C1800000000000000000000000000000000009C
:103C28000000000043000000000000000000000049
:103C3800000000000000000000000000000000007C
:103C48000000000043000000000000000000000029
:103C5800000000000000000000000000000000005C
:103C6800000000002DE9030079D8030000000000DF
:103C78003F370400F8360400EB360400EB36040046
:103C8800EB360400EB360400EB360400EB36040098
:103C9800EB360400EB360400EB360400FFFFFFFFB1
:103CA800FFFFFFFFFFFFFFFFFFFF00000100415381
:103CB8004349490000000000000000000000000027
:103CC8000000000000000000000000000000415358
:103CD8004349490000000000000000000000000007
:103CE80000000000000000000000000000000000CC
:103CF8000172020035720200BD75020055BD020056
:103D0800F1190300D5490300F154030011720200B0
:0400000330007D61EB
:00000001FF
